Copyright 1986-2022 Xilinx, Inc. All Rights Reserved. Copyright 2022-2025 Advanced Micro Devices, Inc. All Rights Reserved.
------------------------------------------------------------------------------------------------------------------------------------------------------------------------------------------------------------------
| Tool Version : Vivado v.2025.2 (win64) Build 6299465 Fri Nov 14 19:35:11 GMT 2025
| Date         : Wed Jan  7 15:43:59 2026
| Host         : LAPTOP-PLH30OIJ running 64-bit major release  (build 9200)
| Command      : report_timing_summary -max_paths 10 -report_unconstrained -file wrapped_timing_summary_routed.rpt -pb wrapped_timing_summary_routed.pb -rpx wrapped_timing_summary_routed.rpx -warn_on_violation
| Design       : wrapped
| Device       : 7z020-clg400
| Speed File   : -1  PRODUCTION 1.12 2019-11-22
| Design State : Routed
------------------------------------------------------------------------------------------------------------------------------------------------------------------------------------------------------------------

Timing Summary Report

------------------------------------------------------------------------------------------------
| Timer Settings
| --------------
------------------------------------------------------------------------------------------------

  Enable Multi Corner Analysis               :  Yes
  Enable Pessimism Removal                   :  Yes
  Pessimism Removal Resolution               :  Nearest Common Node
  Enable Input Delay Default Clock           :  No
  Enable Preset / Clear Arcs                 :  No
  Disable Flight Delays                      :  No
  Ignore I/O Paths                           :  No
  Timing Early Launch at Borrowing Latches   :  No
  Borrow Time for Max Delay Exceptions       :  Yes
  Merge Timing Exceptions                    :  Yes
  Inter-SLR Compensation                     :  Conservative

  Corner  Analyze    Analyze    
  Name    Max Paths  Min Paths  
  ------  ---------  ---------  
  Slow    Yes        Yes        
  Fast    Yes        Yes        


------------------------------------------------------------------------------------------------
| Report Methodology
| ------------------
------------------------------------------------------------------------------------------------

Rule       Severity  Description                    Violations  
---------  --------  -----------------------------  ----------  
DPIR-1     Warning   Asynchronous driver check      40          
TIMING-16  Warning   Large setup violation          54          
TIMING-18  Warning   Missing input or output delay  9           

Note: This report is based on the most recent report_methodology run and may not be up-to-date. Run report_methodology on the current design for the latest report.



check_timing report

Table of Contents
-----------------
1. checking no_clock (0)
2. checking constant_clock (0)
3. checking pulse_width_clock (0)
4. checking unconstrained_internal_endpoints (0)
5. checking no_input_delay (5)
6. checking no_output_delay (4)
7. checking multiple_clock (0)
8. checking generated_clocks (0)
9. checking loops (0)
10. checking partial_input_delay (0)
11. checking partial_output_delay (0)
12. checking latch_loops (0)

1. checking no_clock (0)
------------------------
 There are 0 register/latch pins with no clock.


2. checking constant_clock (0)
------------------------------
 There are 0 register/latch pins with constant_clock.


3. checking pulse_width_clock (0)
---------------------------------
 There are 0 register/latch pins which need pulse_width check


4. checking unconstrained_internal_endpoints (0)
------------------------------------------------
 There are 0 pins that are not constrained for maximum delay.

 There are 0 pins that are not constrained for maximum delay due to constant clock.


5. checking no_input_delay (5)
------------------------------
 There are 5 input ports with no input delay specified. (HIGH)

 There are 0 input ports with no input delay but user has a false path constraint.


6. checking no_output_delay (4)
-------------------------------
 There are 4 ports with no output delay specified. (HIGH)

 There are 0 ports with no output delay but user has a false path constraint

 There are 0 ports with no output delay but with a timing clock defined on it or propagating through it


7. checking multiple_clock (0)
------------------------------
 There are 0 register/latch pins with multiple clocks.


8. checking generated_clocks (0)
--------------------------------
 There are 0 generated clocks that are not connected to a clock source.


9. checking loops (0)
---------------------
 There are 0 combinational loops in the design.


10. checking partial_input_delay (0)
------------------------------------
 There are 0 input ports with partial input delay specified.


11. checking partial_output_delay (0)
-------------------------------------
 There are 0 ports with partial output delay specified.


12. checking latch_loops (0)
----------------------------
 There are 0 combinational latch loops in the design through latch input



------------------------------------------------------------------------------------------------
| Design Timing Summary
| ---------------------
------------------------------------------------------------------------------------------------

    WNS(ns)      TNS(ns)  TNS Failing Endpoints  TNS Total Endpoints      WHS(ns)      THS(ns)  THS Failing Endpoints  THS Total Endpoints     WPWS(ns)     TPWS(ns)  TPWS Failing Endpoints  TPWS Total Endpoints  
    -------      -------  ---------------------  -------------------      -------      -------  ---------------------  -------------------     --------     --------  ----------------------  --------------------  
    -80.966    -1441.797                     58                  248        0.199        0.000                      0                  248        3.500        0.000                       0                   127  


Timing constraints are not met.


------------------------------------------------------------------------------------------------
| Clock Summary
| -------------
------------------------------------------------------------------------------------------------

Clock        Waveform(ns)         Period(ns)      Frequency(MHz)
-----        ------------         ----------      --------------
sys_clk_pin  {0.000 4.000}        8.000           125.000         


------------------------------------------------------------------------------------------------
| Intra Clock Table
| -----------------
------------------------------------------------------------------------------------------------

Clock             WNS(ns)      TNS(ns)  TNS Failing Endpoints  TNS Total Endpoints      WHS(ns)      THS(ns)  THS Failing Endpoints  THS Total Endpoints     WPWS(ns)     TPWS(ns)  TPWS Failing Endpoints  TPWS Total Endpoints  
-----             -------      -------  ---------------------  -------------------      -------      -------  ---------------------  -------------------     --------     --------  ----------------------  --------------------  
sys_clk_pin       -80.966    -1441.797                     58                  248        0.199        0.000                      0                  248        3.500        0.000                       0                   127  


------------------------------------------------------------------------------------------------
| Inter Clock Table
| -----------------
------------------------------------------------------------------------------------------------

From Clock    To Clock          WNS(ns)      TNS(ns)  TNS Failing Endpoints  TNS Total Endpoints      WHS(ns)      THS(ns)  THS Failing Endpoints  THS Total Endpoints  
----------    --------          -------      -------  ---------------------  -------------------      -------      -------  ---------------------  -------------------  


------------------------------------------------------------------------------------------------
| Other Path Groups Table
| -----------------------
------------------------------------------------------------------------------------------------

Path Group    From Clock    To Clock          WNS(ns)      TNS(ns)  TNS Failing Endpoints  TNS Total Endpoints      WHS(ns)      THS(ns)  THS Failing Endpoints  THS Total Endpoints  
----------    ----------    --------          -------      -------  ---------------------  -------------------      -------      -------  ---------------------  -------------------  


------------------------------------------------------------------------------------------------
| User Ignored Path Table
| -----------------------
------------------------------------------------------------------------------------------------

Path Group    From Clock    To Clock    
----------    ----------    --------    


------------------------------------------------------------------------------------------------
| Unconstrained Path Table
| ------------------------
------------------------------------------------------------------------------------------------

Path Group    From Clock    To Clock    
----------    ----------    --------    
(none)        sys_clk_pin                 
(none)                      sys_clk_pin   


------------------------------------------------------------------------------------------------
| Timing Details
| --------------
------------------------------------------------------------------------------------------------


---------------------------------------------------------------------------------------------------
From Clock:  sys_clk_pin
  To Clock:  sys_clk_pin

Setup :           58  Failing Endpoints,  Worst Slack      -80.966ns,  Total Violation    -1441.797ns
Hold  :            0  Failing Endpoints,  Worst Slack        0.199ns,  Total Violation        0.000ns
PW    :            0  Failing Endpoints,  Worst Slack        3.500ns,  Total Violation        0.000ns
---------------------------------------------------------------------------------------------------


Max Delay Paths
--------------------------------------------------------------------------------------
Slack (VIOLATED) :        -80.966ns  (required time - arrival time)
  Source:                 B_in_reg[4]_replica_8/C
                            (rising edge-triggered cell FDCE clocked by sys_clk_pin  {rise@0.000ns fall@4.000ns period=8.000ns})
  Destination:            u_alu/u_algorithm/u_div/y_reg[14]/D
                            (rising edge-triggered cell FDCE clocked by sys_clk_pin  {rise@0.000ns fall@4.000ns period=8.000ns})
  Path Group:             sys_clk_pin
  Path Type:              Setup (Max at Slow Process Corner)
  Requirement:            8.000ns  (sys_clk_pin rise@8.000ns - sys_clk_pin rise@0.000ns)
  Data Path Delay:        88.865ns  (logic 61.587ns (69.304%)  route 27.278ns (30.696%))
  Logic Levels:           291  (CARRY4=258 LUT1=2 LUT2=1 LUT4=5 LUT5=24 LUT6=1)
  Clock Path Skew:        -0.097ns (DCD - SCD + CPR)
    Destination Clock Delay (DCD):    5.549ns = ( 13.549 - 8.000 ) 
    Source Clock Delay      (SCD):    5.955ns
    Clock Pessimism Removal (CPR):    0.309ns
  Clock Uncertainty:      0.035ns  ((TSJ^2 + TIJ^2)^1/2 + DJ) / 2 + PE
    Total System Jitter     (TSJ):    0.071ns
    Total Input Jitter      (TIJ):    0.000ns
    Discrete Jitter          (DJ):    0.000ns
    Phase Error              (PE):    0.000ns

    Location             Delay type                Incr(ns)  Path(ns)    Netlist Resource(s)
  -------------------------------------------------------------------    -------------------
                         (clock sys_clk_pin rise edge)
                                                      0.000     0.000 r  
    H16                                               0.000     0.000 r  clk (IN)
                         net (fo=0)                   0.000     0.000    clk
    H16                  IBUF (Prop_ibuf_I_O)         1.451     1.451 r  clk_IBUF_inst/O
                         net (fo=1, routed)           2.522     3.973    clk_IBUF
    BUFGCTRL_X0Y16       BUFG (Prop_bufg_I_O)         0.101     4.074 r  clk_IBUF_BUFG_inst/O
                         net (fo=126, routed)         1.881     5.955    clk_IBUF_BUFG
    SLICE_X107Y6         FDCE                                         r  B_in_reg[4]_replica_8/C
  -------------------------------------------------------------------    -------------------
    SLICE_X107Y6         FDCE (Prop_fdce_C_Q)         0.456     6.411 f  B_in_reg[4]_replica_8/Q
                         net (fo=1, routed)           0.403     6.814    u_alu/u_algorithm/u_div/B_in_reg_n_0_[4]_repN_8_alias
    SLICE_X107Y7         LUT1 (Prop_lut1_I0_O)        0.124     6.938 r  u_alu/u_algorithm/u_div/y20_carry__0_i_4/O
                         net (fo=1, routed)           0.000     6.938    u_alu/u_algorithm/u_div/y20_carry__0_i_4_n_0
    SLICE_X107Y7         CARRY4 (Prop_carry4_S[0]_CO[3])
                                                      0.532     7.470 r  u_alu/u_algorithm/u_div/y20_carry__0/CO[3]
                         net (fo=1, routed)           0.000     7.470    u_alu/u_algorithm/u_div/y20_carry__0_n_0
    SLICE_X107Y8         CARRY4 (Prop_carry4_CI_CO[3])
                                                      0.114     7.584 r  u_alu/u_algorithm/u_div/y20_carry__1/CO[3]
                         net (fo=1, routed)           0.000     7.584    u_alu/u_algorithm/u_div/y20_carry__1_n_0
    SLICE_X107Y9         CARRY4 (Prop_carry4_CI_CO[0])
                                                      0.271     7.855 r  u_alu/u_algorithm/u_div/y1__925_i_9/CO[0]
                         net (fo=528, routed)         0.879     8.734    u_alu/u_algorithm/u_div/y1__925_i_9_n_3
    SLICE_X106Y6         LUT2 (Prop_lut2_I0_O)        0.373     9.107 r  u_alu/u_algorithm/u_div/y1__926_i_7/O
                         net (fo=1, routed)           0.000     9.107    u_alu/u_algorithm/u_div/y1__926_i_7_n_0
    SLICE_X106Y6         CARRY4 (Prop_carry4_S[1]_CO[3])
                                                      0.550     9.657 r  u_alu/u_algorithm/u_div/y1__926/CO[3]
                         net (fo=1, routed)           0.000     9.657    u_alu/u_algorithm/u_div/y1__926_n_0
    SLICE_X106Y7         CARRY4 (Prop_carry4_CI_CO[3])
                                                      0.114     9.771 r  u_alu/u_algorithm/u_div/y1__927/CO[3]
                         net (fo=1, routed)           0.000     9.771    u_alu/u_algorithm/u_div/y1__927_n_0
    SLICE_X106Y8         CARRY4 (Prop_carry4_CI_CO[3])
                                                      0.114     9.885 r  u_alu/u_algorithm/u_div/y1__928/CO[3]
                         net (fo=1, routed)           0.000     9.885    u_alu/u_algorithm/u_div/y1__928_n_0
    SLICE_X106Y9         CARRY4 (Prop_carry4_CI_CO[2])
                                                      0.228    10.113 r  u_alu/u_algorithm/u_div/y1__929/CO[2]
                         net (fo=33, routed)          1.062    11.175    u_alu/u_algorithm/u_div/y1__929_n_1
    SLICE_X105Y4         LUT5 (Prop_lut5_I0_O)        0.313    11.488 r  u_alu/u_algorithm/u_div/y1__931_i_3/O
                         net (fo=1, routed)           0.000    11.488    u_alu/u_algorithm/u_div/y1__931_i_3_n_0
    SLICE_X105Y4         CARRY4 (Prop_carry4_S[1]_CO[3])
                                                      0.550    12.038 r  u_alu/u_algorithm/u_div/y1__931/CO[3]
                         net (fo=1, routed)           0.000    12.038    u_alu/u_algorithm/u_div/y1__931_n_0
    SLICE_X105Y5         CARRY4 (Prop_carry4_CI_CO[3])
                                                      0.114    12.152 r  u_alu/u_algorithm/u_div/y1__932/CO[3]
                         net (fo=1, routed)           0.000    12.152    u_alu/u_algorithm/u_div/y1__932_n_0
    SLICE_X105Y6         CARRY4 (Prop_carry4_CI_CO[3])
                                                      0.114    12.266 r  u_alu/u_algorithm/u_div/y1__933/CO[3]
                         net (fo=1, routed)           0.000    12.266    u_alu/u_algorithm/u_div/y1__933_n_0
    SLICE_X105Y7         CARRY4 (Prop_carry4_CI_CO[3])
                                                      0.114    12.380 r  u_alu/u_algorithm/u_div/y1__934/CO[3]
                         net (fo=1, routed)           0.000    12.380    u_alu/u_algorithm/u_div/y1__934_n_0
    SLICE_X105Y8         CARRY4 (Prop_carry4_CI_CO[3])
                                                      0.114    12.494 r  u_alu/u_algorithm/u_div/y1__935/CO[3]
                         net (fo=1, routed)           0.000    12.494    u_alu/u_algorithm/u_div/y1__935_n_0
    SLICE_X105Y9         CARRY4 (Prop_carry4_CI_CO[3])
                                                      0.114    12.608 r  u_alu/u_algorithm/u_div/y1__936/CO[3]
                         net (fo=1, routed)           0.000    12.608    u_alu/u_algorithm/u_div/y1__936_n_0
    SLICE_X105Y10        CARRY4 (Prop_carry4_CI_CO[0])
                                                      0.271    12.879 r  u_alu/u_algorithm/u_div/y1__937/CO[0]
                         net (fo=33, routed)          0.688    13.567    u_alu/u_algorithm/u_div/y1__937_n_3
    SLICE_X104Y8         LUT4 (Prop_lut4_I3_O)        0.373    13.940 r  u_alu/u_algorithm/u_div/y1__938_i_5/O
                         net (fo=1, routed)           0.000    13.940    u_alu/u_algorithm/u_div/y1__938_i_5_n_0
    SLICE_X104Y8         CARRY4 (Prop_carry4_S[0]_CO[3])
                                                      0.513    14.453 r  u_alu/u_algorithm/u_div/y1__938/CO[3]
                         net (fo=1, routed)           0.000    14.453    u_alu/u_algorithm/u_div/y1__938_n_0
    SLICE_X104Y9         CARRY4 (Prop_carry4_CI_CO[3])
                                                      0.117    14.570 r  u_alu/u_algorithm/u_div/y1__939/CO[3]
                         net (fo=1, routed)           0.000    14.570    u_alu/u_algorithm/u_div/y1__939_n_0
    SLICE_X104Y10        CARRY4 (Prop_carry4_CI_CO[3])
                                                      0.117    14.687 r  u_alu/u_algorithm/u_div/y1__940/CO[3]
                         net (fo=1, routed)           0.000    14.687    u_alu/u_algorithm/u_div/y1__940_n_0
    SLICE_X104Y11        CARRY4 (Prop_carry4_CI_CO[3])
                                                      0.117    14.804 r  u_alu/u_algorithm/u_div/y1__941/CO[3]
                         net (fo=1, routed)           0.000    14.804    u_alu/u_algorithm/u_div/y1__941_n_0
    SLICE_X104Y12        CARRY4 (Prop_carry4_CI_CO[3])
                                                      0.117    14.921 r  u_alu/u_algorithm/u_div/y1__942/CO[3]
                         net (fo=1, routed)           0.000    14.921    u_alu/u_algorithm/u_div/y1__942_n_0
    SLICE_X104Y13        CARRY4 (Prop_carry4_CI_CO[3])
                                                      0.117    15.038 r  u_alu/u_algorithm/u_div/y1__943/CO[3]
                         net (fo=1, routed)           0.000    15.038    u_alu/u_algorithm/u_div/y1__943_n_0
    SLICE_X104Y14        CARRY4 (Prop_carry4_CI_CO[3])
                                                      0.117    15.155 r  u_alu/u_algorithm/u_div/y1__944/CO[3]
                         net (fo=1, routed)           0.000    15.155    u_alu/u_algorithm/u_div/y1__944_n_0
    SLICE_X104Y15        CARRY4 (Prop_carry4_CI_CO[0])
                                                      0.254    15.409 r  u_alu/u_algorithm/u_div/y1__945/CO[0]
                         net (fo=33, routed)          1.164    16.573    u_alu/u_algorithm/u_div/y1__945_n_3
    SLICE_X103Y3         LUT4 (Prop_lut4_I3_O)        0.367    16.940 r  u_alu/u_algorithm/u_div/y1__946_i_5/O
                         net (fo=1, routed)           0.000    16.940    u_alu/u_algorithm/u_div/y1__946_i_5_n_0
    SLICE_X103Y3         CARRY4 (Prop_carry4_S[0]_CO[3])
                                                      0.532    17.472 r  u_alu/u_algorithm/u_div/y1__946/CO[3]
                         net (fo=1, routed)           0.000    17.472    u_alu/u_algorithm/u_div/y1__946_n_0
    SLICE_X103Y4         CARRY4 (Prop_carry4_CI_CO[3])
                                                      0.114    17.586 r  u_alu/u_algorithm/u_div/y1__947/CO[3]
                         net (fo=1, routed)           0.000    17.586    u_alu/u_algorithm/u_div/y1__947_n_0
    SLICE_X103Y5         CARRY4 (Prop_carry4_CI_CO[3])
                                                      0.114    17.700 r  u_alu/u_algorithm/u_div/y1__948/CO[3]
                         net (fo=1, routed)           0.000    17.700    u_alu/u_algorithm/u_div/y1__948_n_0
    SLICE_X103Y6         CARRY4 (Prop_carry4_CI_CO[3])
                                                      0.114    17.814 r  u_alu/u_algorithm/u_div/y1__949/CO[3]
                         net (fo=1, routed)           0.000    17.814    u_alu/u_algorithm/u_div/y1__949_n_0
    SLICE_X103Y7         CARRY4 (Prop_carry4_CI_CO[3])
                                                      0.114    17.928 r  u_alu/u_algorithm/u_div/y1__950/CO[3]
                         net (fo=1, routed)           0.000    17.928    u_alu/u_algorithm/u_div/y1__950_n_0
    SLICE_X103Y8         CARRY4 (Prop_carry4_CI_CO[3])
                                                      0.114    18.042 r  u_alu/u_algorithm/u_div/y1__951/CO[3]
                         net (fo=1, routed)           0.000    18.042    u_alu/u_algorithm/u_div/y1__951_n_0
    SLICE_X103Y9         CARRY4 (Prop_carry4_CI_CO[3])
                                                      0.114    18.156 r  u_alu/u_algorithm/u_div/y1__952/CO[3]
                         net (fo=1, routed)           0.000    18.156    u_alu/u_algorithm/u_div/y1__952_n_0
    SLICE_X103Y10        CARRY4 (Prop_carry4_CI_CO[0])
                                                      0.271    18.427 r  u_alu/u_algorithm/u_div/y1__953/CO[0]
                         net (fo=32, routed)          0.629    19.056    u_alu/u_algorithm/u_div/y1__953_n_3
    SLICE_X103Y2         LUT6 (Prop_lut6_I5_O)        0.373    19.429 r  u_alu/u_algorithm/u_div/y1__954_i_5/O
                         net (fo=1, routed)           0.711    20.140    u_alu/u_algorithm/u_div/y1__954_i_5_n_0
    SLICE_X104Y0         CARRY4 (Prop_carry4_S[0]_CO[3])
                                                      0.637    20.777 r  u_alu/u_algorithm/u_div/y1__954/CO[3]
                         net (fo=1, routed)           0.000    20.777    u_alu/u_algorithm/u_div/y1__954_n_0
    SLICE_X104Y1         CARRY4 (Prop_carry4_CI_CO[3])
                                                      0.117    20.894 r  u_alu/u_algorithm/u_div/y1__955/CO[3]
                         net (fo=1, routed)           0.000    20.894    u_alu/u_algorithm/u_div/y1__955_n_0
    SLICE_X104Y2         CARRY4 (Prop_carry4_CI_CO[3])
                                                      0.117    21.011 r  u_alu/u_algorithm/u_div/y1__956/CO[3]
                         net (fo=1, routed)           0.000    21.011    u_alu/u_algorithm/u_div/y1__956_n_0
    SLICE_X104Y3         CARRY4 (Prop_carry4_CI_CO[3])
                                                      0.117    21.128 r  u_alu/u_algorithm/u_div/y1__957/CO[3]
                         net (fo=1, routed)           0.000    21.128    u_alu/u_algorithm/u_div/y1__957_n_0
    SLICE_X104Y4         CARRY4 (Prop_carry4_CI_CO[3])
                                                      0.117    21.245 r  u_alu/u_algorithm/u_div/y1__958/CO[3]
                         net (fo=1, routed)           0.000    21.245    u_alu/u_algorithm/u_div/y1__958_n_0
    SLICE_X104Y5         CARRY4 (Prop_carry4_CI_CO[3])
                                                      0.117    21.362 r  u_alu/u_algorithm/u_div/y1__959/CO[3]
                         net (fo=1, routed)           0.000    21.362    u_alu/u_algorithm/u_div/y1__959_n_0
    SLICE_X104Y6         CARRY4 (Prop_carry4_CI_CO[3])
                                                      0.117    21.479 r  u_alu/u_algorithm/u_div/y1__960/CO[3]
                         net (fo=1, routed)           0.000    21.479    u_alu/u_algorithm/u_div/y1__960_n_0
    SLICE_X104Y7         CARRY4 (Prop_carry4_CI_CO[0])
                                                      0.254    21.733 r  u_alu/u_algorithm/u_div/y1__961/CO[0]
                         net (fo=32, routed)          0.922    22.655    u_alu/u_algorithm/u_div/y1__961_n_3
    SLICE_X102Y2         LUT5 (Prop_lut5_I3_O)        0.367    23.022 r  u_alu/u_algorithm/u_div/y1__962_i_5/O
                         net (fo=1, routed)           0.000    23.022    u_alu/u_algorithm/u_div/y1__962_i_5_n_0
    SLICE_X102Y2         CARRY4 (Prop_carry4_S[0]_CO[3])
                                                      0.513    23.535 r  u_alu/u_algorithm/u_div/y1__962/CO[3]
                         net (fo=1, routed)           0.000    23.535    u_alu/u_algorithm/u_div/y1__962_n_0
    SLICE_X102Y3         CARRY4 (Prop_carry4_CI_CO[3])
                                                      0.117    23.652 r  u_alu/u_algorithm/u_div/y1__963/CO[3]
                         net (fo=1, routed)           0.000    23.652    u_alu/u_algorithm/u_div/y1__963_n_0
    SLICE_X102Y4         CARRY4 (Prop_carry4_CI_CO[3])
                                                      0.117    23.769 r  u_alu/u_algorithm/u_div/y1__964/CO[3]
                         net (fo=1, routed)           0.000    23.769    u_alu/u_algorithm/u_div/y1__964_n_0
    SLICE_X102Y5         CARRY4 (Prop_carry4_CI_CO[3])
                                                      0.117    23.886 r  u_alu/u_algorithm/u_div/y1__965/CO[3]
                         net (fo=1, routed)           0.000    23.886    u_alu/u_algorithm/u_div/y1__965_n_0
    SLICE_X102Y6         CARRY4 (Prop_carry4_CI_CO[3])
                                                      0.117    24.003 r  u_alu/u_algorithm/u_div/y1__966/CO[3]
                         net (fo=1, routed)           0.000    24.003    u_alu/u_algorithm/u_div/y1__966_n_0
    SLICE_X102Y7         CARRY4 (Prop_carry4_CI_CO[3])
                                                      0.117    24.120 r  u_alu/u_algorithm/u_div/y1__967/CO[3]
                         net (fo=1, routed)           0.000    24.120    u_alu/u_algorithm/u_div/y1__967_n_0
    SLICE_X102Y8         CARRY4 (Prop_carry4_CI_CO[3])
                                                      0.117    24.237 r  u_alu/u_algorithm/u_div/y1__968/CO[3]
                         net (fo=1, routed)           0.000    24.237    u_alu/u_algorithm/u_div/y1__968_n_0
    SLICE_X102Y9         CARRY4 (Prop_carry4_CI_CO[0])
                                                      0.254    24.491 r  u_alu/u_algorithm/u_div/y1__969/CO[0]
                         net (fo=32, routed)          1.118    25.608    u_alu/u_algorithm/u_div/y1__969_n_3
    SLICE_X101Y2         LUT5 (Prop_lut5_I3_O)        0.367    25.975 r  u_alu/u_algorithm/u_div/y1__970_i_5/O
                         net (fo=1, routed)           0.000    25.975    u_alu/u_algorithm/u_div/y1__970_i_5_n_0
    SLICE_X101Y2         CARRY4 (Prop_carry4_S[0]_CO[3])
                                                      0.532    26.507 r  u_alu/u_algorithm/u_div/y1__970/CO[3]
                         net (fo=1, routed)           0.000    26.507    u_alu/u_algorithm/u_div/y1__970_n_0
    SLICE_X101Y3         CARRY4 (Prop_carry4_CI_CO[3])
                                                      0.114    26.621 r  u_alu/u_algorithm/u_div/y1__971/CO[3]
                         net (fo=1, routed)           0.000    26.621    u_alu/u_algorithm/u_div/y1__971_n_0
    SLICE_X101Y4         CARRY4 (Prop_carry4_CI_CO[3])
                                                      0.114    26.735 r  u_alu/u_algorithm/u_div/y1__972/CO[3]
                         net (fo=1, routed)           0.000    26.735    u_alu/u_algorithm/u_div/y1__972_n_0
    SLICE_X101Y5         CARRY4 (Prop_carry4_CI_CO[3])
                                                      0.114    26.849 r  u_alu/u_algorithm/u_div/y1__973/CO[3]
                         net (fo=1, routed)           0.000    26.849    u_alu/u_algorithm/u_div/y1__973_n_0
    SLICE_X101Y6         CARRY4 (Prop_carry4_CI_CO[3])
                                                      0.114    26.963 r  u_alu/u_algorithm/u_div/y1__974/CO[3]
                         net (fo=1, routed)           0.000    26.963    u_alu/u_algorithm/u_div/y1__974_n_0
    SLICE_X101Y7         CARRY4 (Prop_carry4_CI_CO[3])
                                                      0.114    27.077 r  u_alu/u_algorithm/u_div/y1__975/CO[3]
                         net (fo=1, routed)           0.000    27.077    u_alu/u_algorithm/u_div/y1__975_n_0
    SLICE_X101Y8         CARRY4 (Prop_carry4_CI_CO[3])
                                                      0.114    27.191 r  u_alu/u_algorithm/u_div/y1__976/CO[3]
                         net (fo=1, routed)           0.000    27.191    u_alu/u_algorithm/u_div/y1__976_n_0
    SLICE_X101Y9         CARRY4 (Prop_carry4_CI_CO[0])
                                                      0.271    27.462 r  u_alu/u_algorithm/u_div/y1__977/CO[0]
                         net (fo=32, routed)          0.945    28.407    u_alu/u_algorithm/u_div/y1__977_n_3
    SLICE_X100Y1         CARRY4 (Prop_carry4_CYINIT_CO[3])
                                                      0.844    29.251 r  u_alu/u_algorithm/u_div/y1__978/CO[3]
                         net (fo=1, routed)           0.000    29.251    u_alu/u_algorithm/u_div/y1__978_n_0
    SLICE_X100Y2         CARRY4 (Prop_carry4_CI_CO[3])
                                                      0.117    29.368 r  u_alu/u_algorithm/u_div/y1__979/CO[3]
                         net (fo=1, routed)           0.000    29.368    u_alu/u_algorithm/u_div/y1__979_n_0
    SLICE_X100Y3         CARRY4 (Prop_carry4_CI_CO[3])
                                                      0.117    29.485 r  u_alu/u_algorithm/u_div/y1__980/CO[3]
                         net (fo=1, routed)           0.000    29.485    u_alu/u_algorithm/u_div/y1__980_n_0
    SLICE_X100Y4         CARRY4 (Prop_carry4_CI_CO[3])
                                                      0.117    29.602 r  u_alu/u_algorithm/u_div/y1__981/CO[3]
                         net (fo=1, routed)           0.000    29.602    u_alu/u_algorithm/u_div/y1__981_n_0
    SLICE_X100Y5         CARRY4 (Prop_carry4_CI_CO[3])
                                                      0.117    29.719 r  u_alu/u_algorithm/u_div/y1__982/CO[3]
                         net (fo=1, routed)           0.000    29.719    u_alu/u_algorithm/u_div/y1__982_n_0
    SLICE_X100Y6         CARRY4 (Prop_carry4_CI_CO[3])
                                                      0.117    29.836 r  u_alu/u_algorithm/u_div/y1__983/CO[3]
                         net (fo=1, routed)           0.000    29.836    u_alu/u_algorithm/u_div/y1__983_n_0
    SLICE_X100Y7         CARRY4 (Prop_carry4_CI_CO[3])
                                                      0.117    29.953 r  u_alu/u_algorithm/u_div/y1__984/CO[3]
                         net (fo=1, routed)           0.000    29.953    u_alu/u_algorithm/u_div/y1__984_n_0
    SLICE_X100Y8         CARRY4 (Prop_carry4_CI_CO[0])
                                                      0.254    30.207 r  u_alu/u_algorithm/u_div/y1__985/CO[0]
                         net (fo=32, routed)          1.112    31.319    u_alu/u_algorithm/u_div/y1__985_n_3
    SLICE_X98Y0          LUT5 (Prop_lut5_I3_O)        0.367    31.686 r  u_alu/u_algorithm/u_div/y1__986_i_5/O
                         net (fo=1, routed)           0.000    31.686    u_alu/u_algorithm/u_div/y1__986_i_5_n_0
    SLICE_X98Y0          CARRY4 (Prop_carry4_S[0]_CO[3])
                                                      0.513    32.199 r  u_alu/u_algorithm/u_div/y1__986/CO[3]
                         net (fo=1, routed)           0.000    32.199    u_alu/u_algorithm/u_div/y1__986_n_0
    SLICE_X98Y1          CARRY4 (Prop_carry4_CI_CO[3])
                                                      0.117    32.316 r  u_alu/u_algorithm/u_div/y1__987/CO[3]
                         net (fo=1, routed)           0.000    32.316    u_alu/u_algorithm/u_div/y1__987_n_0
    SLICE_X98Y2          CARRY4 (Prop_carry4_CI_CO[3])
                                                      0.117    32.433 r  u_alu/u_algorithm/u_div/y1__988/CO[3]
                         net (fo=1, routed)           0.000    32.433    u_alu/u_algorithm/u_div/y1__988_n_0
    SLICE_X98Y3          CARRY4 (Prop_carry4_CI_CO[3])
                                                      0.117    32.550 r  u_alu/u_algorithm/u_div/y1__989/CO[3]
                         net (fo=1, routed)           0.000    32.550    u_alu/u_algorithm/u_div/y1__989_n_0
    SLICE_X98Y4          CARRY4 (Prop_carry4_CI_CO[3])
                                                      0.117    32.667 r  u_alu/u_algorithm/u_div/y1__990/CO[3]
                         net (fo=1, routed)           0.000    32.667    u_alu/u_algorithm/u_div/y1__990_n_0
    SLICE_X98Y5          CARRY4 (Prop_carry4_CI_CO[3])
                                                      0.117    32.784 r  u_alu/u_algorithm/u_div/y1__991/CO[3]
                         net (fo=1, routed)           0.000    32.784    u_alu/u_algorithm/u_div/y1__991_n_0
    SLICE_X98Y6          CARRY4 (Prop_carry4_CI_CO[3])
                                                      0.117    32.901 r  u_alu/u_algorithm/u_div/y1__992/CO[3]
                         net (fo=1, routed)           0.000    32.901    u_alu/u_algorithm/u_div/y1__992_n_0
    SLICE_X98Y7          CARRY4 (Prop_carry4_CI_CO[0])
                                                      0.254    33.155 r  u_alu/u_algorithm/u_div/y1__993/CO[0]
                         net (fo=32, routed)          0.951    34.105    u_alu/u_algorithm/u_div/y1__993_n_3
    SLICE_X96Y1          LUT5 (Prop_lut5_I3_O)        0.367    34.472 r  u_alu/u_algorithm/u_div/y1__994_i_5/O
                         net (fo=1, routed)           0.000    34.472    u_alu/u_algorithm/u_div/y1__994_i_5_n_0
    SLICE_X96Y1          CARRY4 (Prop_carry4_S[0]_CO[3])
                                                      0.513    34.985 r  u_alu/u_algorithm/u_div/y1__994/CO[3]
                         net (fo=1, routed)           0.000    34.985    u_alu/u_algorithm/u_div/y1__994_n_0
    SLICE_X96Y2          CARRY4 (Prop_carry4_CI_CO[3])
                                                      0.117    35.102 r  u_alu/u_algorithm/u_div/y1__995/CO[3]
                         net (fo=1, routed)           0.000    35.102    u_alu/u_algorithm/u_div/y1__995_n_0
    SLICE_X96Y3          CARRY4 (Prop_carry4_CI_CO[3])
                                                      0.117    35.219 r  u_alu/u_algorithm/u_div/y1__996/CO[3]
                         net (fo=1, routed)           0.000    35.219    u_alu/u_algorithm/u_div/y1__996_n_0
    SLICE_X96Y4          CARRY4 (Prop_carry4_CI_CO[3])
                                                      0.117    35.336 r  u_alu/u_algorithm/u_div/y1__997/CO[3]
                         net (fo=1, routed)           0.000    35.336    u_alu/u_algorithm/u_div/y1__997_n_0
    SLICE_X96Y5          CARRY4 (Prop_carry4_CI_CO[3])
                                                      0.117    35.453 r  u_alu/u_algorithm/u_div/y1__998/CO[3]
                         net (fo=1, routed)           0.000    35.453    u_alu/u_algorithm/u_div/y1__998_n_0
    SLICE_X96Y6          CARRY4 (Prop_carry4_CI_CO[3])
                                                      0.117    35.570 r  u_alu/u_algorithm/u_div/y1__999/CO[3]
                         net (fo=1, routed)           0.000    35.570    u_alu/u_algorithm/u_div/y1__999_n_0
    SLICE_X96Y7          CARRY4 (Prop_carry4_CI_CO[3])
                                                      0.117    35.687 r  u_alu/u_algorithm/u_div/y1__1000/CO[3]
                         net (fo=1, routed)           0.000    35.687    u_alu/u_algorithm/u_div/y1__1000_n_0
    SLICE_X96Y8          CARRY4 (Prop_carry4_CI_CO[0])
                                                      0.254    35.941 r  u_alu/u_algorithm/u_div/y1__1001/CO[0]
                         net (fo=32, routed)          0.985    36.926    u_alu/u_algorithm/u_div/y1__1001_n_3
    SLICE_X95Y3          LUT5 (Prop_lut5_I3_O)        0.367    37.293 r  u_alu/u_algorithm/u_div/y1__1002_i_5/O
                         net (fo=1, routed)           0.000    37.293    u_alu/u_algorithm/u_div/y1__1002_i_5_n_0
    SLICE_X95Y3          CARRY4 (Prop_carry4_S[0]_CO[3])
                                                      0.532    37.825 r  u_alu/u_algorithm/u_div/y1__1002/CO[3]
                         net (fo=1, routed)           0.000    37.825    u_alu/u_algorithm/u_div/y1__1002_n_0
    SLICE_X95Y4          CARRY4 (Prop_carry4_CI_CO[3])
                                                      0.114    37.939 r  u_alu/u_algorithm/u_div/y1__1003/CO[3]
                         net (fo=1, routed)           0.000    37.939    u_alu/u_algorithm/u_div/y1__1003_n_0
    SLICE_X95Y5          CARRY4 (Prop_carry4_CI_CO[3])
                                                      0.114    38.053 r  u_alu/u_algorithm/u_div/y1__1004/CO[3]
                         net (fo=1, routed)           0.000    38.053    u_alu/u_algorithm/u_div/y1__1004_n_0
    SLICE_X95Y6          CARRY4 (Prop_carry4_CI_CO[3])
                                                      0.114    38.167 r  u_alu/u_algorithm/u_div/y1__1005/CO[3]
                         net (fo=1, routed)           0.000    38.167    u_alu/u_algorithm/u_div/y1__1005_n_0
    SLICE_X95Y7          CARRY4 (Prop_carry4_CI_CO[3])
                                                      0.114    38.281 r  u_alu/u_algorithm/u_div/y1__1006/CO[3]
                         net (fo=1, routed)           0.000    38.281    u_alu/u_algorithm/u_div/y1__1006_n_0
    SLICE_X95Y8          CARRY4 (Prop_carry4_CI_CO[3])
                                                      0.114    38.395 r  u_alu/u_algorithm/u_div/y1__1007/CO[3]
                         net (fo=1, routed)           0.000    38.395    u_alu/u_algorithm/u_div/y1__1007_n_0
    SLICE_X95Y9          CARRY4 (Prop_carry4_CI_CO[3])
                                                      0.114    38.509 r  u_alu/u_algorithm/u_div/y1__1008/CO[3]
                         net (fo=1, routed)           0.000    38.509    u_alu/u_algorithm/u_div/y1__1008_n_0
    SLICE_X95Y10         CARRY4 (Prop_carry4_CI_CO[0])
                                                      0.271    38.780 r  u_alu/u_algorithm/u_div/y1__1009/CO[0]
                         net (fo=32, routed)          0.863    39.643    u_alu/u_algorithm/u_div/y1__1009_n_3
    SLICE_X97Y7          LUT5 (Prop_lut5_I3_O)        0.373    40.016 r  u_alu/u_algorithm/u_div/y1__1010_i_5/O
                         net (fo=1, routed)           0.000    40.016    u_alu/u_algorithm/u_div/y1__1010_i_5_n_0
    SLICE_X97Y7          CARRY4 (Prop_carry4_S[0]_CO[3])
                                                      0.532    40.548 r  u_alu/u_algorithm/u_div/y1__1010/CO[3]
                         net (fo=1, routed)           0.000    40.548    u_alu/u_algorithm/u_div/y1__1010_n_0
    SLICE_X97Y8          CARRY4 (Prop_carry4_CI_CO[3])
                                                      0.114    40.662 r  u_alu/u_algorithm/u_div/y1__1011/CO[3]
                         net (fo=1, routed)           0.000    40.662    u_alu/u_algorithm/u_div/y1__1011_n_0
    SLICE_X97Y9          CARRY4 (Prop_carry4_CI_CO[3])
                                                      0.114    40.776 r  u_alu/u_algorithm/u_div/y1__1012/CO[3]
                         net (fo=1, routed)           0.000    40.776    u_alu/u_algorithm/u_div/y1__1012_n_0
    SLICE_X97Y10         CARRY4 (Prop_carry4_CI_CO[3])
                                                      0.114    40.890 r  u_alu/u_algorithm/u_div/y1__1013/CO[3]
                         net (fo=1, routed)           0.000    40.890    u_alu/u_algorithm/u_div/y1__1013_n_0
    SLICE_X97Y11         CARRY4 (Prop_carry4_CI_CO[3])
                                                      0.114    41.004 r  u_alu/u_algorithm/u_div/y1__1014/CO[3]
                         net (fo=1, routed)           0.000    41.004    u_alu/u_algorithm/u_div/y1__1014_n_0
    SLICE_X97Y12         CARRY4 (Prop_carry4_CI_CO[3])
                                                      0.114    41.118 r  u_alu/u_algorithm/u_div/y1__1015/CO[3]
                         net (fo=1, routed)           0.000    41.118    u_alu/u_algorithm/u_div/y1__1015_n_0
    SLICE_X97Y13         CARRY4 (Prop_carry4_CI_CO[3])
                                                      0.114    41.232 r  u_alu/u_algorithm/u_div/y1__1016/CO[3]
                         net (fo=1, routed)           0.000    41.232    u_alu/u_algorithm/u_div/y1__1016_n_0
    SLICE_X97Y14         CARRY4 (Prop_carry4_CI_CO[0])
                                                      0.271    41.503 r  u_alu/u_algorithm/u_div/y1__1017/CO[0]
                         net (fo=32, routed)          0.457    41.960    u_alu/u_algorithm/u_div/y1__1017_n_3
    SLICE_X100Y14        LUT5 (Prop_lut5_I3_O)        0.373    42.333 r  u_alu/u_algorithm/u_div/y1__1018_i_5/O
                         net (fo=1, routed)           0.402    42.736    u_alu/u_algorithm/u_div/y1__1018_i_5_n_0
    SLICE_X101Y13        CARRY4 (Prop_carry4_S[0]_CO[3])
                                                      0.656    43.392 r  u_alu/u_algorithm/u_div/y1__1018/CO[3]
                         net (fo=1, routed)           0.000    43.392    u_alu/u_algorithm/u_div/y1__1018_n_0
    SLICE_X101Y14        CARRY4 (Prop_carry4_CI_CO[3])
                                                      0.114    43.506 r  u_alu/u_algorithm/u_div/y1__1019/CO[3]
                         net (fo=1, routed)           0.000    43.506    u_alu/u_algorithm/u_div/y1__1019_n_0
    SLICE_X101Y15        CARRY4 (Prop_carry4_CI_CO[3])
                                                      0.114    43.620 r  u_alu/u_algorithm/u_div/y1__1020/CO[3]
                         net (fo=1, routed)           0.000    43.620    u_alu/u_algorithm/u_div/y1__1020_n_0
    SLICE_X101Y16        CARRY4 (Prop_carry4_CI_CO[3])
                                                      0.114    43.734 r  u_alu/u_algorithm/u_div/y1__1021/CO[3]
                         net (fo=1, routed)           0.000    43.734    u_alu/u_algorithm/u_div/y1__1021_n_0
    SLICE_X101Y17        CARRY4 (Prop_carry4_CI_CO[3])
                                                      0.114    43.848 r  u_alu/u_algorithm/u_div/y1__1022/CO[3]
                         net (fo=1, routed)           0.000    43.848    u_alu/u_algorithm/u_div/y1__1022_n_0
    SLICE_X101Y18        CARRY4 (Prop_carry4_CI_CO[3])
                                                      0.114    43.962 r  u_alu/u_algorithm/u_div/y1__1023/CO[3]
                         net (fo=1, routed)           0.000    43.962    u_alu/u_algorithm/u_div/y1__1023_n_0
    SLICE_X101Y19        CARRY4 (Prop_carry4_CI_CO[3])
                                                      0.114    44.076 r  u_alu/u_algorithm/u_div/y1__1024/CO[3]
                         net (fo=1, routed)           0.000    44.076    u_alu/u_algorithm/u_div/y1__1024_n_0
    SLICE_X101Y20        CARRY4 (Prop_carry4_CI_CO[0])
                                                      0.271    44.347 r  u_alu/u_algorithm/u_div/y1__1025/CO[0]
                         net (fo=32, routed)          0.826    45.173    u_alu/u_algorithm/u_div/y1__1025_n_3
    SLICE_X102Y19        LUT5 (Prop_lut5_I3_O)        0.373    45.546 r  u_alu/u_algorithm/u_div/y1__1026_i_5/O
                         net (fo=1, routed)           0.000    45.546    u_alu/u_algorithm/u_div/y1__1026_i_5_n_0
    SLICE_X102Y19        CARRY4 (Prop_carry4_S[0]_CO[3])
                                                      0.513    46.059 r  u_alu/u_algorithm/u_div/y1__1026/CO[3]
                         net (fo=1, routed)           0.000    46.059    u_alu/u_algorithm/u_div/y1__1026_n_0
    SLICE_X102Y20        CARRY4 (Prop_carry4_CI_CO[3])
                                                      0.117    46.176 r  u_alu/u_algorithm/u_div/y1__1027/CO[3]
                         net (fo=1, routed)           0.000    46.176    u_alu/u_algorithm/u_div/y1__1027_n_0
    SLICE_X102Y21        CARRY4 (Prop_carry4_CI_CO[3])
                                                      0.117    46.293 r  u_alu/u_algorithm/u_div/y1__1028/CO[3]
                         net (fo=1, routed)           0.000    46.293    u_alu/u_algorithm/u_div/y1__1028_n_0
    SLICE_X102Y22        CARRY4 (Prop_carry4_CI_CO[3])
                                                      0.117    46.410 r  u_alu/u_algorithm/u_div/y1__1029/CO[3]
                         net (fo=1, routed)           0.000    46.410    u_alu/u_algorithm/u_div/y1__1029_n_0
    SLICE_X102Y23        CARRY4 (Prop_carry4_CI_CO[3])
                                                      0.117    46.527 r  u_alu/u_algorithm/u_div/y1__1030/CO[3]
                         net (fo=1, routed)           0.000    46.527    u_alu/u_algorithm/u_div/y1__1030_n_0
    SLICE_X102Y24        CARRY4 (Prop_carry4_CI_CO[3])
                                                      0.117    46.644 r  u_alu/u_algorithm/u_div/y1__1031/CO[3]
                         net (fo=1, routed)           0.009    46.653    u_alu/u_algorithm/u_div/y1__1031_n_0
    SLICE_X102Y25        CARRY4 (Prop_carry4_CI_CO[3])
                                                      0.117    46.770 r  u_alu/u_algorithm/u_div/y1__1032/CO[3]
                         net (fo=1, routed)           0.000    46.770    u_alu/u_algorithm/u_div/y1__1032_n_0
    SLICE_X102Y26        CARRY4 (Prop_carry4_CI_CO[0])
                                                      0.254    47.024 r  u_alu/u_algorithm/u_div/y1__1033/CO[0]
                         net (fo=32, routed)          0.740    47.764    u_alu/u_algorithm/u_div/y1__1033_n_3
    SLICE_X103Y26        LUT5 (Prop_lut5_I3_O)        0.367    48.131 r  u_alu/u_algorithm/u_div/y1__1034_i_5/O
                         net (fo=1, routed)           0.000    48.131    u_alu/u_algorithm/u_div/y1__1034_i_5_n_0
    SLICE_X103Y26        CARRY4 (Prop_carry4_S[0]_CO[3])
                                                      0.532    48.663 r  u_alu/u_algorithm/u_div/y1__1034/CO[3]
                         net (fo=1, routed)           0.000    48.663    u_alu/u_algorithm/u_div/y1__1034_n_0
    SLICE_X103Y27        CARRY4 (Prop_carry4_CI_CO[3])
                                                      0.114    48.777 r  u_alu/u_algorithm/u_div/y1__1035/CO[3]
                         net (fo=1, routed)           0.000    48.777    u_alu/u_algorithm/u_div/y1__1035_n_0
    SLICE_X103Y28        CARRY4 (Prop_carry4_CI_CO[3])
                                                      0.114    48.891 r  u_alu/u_algorithm/u_div/y1__1036/CO[3]
                         net (fo=1, routed)           0.000    48.891    u_alu/u_algorithm/u_div/y1__1036_n_0
    SLICE_X103Y29        CARRY4 (Prop_carry4_CI_CO[3])
                                                      0.114    49.005 r  u_alu/u_algorithm/u_div/y1__1037/CO[3]
                         net (fo=1, routed)           0.000    49.005    u_alu/u_algorithm/u_div/y1__1037_n_0
    SLICE_X103Y30        CARRY4 (Prop_carry4_CI_CO[3])
                                                      0.114    49.119 r  u_alu/u_algorithm/u_div/y1__1038/CO[3]
                         net (fo=1, routed)           0.000    49.119    u_alu/u_algorithm/u_div/y1__1038_n_0
    SLICE_X103Y31        CARRY4 (Prop_carry4_CI_CO[3])
                                                      0.114    49.233 r  u_alu/u_algorithm/u_div/y1__1039/CO[3]
                         net (fo=1, routed)           0.000    49.233    u_alu/u_algorithm/u_div/y1__1039_n_0
    SLICE_X103Y32        CARRY4 (Prop_carry4_CI_CO[3])
                                                      0.114    49.347 r  u_alu/u_algorithm/u_div/y1__1040/CO[3]
                         net (fo=1, routed)           0.000    49.347    u_alu/u_algorithm/u_div/y1__1040_n_0
    SLICE_X103Y33        CARRY4 (Prop_carry4_CI_CO[0])
                                                      0.271    49.618 r  u_alu/u_algorithm/u_div/y1__1041/CO[0]
                         net (fo=32, routed)          0.528    50.146    u_alu/u_algorithm/u_div/y1__1041_n_3
    SLICE_X102Y33        LUT5 (Prop_lut5_I0_O)        0.373    50.519 r  u_alu/u_algorithm/u_div/y1__1042_i_4/O
                         net (fo=1, routed)           0.000    50.519    u_alu/u_algorithm/u_div/y1__1042_i_4_n_0
    SLICE_X102Y33        CARRY4 (Prop_carry4_S[1]_CO[3])
                                                      0.533    51.052 r  u_alu/u_algorithm/u_div/y1__1042/CO[3]
                         net (fo=1, routed)           0.000    51.052    u_alu/u_algorithm/u_div/y1__1042_n_0
    SLICE_X102Y34        CARRY4 (Prop_carry4_CI_CO[3])
                                                      0.117    51.169 r  u_alu/u_algorithm/u_div/y1__1043/CO[3]
                         net (fo=1, routed)           0.000    51.169    u_alu/u_algorithm/u_div/y1__1043_n_0
    SLICE_X102Y35        CARRY4 (Prop_carry4_CI_CO[3])
                                                      0.117    51.286 r  u_alu/u_algorithm/u_div/y1__1044/CO[3]
                         net (fo=1, routed)           0.000    51.286    u_alu/u_algorithm/u_div/y1__1044_n_0
    SLICE_X102Y36        CARRY4 (Prop_carry4_CI_CO[3])
                                                      0.117    51.403 r  u_alu/u_algorithm/u_div/y1__1045/CO[3]
                         net (fo=1, routed)           0.000    51.403    u_alu/u_algorithm/u_div/y1__1045_n_0
    SLICE_X102Y37        CARRY4 (Prop_carry4_CI_CO[3])
                                                      0.117    51.520 r  u_alu/u_algorithm/u_div/y1__1046/CO[3]
                         net (fo=1, routed)           0.000    51.520    u_alu/u_algorithm/u_div/y1__1046_n_0
    SLICE_X102Y38        CARRY4 (Prop_carry4_CI_CO[3])
                                                      0.117    51.637 r  u_alu/u_algorithm/u_div/y1__1047/CO[3]
                         net (fo=1, routed)           0.000    51.637    u_alu/u_algorithm/u_div/y1__1047_n_0
    SLICE_X102Y39        CARRY4 (Prop_carry4_CI_CO[3])
                                                      0.117    51.754 r  u_alu/u_algorithm/u_div/y1__1048/CO[3]
                         net (fo=1, routed)           0.000    51.754    u_alu/u_algorithm/u_div/y1__1048_n_0
    SLICE_X102Y40        CARRY4 (Prop_carry4_CI_CO[0])
                                                      0.254    52.008 r  u_alu/u_algorithm/u_div/y1__1049/CO[0]
                         net (fo=32, routed)          0.672    52.680    u_alu/u_algorithm/u_div/y1__1049_n_3
    SLICE_X103Y39        LUT5 (Prop_lut5_I3_O)        0.367    53.047 r  u_alu/u_algorithm/u_div/y1__1050_i_5/O
                         net (fo=1, routed)           0.000    53.047    u_alu/u_algorithm/u_div/y1__1050_i_5_n_0
    SLICE_X103Y39        CARRY4 (Prop_carry4_S[0]_CO[3])
                                                      0.532    53.579 r  u_alu/u_algorithm/u_div/y1__1050/CO[3]
                         net (fo=1, routed)           0.000    53.579    u_alu/u_algorithm/u_div/y1__1050_n_0
    SLICE_X103Y40        CARRY4 (Prop_carry4_CI_CO[3])
                                                      0.114    53.693 r  u_alu/u_algorithm/u_div/y1__1051/CO[3]
                         net (fo=1, routed)           0.000    53.693    u_alu/u_algorithm/u_div/y1__1051_n_0
    SLICE_X103Y41        CARRY4 (Prop_carry4_CI_CO[3])
                                                      0.114    53.807 r  u_alu/u_algorithm/u_div/y1__1052/CO[3]
                         net (fo=1, routed)           0.000    53.807    u_alu/u_algorithm/u_div/y1__1052_n_0
    SLICE_X103Y42        CARRY4 (Prop_carry4_CI_CO[3])
                                                      0.114    53.921 r  u_alu/u_algorithm/u_div/y1__1053/CO[3]
                         net (fo=1, routed)           0.000    53.921    u_alu/u_algorithm/u_div/y1__1053_n_0
    SLICE_X103Y43        CARRY4 (Prop_carry4_CI_CO[3])
                                                      0.114    54.035 r  u_alu/u_algorithm/u_div/y1__1054/CO[3]
                         net (fo=1, routed)           0.000    54.035    u_alu/u_algorithm/u_div/y1__1054_n_0
    SLICE_X103Y44        CARRY4 (Prop_carry4_CI_CO[3])
                                                      0.114    54.149 r  u_alu/u_algorithm/u_div/y1__1055/CO[3]
                         net (fo=1, routed)           0.000    54.149    u_alu/u_algorithm/u_div/y1__1055_n_0
    SLICE_X103Y45        CARRY4 (Prop_carry4_CI_CO[3])
                                                      0.114    54.263 r  u_alu/u_algorithm/u_div/y1__1056/CO[3]
                         net (fo=1, routed)           0.000    54.263    u_alu/u_algorithm/u_div/y1__1056_n_0
    SLICE_X103Y46        CARRY4 (Prop_carry4_CI_CO[0])
                                                      0.271    54.534 r  u_alu/u_algorithm/u_div/y1__1057/CO[0]
                         net (fo=34, routed)          0.528    55.061    u_alu/u_algorithm/u_div/y10_in[15]
    SLICE_X102Y46        LUT5 (Prop_lut5_I0_O)        0.373    55.434 r  u_alu/u_algorithm/u_div/y1__1058_i_4/O
                         net (fo=1, routed)           0.000    55.434    u_alu/u_algorithm/u_div/y1__1058_i_4_n_0
    SLICE_X102Y46        CARRY4 (Prop_carry4_S[1]_CO[3])
                                                      0.533    55.967 r  u_alu/u_algorithm/u_div/y1__1058/CO[3]
                         net (fo=1, routed)           0.000    55.967    u_alu/u_algorithm/u_div/y1__1058_n_0
    SLICE_X102Y47        CARRY4 (Prop_carry4_CI_CO[3])
                                                      0.117    56.084 r  u_alu/u_algorithm/u_div/y1__1059/CO[3]
                         net (fo=1, routed)           0.000    56.084    u_alu/u_algorithm/u_div/y1__1059_n_0
    SLICE_X102Y48        CARRY4 (Prop_carry4_CI_CO[3])
                                                      0.117    56.201 r  u_alu/u_algorithm/u_div/y1__1060/CO[3]
                         net (fo=1, routed)           0.000    56.201    u_alu/u_algorithm/u_div/y1__1060_n_0
    SLICE_X102Y49        CARRY4 (Prop_carry4_CI_CO[3])
                                                      0.117    56.318 r  u_alu/u_algorithm/u_div/y1__1061/CO[3]
                         net (fo=1, routed)           0.001    56.319    u_alu/u_algorithm/u_div/y1__1061_n_0
    SLICE_X102Y50        CARRY4 (Prop_carry4_CI_CO[3])
                                                      0.117    56.436 r  u_alu/u_algorithm/u_div/y1__1062/CO[3]
                         net (fo=1, routed)           0.000    56.436    u_alu/u_algorithm/u_div/y1__1062_n_0
    SLICE_X102Y51        CARRY4 (Prop_carry4_CI_CO[3])
                                                      0.117    56.553 r  u_alu/u_algorithm/u_div/y1__1063/CO[3]
                         net (fo=1, routed)           0.000    56.553    u_alu/u_algorithm/u_div/y1__1063_n_0
    SLICE_X102Y52        CARRY4 (Prop_carry4_CI_CO[3])
                                                      0.117    56.670 r  u_alu/u_algorithm/u_div/y1__1064/CO[3]
                         net (fo=1, routed)           0.000    56.670    u_alu/u_algorithm/u_div/y1__1064_n_0
    SLICE_X102Y53        CARRY4 (Prop_carry4_CI_CO[0])
                                                      0.254    56.924 r  u_alu/u_algorithm/u_div/y1__1065/CO[0]
                         net (fo=34, routed)          0.771    57.695    u_alu/u_algorithm/u_div/y10_in[14]
    SLICE_X103Y53        LUT5 (Prop_lut5_I3_O)        0.367    58.062 r  u_alu/u_algorithm/u_div/y1__1066_i_5/O
                         net (fo=1, routed)           0.000    58.062    u_alu/u_algorithm/u_div/y1__1066_i_5_n_0
    SLICE_X103Y53        CARRY4 (Prop_carry4_S[0]_CO[3])
                                                      0.532    58.594 r  u_alu/u_algorithm/u_div/y1__1066/CO[3]
                         net (fo=1, routed)           0.000    58.594    u_alu/u_algorithm/u_div/y1__1066_n_0
    SLICE_X103Y54        CARRY4 (Prop_carry4_CI_CO[3])
                                                      0.114    58.708 r  u_alu/u_algorithm/u_div/y1__1067/CO[3]
                         net (fo=1, routed)           0.000    58.708    u_alu/u_algorithm/u_div/y1__1067_n_0
    SLICE_X103Y55        CARRY4 (Prop_carry4_CI_CO[3])
                                                      0.114    58.822 r  u_alu/u_algorithm/u_div/y1__1068/CO[3]
                         net (fo=1, routed)           0.000    58.822    u_alu/u_algorithm/u_div/y1__1068_n_0
    SLICE_X103Y56        CARRY4 (Prop_carry4_CI_CO[3])
                                                      0.114    58.936 r  u_alu/u_algorithm/u_div/y1__1069/CO[3]
                         net (fo=1, routed)           0.000    58.936    u_alu/u_algorithm/u_div/y1__1069_n_0
    SLICE_X103Y57        CARRY4 (Prop_carry4_CI_CO[3])
                                                      0.114    59.050 r  u_alu/u_algorithm/u_div/y1__1070/CO[3]
                         net (fo=1, routed)           0.000    59.050    u_alu/u_algorithm/u_div/y1__1070_n_0
    SLICE_X103Y58        CARRY4 (Prop_carry4_CI_CO[3])
                                                      0.114    59.164 r  u_alu/u_algorithm/u_div/y1__1071/CO[3]
                         net (fo=1, routed)           0.000    59.164    u_alu/u_algorithm/u_div/y1__1071_n_0
    SLICE_X103Y59        CARRY4 (Prop_carry4_CI_CO[3])
                                                      0.114    59.278 r  u_alu/u_algorithm/u_div/y1__1072/CO[3]
                         net (fo=1, routed)           0.000    59.278    u_alu/u_algorithm/u_div/y1__1072_n_0
    SLICE_X103Y60        CARRY4 (Prop_carry4_CI_CO[0])
                                                      0.271    59.549 r  u_alu/u_algorithm/u_div/y1__1073/CO[0]
                         net (fo=34, routed)          0.680    60.228    u_alu/u_algorithm/u_div/y10_in[13]
    SLICE_X102Y59        LUT5 (Prop_lut5_I3_O)        0.373    60.601 r  u_alu/u_algorithm/u_div/y1__1074_i_5/O
                         net (fo=1, routed)           0.000    60.601    u_alu/u_algorithm/u_div/y1__1074_i_5_n_0
    SLICE_X102Y59        CARRY4 (Prop_carry4_S[0]_CO[3])
                                                      0.513    61.114 r  u_alu/u_algorithm/u_div/y1__1074/CO[3]
                         net (fo=1, routed)           0.000    61.114    u_alu/u_algorithm/u_div/y1__1074_n_0
    SLICE_X102Y60        CARRY4 (Prop_carry4_CI_CO[3])
                                                      0.117    61.231 r  u_alu/u_algorithm/u_div/y1__1075/CO[3]
                         net (fo=1, routed)           0.000    61.231    u_alu/u_algorithm/u_div/y1__1075_n_0
    SLICE_X102Y61        CARRY4 (Prop_carry4_CI_CO[3])
                                                      0.117    61.348 r  u_alu/u_algorithm/u_div/y1__1076/CO[3]
                         net (fo=1, routed)           0.000    61.348    u_alu/u_algorithm/u_div/y1__1076_n_0
    SLICE_X102Y62        CARRY4 (Prop_carry4_CI_CO[3])
                                                      0.117    61.465 r  u_alu/u_algorithm/u_div/y1__1077/CO[3]
                         net (fo=1, routed)           0.000    61.465    u_alu/u_algorithm/u_div/y1__1077_n_0
    SLICE_X102Y63        CARRY4 (Prop_carry4_CI_CO[3])
                                                      0.117    61.582 r  u_alu/u_algorithm/u_div/y1__1078/CO[3]
                         net (fo=1, routed)           0.000    61.582    u_alu/u_algorithm/u_div/y1__1078_n_0
    SLICE_X102Y64        CARRY4 (Prop_carry4_CI_CO[3])
                                                      0.117    61.699 r  u_alu/u_algorithm/u_div/y1__1079/CO[3]
                         net (fo=1, routed)           0.000    61.699    u_alu/u_algorithm/u_div/y1__1079_n_0
    SLICE_X102Y65        CARRY4 (Prop_carry4_CI_CO[3])
                                                      0.117    61.816 r  u_alu/u_algorithm/u_div/y1__1080/CO[3]
                         net (fo=1, routed)           0.000    61.816    u_alu/u_algorithm/u_div/y1__1080_n_0
    SLICE_X102Y66        CARRY4 (Prop_carry4_CI_CO[0])
                                                      0.254    62.070 r  u_alu/u_algorithm/u_div/y1__1081/CO[0]
                         net (fo=34, routed)          0.733    62.804    u_alu/u_algorithm/u_div/y10_in[12]
    SLICE_X103Y66        LUT5 (Prop_lut5_I3_O)        0.367    63.171 r  u_alu/u_algorithm/u_div/y1__1082_i_5/O
                         net (fo=1, routed)           0.000    63.171    u_alu/u_algorithm/u_div/y1__1082_i_5_n_0
    SLICE_X103Y66        CARRY4 (Prop_carry4_S[0]_CO[3])
                                                      0.532    63.703 r  u_alu/u_algorithm/u_div/y1__1082/CO[3]
                         net (fo=1, routed)           0.000    63.703    u_alu/u_algorithm/u_div/y1__1082_n_0
    SLICE_X103Y67        CARRY4 (Prop_carry4_CI_CO[3])
                                                      0.114    63.817 r  u_alu/u_algorithm/u_div/y1__1083/CO[3]
                         net (fo=1, routed)           0.000    63.817    u_alu/u_algorithm/u_div/y1__1083_n_0
    SLICE_X103Y68        CARRY4 (Prop_carry4_CI_CO[3])
                                                      0.114    63.931 r  u_alu/u_algorithm/u_div/y1__1084/CO[3]
                         net (fo=1, routed)           0.000    63.931    u_alu/u_algorithm/u_div/y1__1084_n_0
    SLICE_X103Y69        CARRY4 (Prop_carry4_CI_CO[3])
                                                      0.114    64.045 r  u_alu/u_algorithm/u_div/y1__1085/CO[3]
                         net (fo=1, routed)           0.000    64.045    u_alu/u_algorithm/u_div/y1__1085_n_0
    SLICE_X103Y70        CARRY4 (Prop_carry4_CI_CO[3])
                                                      0.114    64.159 r  u_alu/u_algorithm/u_div/y1__1086/CO[3]
                         net (fo=1, routed)           0.000    64.159    u_alu/u_algorithm/u_div/y1__1086_n_0
    SLICE_X103Y71        CARRY4 (Prop_carry4_CI_CO[3])
                                                      0.114    64.273 r  u_alu/u_algorithm/u_div/y1__1087/CO[3]
                         net (fo=1, routed)           0.000    64.273    u_alu/u_algorithm/u_div/y1__1087_n_0
    SLICE_X103Y72        CARRY4 (Prop_carry4_CI_CO[3])
                                                      0.114    64.387 r  u_alu/u_algorithm/u_div/y1__1088/CO[3]
                         net (fo=1, routed)           0.000    64.387    u_alu/u_algorithm/u_div/y1__1088_n_0
    SLICE_X103Y73        CARRY4 (Prop_carry4_CI_CO[0])
                                                      0.271    64.658 r  u_alu/u_algorithm/u_div/y1__1089/CO[0]
                         net (fo=34, routed)          0.528    65.185    u_alu/u_algorithm/u_div/y10_in[11]
    SLICE_X102Y73        LUT5 (Prop_lut5_I0_O)        0.373    65.558 r  u_alu/u_algorithm/u_div/y1__1090_i_4/O
                         net (fo=1, routed)           0.000    65.558    u_alu/u_algorithm/u_div/y1__1090_i_4_n_0
    SLICE_X102Y73        CARRY4 (Prop_carry4_S[1]_CO[3])
                                                      0.533    66.091 r  u_alu/u_algorithm/u_div/y1__1090/CO[3]
                         net (fo=1, routed)           0.000    66.091    u_alu/u_algorithm/u_div/y1__1090_n_0
    SLICE_X102Y74        CARRY4 (Prop_carry4_CI_CO[3])
                                                      0.117    66.208 r  u_alu/u_algorithm/u_div/y1__1091/CO[3]
                         net (fo=1, routed)           0.009    66.217    u_alu/u_algorithm/u_div/y1__1091_n_0
    SLICE_X102Y75        CARRY4 (Prop_carry4_CI_CO[3])
                                                      0.117    66.334 r  u_alu/u_algorithm/u_div/y1__1092/CO[3]
                         net (fo=1, routed)           0.000    66.334    u_alu/u_algorithm/u_div/y1__1092_n_0
    SLICE_X102Y76        CARRY4 (Prop_carry4_CI_CO[3])
                                                      0.117    66.451 r  u_alu/u_algorithm/u_div/y1__1093/CO[3]
                         net (fo=1, routed)           0.000    66.451    u_alu/u_algorithm/u_div/y1__1093_n_0
    SLICE_X102Y77        CARRY4 (Prop_carry4_CI_CO[3])
                                                      0.117    66.568 r  u_alu/u_algorithm/u_div/y1__1094/CO[3]
                         net (fo=1, routed)           0.000    66.568    u_alu/u_algorithm/u_div/y1__1094_n_0
    SLICE_X102Y78        CARRY4 (Prop_carry4_CI_CO[3])
                                                      0.117    66.685 r  u_alu/u_algorithm/u_div/y1__1095/CO[3]
                         net (fo=1, routed)           0.000    66.685    u_alu/u_algorithm/u_div/y1__1095_n_0
    SLICE_X102Y79        CARRY4 (Prop_carry4_CI_CO[3])
                                                      0.117    66.802 r  u_alu/u_algorithm/u_div/y1__1096/CO[3]
                         net (fo=1, routed)           0.000    66.802    u_alu/u_algorithm/u_div/y1__1096_n_0
    SLICE_X102Y80        CARRY4 (Prop_carry4_CI_CO[0])
                                                      0.254    67.056 r  u_alu/u_algorithm/u_div/y1__1097/CO[0]
                         net (fo=34, routed)          0.650    67.706    u_alu/u_algorithm/u_div/y10_in[10]
    SLICE_X103Y79        LUT5 (Prop_lut5_I3_O)        0.367    68.073 r  u_alu/u_algorithm/u_div/y1__1098_i_5/O
                         net (fo=1, routed)           0.000    68.073    u_alu/u_algorithm/u_div/y1__1098_i_5_n_0
    SLICE_X103Y79        CARRY4 (Prop_carry4_S[0]_CO[3])
                                                      0.532    68.605 r  u_alu/u_algorithm/u_div/y1__1098/CO[3]
                         net (fo=1, routed)           0.000    68.605    u_alu/u_algorithm/u_div/y1__1098_n_0
    SLICE_X103Y80        CARRY4 (Prop_carry4_CI_CO[3])
                                                      0.114    68.719 r  u_alu/u_algorithm/u_div/y1__1099/CO[3]
                         net (fo=1, routed)           0.000    68.719    u_alu/u_algorithm/u_div/y1__1099_n_0
    SLICE_X103Y81        CARRY4 (Prop_carry4_CI_CO[3])
                                                      0.114    68.833 r  u_alu/u_algorithm/u_div/y1__1100/CO[3]
                         net (fo=1, routed)           0.000    68.833    u_alu/u_algorithm/u_div/y1__1100_n_0
    SLICE_X103Y82        CARRY4 (Prop_carry4_CI_CO[3])
                                                      0.114    68.947 r  u_alu/u_algorithm/u_div/y1__1101/CO[3]
                         net (fo=1, routed)           0.000    68.947    u_alu/u_algorithm/u_div/y1__1101_n_0
    SLICE_X103Y83        CARRY4 (Prop_carry4_CI_CO[3])
                                                      0.114    69.061 r  u_alu/u_algorithm/u_div/y1__1102/CO[3]
                         net (fo=1, routed)           0.000    69.061    u_alu/u_algorithm/u_div/y1__1102_n_0
    SLICE_X103Y84        CARRY4 (Prop_carry4_CI_CO[3])
                                                      0.114    69.175 r  u_alu/u_algorithm/u_div/y1__1103/CO[3]
                         net (fo=1, routed)           0.000    69.175    u_alu/u_algorithm/u_div/y1__1103_n_0
    SLICE_X103Y85        CARRY4 (Prop_carry4_CI_CO[3])
                                                      0.114    69.289 r  u_alu/u_algorithm/u_div/y1__1104/CO[3]
                         net (fo=1, routed)           0.000    69.289    u_alu/u_algorithm/u_div/y1__1104_n_0
    SLICE_X103Y86        CARRY4 (Prop_carry4_CI_CO[0])
                                                      0.271    69.560 r  u_alu/u_algorithm/u_div/y1__1105/CO[0]
                         net (fo=34, routed)          0.545    70.105    u_alu/u_algorithm/u_div/y10_in[9]
    SLICE_X102Y86        LUT5 (Prop_lut5_I0_O)        0.373    70.478 r  u_alu/u_algorithm/u_div/y1__1106_i_4/O
                         net (fo=1, routed)           0.000    70.478    u_alu/u_algorithm/u_div/y1__1106_i_4_n_0
    SLICE_X102Y86        CARRY4 (Prop_carry4_S[1]_CO[3])
                                                      0.533    71.011 r  u_alu/u_algorithm/u_div/y1__1106/CO[3]
                         net (fo=1, routed)           0.000    71.011    u_alu/u_algorithm/u_div/y1__1106_n_0
    SLICE_X102Y87        CARRY4 (Prop_carry4_CI_CO[3])
                                                      0.117    71.128 r  u_alu/u_algorithm/u_div/y1__1107/CO[3]
                         net (fo=1, routed)           0.000    71.128    u_alu/u_algorithm/u_div/y1__1107_n_0
    SLICE_X102Y88        CARRY4 (Prop_carry4_CI_CO[3])
                                                      0.117    71.245 r  u_alu/u_algorithm/u_div/y1__1108/CO[3]
                         net (fo=1, routed)           0.000    71.245    u_alu/u_algorithm/u_div/y1__1108_n_0
    SLICE_X102Y89        CARRY4 (Prop_carry4_CI_CO[3])
                                                      0.117    71.362 r  u_alu/u_algorithm/u_div/y1__1109/CO[3]
                         net (fo=1, routed)           0.000    71.362    u_alu/u_algorithm/u_div/y1__1109_n_0
    SLICE_X102Y90        CARRY4 (Prop_carry4_CI_CO[3])
                                                      0.117    71.479 r  u_alu/u_algorithm/u_div/y1__1110/CO[3]
                         net (fo=1, routed)           0.000    71.479    u_alu/u_algorithm/u_div/y1__1110_n_0
    SLICE_X102Y91        CARRY4 (Prop_carry4_CI_CO[3])
                                                      0.117    71.595 r  u_alu/u_algorithm/u_div/y1__1111/CO[3]
                         net (fo=1, routed)           0.000    71.595    u_alu/u_algorithm/u_div/y1__1111_n_0
    SLICE_X102Y92        CARRY4 (Prop_carry4_CI_CO[3])
                                                      0.117    71.712 r  u_alu/u_algorithm/u_div/y1__1112/CO[3]
                         net (fo=1, routed)           0.000    71.712    u_alu/u_algorithm/u_div/y1__1112_n_0
    SLICE_X102Y93        CARRY4 (Prop_carry4_CI_CO[0])
                                                      0.254    71.966 r  u_alu/u_algorithm/u_div/y1__1113/CO[0]
                         net (fo=34, routed)          0.735    72.701    u_alu/u_algorithm/u_div/y10_in[8]
    SLICE_X103Y93        LUT5 (Prop_lut5_I3_O)        0.367    73.068 r  u_alu/u_algorithm/u_div/y1__1114_i_5/O
                         net (fo=1, routed)           0.000    73.068    u_alu/u_algorithm/u_div/y1__1114_i_5_n_0
    SLICE_X103Y93        CARRY4 (Prop_carry4_S[0]_CO[3])
                                                      0.532    73.600 r  u_alu/u_algorithm/u_div/y1__1114/CO[3]
                         net (fo=1, routed)           0.000    73.600    u_alu/u_algorithm/u_div/y1__1114_n_0
    SLICE_X103Y94        CARRY4 (Prop_carry4_CI_CO[3])
                                                      0.114    73.714 r  u_alu/u_algorithm/u_div/y1__1115/CO[3]
                         net (fo=1, routed)           0.000    73.714    u_alu/u_algorithm/u_div/y1__1115_n_0
    SLICE_X103Y95        CARRY4 (Prop_carry4_CI_CO[3])
                                                      0.114    73.828 r  u_alu/u_algorithm/u_div/y1__1116/CO[3]
                         net (fo=1, routed)           0.000    73.828    u_alu/u_algorithm/u_div/y1__1116_n_0
    SLICE_X103Y96        CARRY4 (Prop_carry4_CI_CO[3])
                                                      0.114    73.942 r  u_alu/u_algorithm/u_div/y1__1117/CO[3]
                         net (fo=1, routed)           0.000    73.942    u_alu/u_algorithm/u_div/y1__1117_n_0
    SLICE_X103Y97        CARRY4 (Prop_carry4_CI_CO[3])
                                                      0.114    74.056 r  u_alu/u_algorithm/u_div/y1__1118/CO[3]
                         net (fo=1, routed)           0.000    74.056    u_alu/u_algorithm/u_div/y1__1118_n_0
    SLICE_X103Y98        CARRY4 (Prop_carry4_CI_CO[3])
                                                      0.114    74.170 r  u_alu/u_algorithm/u_div/y1__1119/CO[3]
                         net (fo=1, routed)           0.000    74.170    u_alu/u_algorithm/u_div/y1__1119_n_0
    SLICE_X103Y99        CARRY4 (Prop_carry4_CI_CO[3])
                                                      0.114    74.284 r  u_alu/u_algorithm/u_div/y1__1120/CO[3]
                         net (fo=1, routed)           0.001    74.285    u_alu/u_algorithm/u_div/y1__1120_n_0
    SLICE_X103Y100       CARRY4 (Prop_carry4_CI_CO[0])
                                                      0.271    74.556 r  u_alu/u_algorithm/u_div/y1__1121/CO[0]
                         net (fo=34, routed)          0.731    75.287    u_alu/u_algorithm/u_div/y10_in[7]
    SLICE_X102Y100       LUT5 (Prop_lut5_I0_O)        0.373    75.660 r  u_alu/u_algorithm/u_div/y1__1122_i_4/O
                         net (fo=1, routed)           0.000    75.660    u_alu/u_algorithm/u_div/y1__1122_i_4_n_0
    SLICE_X102Y100       CARRY4 (Prop_carry4_S[1]_CO[3])
                                                      0.533    76.193 r  u_alu/u_algorithm/u_div/y1__1122/CO[3]
                         net (fo=1, routed)           0.000    76.193    u_alu/u_algorithm/u_div/y1__1122_n_0
    SLICE_X102Y101       CARRY4 (Prop_carry4_CI_CO[3])
                                                      0.117    76.310 r  u_alu/u_algorithm/u_div/y1__1123/CO[3]
                         net (fo=1, routed)           0.000    76.310    u_alu/u_algorithm/u_div/y1__1123_n_0
    SLICE_X102Y102       CARRY4 (Prop_carry4_CI_CO[3])
                                                      0.117    76.427 r  u_alu/u_algorithm/u_div/y1__1124/CO[3]
                         net (fo=1, routed)           0.000    76.427    u_alu/u_algorithm/u_div/y1__1124_n_0
    SLICE_X102Y103       CARRY4 (Prop_carry4_CI_CO[3])
                                                      0.117    76.544 r  u_alu/u_algorithm/u_div/y1__1125/CO[3]
                         net (fo=1, routed)           0.000    76.544    u_alu/u_algorithm/u_div/y1__1125_n_0
    SLICE_X102Y104       CARRY4 (Prop_carry4_CI_CO[3])
                                                      0.117    76.661 r  u_alu/u_algorithm/u_div/y1__1126/CO[3]
                         net (fo=1, routed)           0.000    76.661    u_alu/u_algorithm/u_div/y1__1126_n_0
    SLICE_X102Y105       CARRY4 (Prop_carry4_CI_CO[3])
                                                      0.117    76.778 r  u_alu/u_algorithm/u_div/y1__1127/CO[3]
                         net (fo=1, routed)           0.000    76.778    u_alu/u_algorithm/u_div/y1__1127_n_0
    SLICE_X102Y106       CARRY4 (Prop_carry4_CI_CO[3])
                                                      0.117    76.895 r  u_alu/u_algorithm/u_div/y1__1128/CO[3]
                         net (fo=1, routed)           0.000    76.895    u_alu/u_algorithm/u_div/y1__1128_n_0
    SLICE_X102Y107       CARRY4 (Prop_carry4_CI_CO[0])
                                                      0.254    77.149 r  u_alu/u_algorithm/u_div/y1__1129/CO[0]
                         net (fo=33, routed)          0.660    77.809    u_alu/u_algorithm/u_div/y10_in[6]
    SLICE_X103Y106       LUT5 (Prop_lut5_I3_O)        0.367    78.176 r  u_alu/u_algorithm/u_div/y1__1130_i_5/O
                         net (fo=1, routed)           0.000    78.176    u_alu/u_algorithm/u_div/y1__1130_i_5_n_0
    SLICE_X103Y106       CARRY4 (Prop_carry4_S[0]_CO[3])
                                                      0.532    78.708 r  u_alu/u_algorithm/u_div/y1__1130/CO[3]
                         net (fo=1, routed)           0.000    78.708    u_alu/u_algorithm/u_div/y1__1130_n_0
    SLICE_X103Y107       CARRY4 (Prop_carry4_CI_CO[3])
                                                      0.114    78.822 r  u_alu/u_algorithm/u_div/y1__1131/CO[3]
                         net (fo=1, routed)           0.000    78.822    u_alu/u_algorithm/u_div/y1__1131_n_0
    SLICE_X103Y108       CARRY4 (Prop_carry4_CI_CO[3])
                                                      0.114    78.936 r  u_alu/u_algorithm/u_div/y1__1132/CO[3]
                         net (fo=1, routed)           0.000    78.936    u_alu/u_algorithm/u_div/y1__1132_n_0
    SLICE_X103Y109       CARRY4 (Prop_carry4_CI_CO[3])
                                                      0.114    79.050 r  u_alu/u_algorithm/u_div/y1__1133/CO[3]
                         net (fo=1, routed)           0.000    79.050    u_alu/u_algorithm/u_div/y1__1133_n_0
    SLICE_X103Y110       CARRY4 (Prop_carry4_CI_CO[3])
                                                      0.114    79.164 r  u_alu/u_algorithm/u_div/y1__1134/CO[3]
                         net (fo=1, routed)           0.000    79.164    u_alu/u_algorithm/u_div/y1__1134_n_0
    SLICE_X103Y111       CARRY4 (Prop_carry4_CI_CO[3])
                                                      0.114    79.278 r  u_alu/u_algorithm/u_div/y1__1135/CO[3]
                         net (fo=1, routed)           0.000    79.278    u_alu/u_algorithm/u_div/y1__1135_n_0
    SLICE_X103Y112       CARRY4 (Prop_carry4_CI_CO[3])
                                                      0.114    79.392 r  u_alu/u_algorithm/u_div/y1__1136/CO[3]
                         net (fo=1, routed)           0.000    79.392    u_alu/u_algorithm/u_div/y1__1136_n_0
    SLICE_X103Y113       CARRY4 (Prop_carry4_CI_CO[0])
                                                      0.271    79.663 r  u_alu/u_algorithm/u_div/y1__1137/CO[0]
                         net (fo=33, routed)          0.644    80.307    u_alu/u_algorithm/u_div/y10_in[5]
    SLICE_X104Y112       CARRY4 (Prop_carry4_CYINIT_CO[3])
                                                      0.844    81.151 r  u_alu/u_algorithm/u_div/y1__1138/CO[3]
                         net (fo=1, routed)           0.000    81.151    u_alu/u_algorithm/u_div/y1__1138_n_0
    SLICE_X104Y113       CARRY4 (Prop_carry4_CI_CO[3])
                                                      0.117    81.268 r  u_alu/u_algorithm/u_div/y1__1139/CO[3]
                         net (fo=1, routed)           0.000    81.268    u_alu/u_algorithm/u_div/y1__1139_n_0
    SLICE_X104Y114       CARRY4 (Prop_carry4_CI_CO[3])
                                                      0.117    81.385 r  u_alu/u_algorithm/u_div/y1__1140/CO[3]
                         net (fo=1, routed)           0.000    81.385    u_alu/u_algorithm/u_div/y1__1140_n_0
    SLICE_X104Y115       CARRY4 (Prop_carry4_CI_CO[3])
                                                      0.117    81.502 r  u_alu/u_algorithm/u_div/y1__1141/CO[3]
                         net (fo=1, routed)           0.000    81.502    u_alu/u_algorithm/u_div/y1__1141_n_0
    SLICE_X104Y116       CARRY4 (Prop_carry4_CI_CO[3])
                                                      0.117    81.619 r  u_alu/u_algorithm/u_div/y1__1142/CO[3]
                         net (fo=1, routed)           0.000    81.619    u_alu/u_algorithm/u_div/y1__1142_n_0
    SLICE_X104Y117       CARRY4 (Prop_carry4_CI_CO[3])
                                                      0.117    81.736 r  u_alu/u_algorithm/u_div/y1__1143/CO[3]
                         net (fo=1, routed)           0.000    81.736    u_alu/u_algorithm/u_div/y1__1143_n_0
    SLICE_X104Y118       CARRY4 (Prop_carry4_CI_CO[3])
                                                      0.117    81.853 r  u_alu/u_algorithm/u_div/y1__1144/CO[3]
                         net (fo=1, routed)           0.000    81.853    u_alu/u_algorithm/u_div/y1__1144_n_0
    SLICE_X104Y119       CARRY4 (Prop_carry4_CI_CO[1])
                                                      0.157    82.010 r  u_alu/u_algorithm/u_div/y1__1145/CO[1]
                         net (fo=34, routed)          0.729    82.739    u_alu/u_algorithm/u_div/y10_in[4]
    SLICE_X103Y119       LUT4 (Prop_lut4_I3_O)        0.332    83.071 r  u_alu/u_algorithm/u_div/y1__1146_i_4/O
                         net (fo=1, routed)           0.000    83.071    u_alu/u_algorithm/u_div/y1__1146_i_4_n_0
    SLICE_X103Y119       CARRY4 (Prop_carry4_S[1]_CO[3])
                                                      0.550    83.621 r  u_alu/u_algorithm/u_div/y1__1146/CO[3]
                         net (fo=1, routed)           0.000    83.621    u_alu/u_algorithm/u_div/y1__1146_n_0
    SLICE_X103Y120       CARRY4 (Prop_carry4_CI_CO[3])
                                                      0.114    83.735 r  u_alu/u_algorithm/u_div/y1__1147/CO[3]
                         net (fo=1, routed)           0.000    83.735    u_alu/u_algorithm/u_div/y1__1147_n_0
    SLICE_X103Y121       CARRY4 (Prop_carry4_CI_CO[3])
                                                      0.114    83.849 r  u_alu/u_algorithm/u_div/y1__1148/CO[3]
                         net (fo=1, routed)           0.000    83.849    u_alu/u_algorithm/u_div/y1__1148_n_0
    SLICE_X103Y122       CARRY4 (Prop_carry4_CI_CO[3])
                                                      0.114    83.963 r  u_alu/u_algorithm/u_div/y1__1149/CO[3]
                         net (fo=1, routed)           0.000    83.963    u_alu/u_algorithm/u_div/y1__1149_n_0
    SLICE_X103Y123       CARRY4 (Prop_carry4_CI_CO[3])
                                                      0.114    84.077 r  u_alu/u_algorithm/u_div/y1__1150/CO[3]
                         net (fo=1, routed)           0.000    84.077    u_alu/u_algorithm/u_div/y1__1150_n_0
    SLICE_X103Y124       CARRY4 (Prop_carry4_CI_CO[3])
                                                      0.114    84.191 r  u_alu/u_algorithm/u_div/y1__1151/CO[3]
                         net (fo=1, routed)           0.009    84.200    u_alu/u_algorithm/u_div/y1__1151_n_0
    SLICE_X103Y125       CARRY4 (Prop_carry4_CI_CO[3])
                                                      0.114    84.314 r  u_alu/u_algorithm/u_div/y1__1152/CO[3]
                         net (fo=1, routed)           0.000    84.314    u_alu/u_algorithm/u_div/y1__1152_n_0
    SLICE_X103Y126       CARRY4 (Prop_carry4_CI_CO[1])
                                                      0.157    84.471 r  u_alu/u_algorithm/u_div/y1__1153/CO[1]
                         net (fo=34, routed)          0.699    85.170    u_alu/u_algorithm/u_div/y10_in[3]
    SLICE_X102Y126       LUT4 (Prop_lut4_I3_O)        0.329    85.499 r  u_alu/u_algorithm/u_div/y1__1154_i_4/O
                         net (fo=1, routed)           0.000    85.499    u_alu/u_algorithm/u_div/y1__1154_i_4_n_0
    SLICE_X102Y126       CARRY4 (Prop_carry4_S[1]_CO[3])
                                                      0.533    86.032 r  u_alu/u_algorithm/u_div/y1__1154/CO[3]
                         net (fo=1, routed)           0.000    86.032    u_alu/u_algorithm/u_div/y1__1154_n_0
    SLICE_X102Y127       CARRY4 (Prop_carry4_CI_CO[3])
                                                      0.117    86.149 r  u_alu/u_algorithm/u_div/y1__1155/CO[3]
                         net (fo=1, routed)           0.000    86.149    u_alu/u_algorithm/u_div/y1__1155_n_0
    SLICE_X102Y128       CARRY4 (Prop_carry4_CI_CO[3])
                                                      0.117    86.266 r  u_alu/u_algorithm/u_div/y1__1156/CO[3]
                         net (fo=1, routed)           0.000    86.266    u_alu/u_algorithm/u_div/y1__1156_n_0
    SLICE_X102Y129       CARRY4 (Prop_carry4_CI_CO[3])
                                                      0.117    86.383 r  u_alu/u_algorithm/u_div/y1__1157/CO[3]
                         net (fo=1, routed)           0.000    86.383    u_alu/u_algorithm/u_div/y1__1157_n_0
    SLICE_X102Y130       CARRY4 (Prop_carry4_CI_CO[3])
                                                      0.117    86.500 r  u_alu/u_algorithm/u_div/y1__1158/CO[3]
                         net (fo=1, routed)           0.000    86.500    u_alu/u_algorithm/u_div/y1__1158_n_0
    SLICE_X102Y131       CARRY4 (Prop_carry4_CI_CO[3])
                                                      0.117    86.617 r  u_alu/u_algorithm/u_div/y1__1159/CO[3]
                         net (fo=1, routed)           0.000    86.617    u_alu/u_algorithm/u_div/y1__1159_n_0
    SLICE_X102Y132       CARRY4 (Prop_carry4_CI_CO[3])
                                                      0.117    86.734 r  u_alu/u_algorithm/u_div/y1__1160/CO[3]
                         net (fo=1, routed)           0.000    86.734    u_alu/u_algorithm/u_div/y1__1160_n_0
    SLICE_X102Y133       CARRY4 (Prop_carry4_CI_CO[1])
                                                      0.157    86.891 r  u_alu/u_algorithm/u_div/y1__1161/CO[1]
                         net (fo=34, routed)          0.701    87.592    u_alu/u_algorithm/u_div/y10_in[2]
    SLICE_X103Y131       LUT4 (Prop_lut4_I3_O)        0.332    87.924 r  u_alu/u_algorithm/u_div/y1__1162_i_4/O
                         net (fo=1, routed)           0.000    87.924    u_alu/u_algorithm/u_div/y1__1162_i_4_n_0
    SLICE_X103Y131       CARRY4 (Prop_carry4_S[1]_CO[3])
                                                      0.550    88.474 r  u_alu/u_algorithm/u_div/y1__1162/CO[3]
                         net (fo=1, routed)           0.000    88.474    u_alu/u_algorithm/u_div/y1__1162_n_0
    SLICE_X103Y132       CARRY4 (Prop_carry4_CI_CO[3])
                                                      0.114    88.588 r  u_alu/u_algorithm/u_div/y1__1163/CO[3]
                         net (fo=1, routed)           0.000    88.588    u_alu/u_algorithm/u_div/y1__1163_n_0
    SLICE_X103Y133       CARRY4 (Prop_carry4_CI_CO[3])
                                                      0.114    88.702 r  u_alu/u_algorithm/u_div/y1__1164/CO[3]
                         net (fo=1, routed)           0.000    88.702    u_alu/u_algorithm/u_div/y1__1164_n_0
    SLICE_X103Y134       CARRY4 (Prop_carry4_CI_CO[3])
                                                      0.114    88.816 r  u_alu/u_algorithm/u_div/y1__1165/CO[3]
                         net (fo=1, routed)           0.000    88.816    u_alu/u_algorithm/u_div/y1__1165_n_0
    SLICE_X103Y135       CARRY4 (Prop_carry4_CI_CO[3])
                                                      0.114    88.930 r  u_alu/u_algorithm/u_div/y1__1166/CO[3]
                         net (fo=1, routed)           0.000    88.930    u_alu/u_algorithm/u_div/y1__1166_n_0
    SLICE_X103Y136       CARRY4 (Prop_carry4_CI_CO[3])
                                                      0.114    89.044 r  u_alu/u_algorithm/u_div/y1__1167/CO[3]
                         net (fo=1, routed)           0.000    89.044    u_alu/u_algorithm/u_div/y1__1167_n_0
    SLICE_X103Y137       CARRY4 (Prop_carry4_CI_CO[3])
                                                      0.114    89.158 r  u_alu/u_algorithm/u_div/y1__1168/CO[3]
                         net (fo=1, routed)           0.000    89.158    u_alu/u_algorithm/u_div/y1__1168_n_0
    SLICE_X103Y138       CARRY4 (Prop_carry4_CI_CO[1])
                                                      0.157    89.315 r  u_alu/u_algorithm/u_div/y1__1169/CO[1]
                         net (fo=34, routed)          0.926    90.241    u_alu/u_algorithm/u_div/y10_in[1]
    SLICE_X102Y134       LUT5 (Prop_lut5_I0_O)        0.329    90.570 r  u_alu/u_algorithm/u_div/y1__1170_i_4/O
                         net (fo=1, routed)           0.000    90.570    u_alu/u_algorithm/u_div/y1__1170_i_4_n_0
    SLICE_X102Y134       CARRY4 (Prop_carry4_S[1]_CO[3])
                                                      0.533    91.103 r  u_alu/u_algorithm/u_div/y1__1170/CO[3]
                         net (fo=1, routed)           0.000    91.103    u_alu/u_algorithm/u_div/y1__1170_n_0
    SLICE_X102Y135       CARRY4 (Prop_carry4_CI_CO[3])
                                                      0.117    91.220 r  u_alu/u_algorithm/u_div/y1__1171/CO[3]
                         net (fo=1, routed)           0.000    91.220    u_alu/u_algorithm/u_div/y1__1171_n_0
    SLICE_X102Y136       CARRY4 (Prop_carry4_CI_CO[3])
                                                      0.117    91.337 r  u_alu/u_algorithm/u_div/y1__1172/CO[3]
                         net (fo=1, routed)           0.000    91.337    u_alu/u_algorithm/u_div/y1__1172_n_0
    SLICE_X102Y137       CARRY4 (Prop_carry4_CI_CO[3])
                                                      0.117    91.454 r  u_alu/u_algorithm/u_div/y1__1173/CO[3]
                         net (fo=1, routed)           0.000    91.454    u_alu/u_algorithm/u_div/y1__1173_n_0
    SLICE_X102Y138       CARRY4 (Prop_carry4_CI_CO[3])
                                                      0.117    91.571 r  u_alu/u_algorithm/u_div/y1__1174/CO[3]
                         net (fo=1, routed)           0.000    91.571    u_alu/u_algorithm/u_div/y1__1174_n_0
    SLICE_X102Y139       CARRY4 (Prop_carry4_CI_CO[3])
                                                      0.117    91.688 r  u_alu/u_algorithm/u_div/y1__1175/CO[3]
                         net (fo=1, routed)           0.000    91.688    u_alu/u_algorithm/u_div/y1__1175_n_0
    SLICE_X102Y140       CARRY4 (Prop_carry4_CI_CO[3])
                                                      0.117    91.805 r  u_alu/u_algorithm/u_div/y1__1176/CO[3]
                         net (fo=1, routed)           0.000    91.805    u_alu/u_algorithm/u_div/y1__1176_n_0
    SLICE_X102Y141       CARRY4 (Prop_carry4_CI_CO[0])
                                                      0.254    92.059 f  u_alu/u_algorithm/u_div/y1__1177/CO[0]
                         net (fo=2, routed)           0.308    92.367    u_alu/u_algorithm/u_div/y10_in[0]
    SLICE_X103Y143       LUT1 (Prop_lut1_I0_O)        0.367    92.734 r  u_alu/u_algorithm/u_div/y[4]_i_3/O
                         net (fo=1, routed)           0.332    93.066    u_alu/u_algorithm/u_div/p_0_in[0]
    SLICE_X102Y145       CARRY4 (Prop_carry4_CYINIT_CO[3])
                                                      0.595    93.661 r  u_alu/u_algorithm/u_div/y_reg[4]_i_2/CO[3]
                         net (fo=1, routed)           0.000    93.661    u_alu/u_algorithm/u_div/y_reg[4]_i_2_n_0
    SLICE_X102Y146       CARRY4 (Prop_carry4_CI_CO[3])
                                                      0.117    93.778 r  u_alu/u_algorithm/u_div/y_reg[8]_i_2/CO[3]
                         net (fo=1, routed)           0.000    93.778    u_alu/u_algorithm/u_div/y_reg[8]_i_2_n_0
    SLICE_X102Y147       CARRY4 (Prop_carry4_CI_CO[3])
                                                      0.117    93.895 r  u_alu/u_algorithm/u_div/y_reg[12]_i_2/CO[3]
                         net (fo=1, routed)           0.000    93.895    u_alu/u_algorithm/u_div/y_reg[12]_i_2_n_0
    SLICE_X102Y148       CARRY4 (Prop_carry4_CI_O[1])
                                                      0.323    94.218 r  u_alu/u_algorithm/u_div/y_reg[15]_i_2/O[1]
                         net (fo=1, routed)           0.295    94.513    u_alu/u_algorithm/u_div/y1[14]
    SLICE_X103Y148       LUT5 (Prop_lut5_I1_O)        0.306    94.819 r  u_alu/u_algorithm/u_div/y[14]_i_1/O
                         net (fo=1, routed)           0.000    94.819    u_alu/u_algorithm/u_div/y[14]_i_1_n_0
    SLICE_X103Y148       FDCE                                         r  u_alu/u_algorithm/u_div/y_reg[14]/D
  -------------------------------------------------------------------    -------------------

                         (clock sys_clk_pin rise edge)
                                                      8.000     8.000 r  
    H16                                               0.000     8.000 r  clk (IN)
                         net (fo=0)                   0.000     8.000    clk
    H16                  IBUF (Prop_ibuf_I_O)         1.380     9.380 r  clk_IBUF_inst/O
                         net (fo=1, routed)           2.293    11.673    clk_IBUF
    BUFGCTRL_X0Y16       BUFG (Prop_bufg_I_O)         0.091    11.764 r  clk_IBUF_BUFG_inst/O
                         net (fo=126, routed)         1.784    13.549    u_alu/u_algorithm/u_div/clk_IBUF_BUFG
    SLICE_X103Y148       FDCE                                         r  u_alu/u_algorithm/u_div/y_reg[14]/C
                         clock pessimism              0.309    13.858    
                         clock uncertainty           -0.035    13.822    
    SLICE_X103Y148       FDCE (Setup_fdce_C_D)        0.031    13.853    u_alu/u_algorithm/u_div/y_reg[14]
  -------------------------------------------------------------------
                         required time                         13.853    
                         arrival time                         -94.819    
  -------------------------------------------------------------------
                         slack                                -80.966    

Slack (VIOLATED) :        -80.877ns  (required time - arrival time)
  Source:                 B_in_reg[4]_replica_8/C
                            (rising edge-triggered cell FDCE clocked by sys_clk_pin  {rise@0.000ns fall@4.000ns period=8.000ns})
  Destination:            u_alu/u_algorithm/u_div/y_reg[15]/D
                            (rising edge-triggered cell FDCE clocked by sys_clk_pin  {rise@0.000ns fall@4.000ns period=8.000ns})
  Path Group:             sys_clk_pin
  Path Type:              Setup (Max at Slow Process Corner)
  Requirement:            8.000ns  (sys_clk_pin rise@8.000ns - sys_clk_pin rise@0.000ns)
  Data Path Delay:        88.776ns  (logic 61.498ns (69.273%)  route 27.278ns (30.727%))
  Logic Levels:           291  (CARRY4=258 LUT1=2 LUT2=1 LUT4=5 LUT5=24 LUT6=1)
  Clock Path Skew:        -0.097ns (DCD - SCD + CPR)
    Destination Clock Delay (DCD):    5.549ns = ( 13.549 - 8.000 ) 
    Source Clock Delay      (SCD):    5.955ns
    Clock Pessimism Removal (CPR):    0.309ns
  Clock Uncertainty:      0.035ns  ((TSJ^2 + TIJ^2)^1/2 + DJ) / 2 + PE
    Total System Jitter     (TSJ):    0.071ns
    Total Input Jitter      (TIJ):    0.000ns
    Discrete Jitter          (DJ):    0.000ns
    Phase Error              (PE):    0.000ns

    Location             Delay type                Incr(ns)  Path(ns)    Netlist Resource(s)
  -------------------------------------------------------------------    -------------------
                         (clock sys_clk_pin rise edge)
                                                      0.000     0.000 r  
    H16                                               0.000     0.000 r  clk (IN)
                         net (fo=0)                   0.000     0.000    clk
    H16                  IBUF (Prop_ibuf_I_O)         1.451     1.451 r  clk_IBUF_inst/O
                         net (fo=1, routed)           2.522     3.973    clk_IBUF
    BUFGCTRL_X0Y16       BUFG (Prop_bufg_I_O)         0.101     4.074 r  clk_IBUF_BUFG_inst/O
                         net (fo=126, routed)         1.881     5.955    clk_IBUF_BUFG
    SLICE_X107Y6         FDCE                                         r  B_in_reg[4]_replica_8/C
  -------------------------------------------------------------------    -------------------
    SLICE_X107Y6         FDCE (Prop_fdce_C_Q)         0.456     6.411 f  B_in_reg[4]_replica_8/Q
                         net (fo=1, routed)           0.403     6.814    u_alu/u_algorithm/u_div/B_in_reg_n_0_[4]_repN_8_alias
    SLICE_X107Y7         LUT1 (Prop_lut1_I0_O)        0.124     6.938 r  u_alu/u_algorithm/u_div/y20_carry__0_i_4/O
                         net (fo=1, routed)           0.000     6.938    u_alu/u_algorithm/u_div/y20_carry__0_i_4_n_0
    SLICE_X107Y7         CARRY4 (Prop_carry4_S[0]_CO[3])
                                                      0.532     7.470 r  u_alu/u_algorithm/u_div/y20_carry__0/CO[3]
                         net (fo=1, routed)           0.000     7.470    u_alu/u_algorithm/u_div/y20_carry__0_n_0
    SLICE_X107Y8         CARRY4 (Prop_carry4_CI_CO[3])
                                                      0.114     7.584 r  u_alu/u_algorithm/u_div/y20_carry__1/CO[3]
                         net (fo=1, routed)           0.000     7.584    u_alu/u_algorithm/u_div/y20_carry__1_n_0
    SLICE_X107Y9         CARRY4 (Prop_carry4_CI_CO[0])
                                                      0.271     7.855 r  u_alu/u_algorithm/u_div/y1__925_i_9/CO[0]
                         net (fo=528, routed)         0.879     8.734    u_alu/u_algorithm/u_div/y1__925_i_9_n_3
    SLICE_X106Y6         LUT2 (Prop_lut2_I0_O)        0.373     9.107 r  u_alu/u_algorithm/u_div/y1__926_i_7/O
                         net (fo=1, routed)           0.000     9.107    u_alu/u_algorithm/u_div/y1__926_i_7_n_0
    SLICE_X106Y6         CARRY4 (Prop_carry4_S[1]_CO[3])
                                                      0.550     9.657 r  u_alu/u_algorithm/u_div/y1__926/CO[3]
                         net (fo=1, routed)           0.000     9.657    u_alu/u_algorithm/u_div/y1__926_n_0
    SLICE_X106Y7         CARRY4 (Prop_carry4_CI_CO[3])
                                                      0.114     9.771 r  u_alu/u_algorithm/u_div/y1__927/CO[3]
                         net (fo=1, routed)           0.000     9.771    u_alu/u_algorithm/u_div/y1__927_n_0
    SLICE_X106Y8         CARRY4 (Prop_carry4_CI_CO[3])
                                                      0.114     9.885 r  u_alu/u_algorithm/u_div/y1__928/CO[3]
                         net (fo=1, routed)           0.000     9.885    u_alu/u_algorithm/u_div/y1__928_n_0
    SLICE_X106Y9         CARRY4 (Prop_carry4_CI_CO[2])
                                                      0.228    10.113 r  u_alu/u_algorithm/u_div/y1__929/CO[2]
                         net (fo=33, routed)          1.062    11.175    u_alu/u_algorithm/u_div/y1__929_n_1
    SLICE_X105Y4         LUT5 (Prop_lut5_I0_O)        0.313    11.488 r  u_alu/u_algorithm/u_div/y1__931_i_3/O
                         net (fo=1, routed)           0.000    11.488    u_alu/u_algorithm/u_div/y1__931_i_3_n_0
    SLICE_X105Y4         CARRY4 (Prop_carry4_S[1]_CO[3])
                                                      0.550    12.038 r  u_alu/u_algorithm/u_div/y1__931/CO[3]
                         net (fo=1, routed)           0.000    12.038    u_alu/u_algorithm/u_div/y1__931_n_0
    SLICE_X105Y5         CARRY4 (Prop_carry4_CI_CO[3])
                                                      0.114    12.152 r  u_alu/u_algorithm/u_div/y1__932/CO[3]
                         net (fo=1, routed)           0.000    12.152    u_alu/u_algorithm/u_div/y1__932_n_0
    SLICE_X105Y6         CARRY4 (Prop_carry4_CI_CO[3])
                                                      0.114    12.266 r  u_alu/u_algorithm/u_div/y1__933/CO[3]
                         net (fo=1, routed)           0.000    12.266    u_alu/u_algorithm/u_div/y1__933_n_0
    SLICE_X105Y7         CARRY4 (Prop_carry4_CI_CO[3])
                                                      0.114    12.380 r  u_alu/u_algorithm/u_div/y1__934/CO[3]
                         net (fo=1, routed)           0.000    12.380    u_alu/u_algorithm/u_div/y1__934_n_0
    SLICE_X105Y8         CARRY4 (Prop_carry4_CI_CO[3])
                                                      0.114    12.494 r  u_alu/u_algorithm/u_div/y1__935/CO[3]
                         net (fo=1, routed)           0.000    12.494    u_alu/u_algorithm/u_div/y1__935_n_0
    SLICE_X105Y9         CARRY4 (Prop_carry4_CI_CO[3])
                                                      0.114    12.608 r  u_alu/u_algorithm/u_div/y1__936/CO[3]
                         net (fo=1, routed)           0.000    12.608    u_alu/u_algorithm/u_div/y1__936_n_0
    SLICE_X105Y10        CARRY4 (Prop_carry4_CI_CO[0])
                                                      0.271    12.879 r  u_alu/u_algorithm/u_div/y1__937/CO[0]
                         net (fo=33, routed)          0.688    13.567    u_alu/u_algorithm/u_div/y1__937_n_3
    SLICE_X104Y8         LUT4 (Prop_lut4_I3_O)        0.373    13.940 r  u_alu/u_algorithm/u_div/y1__938_i_5/O
                         net (fo=1, routed)           0.000    13.940    u_alu/u_algorithm/u_div/y1__938_i_5_n_0
    SLICE_X104Y8         CARRY4 (Prop_carry4_S[0]_CO[3])
                                                      0.513    14.453 r  u_alu/u_algorithm/u_div/y1__938/CO[3]
                         net (fo=1, routed)           0.000    14.453    u_alu/u_algorithm/u_div/y1__938_n_0
    SLICE_X104Y9         CARRY4 (Prop_carry4_CI_CO[3])
                                                      0.117    14.570 r  u_alu/u_algorithm/u_div/y1__939/CO[3]
                         net (fo=1, routed)           0.000    14.570    u_alu/u_algorithm/u_div/y1__939_n_0
    SLICE_X104Y10        CARRY4 (Prop_carry4_CI_CO[3])
                                                      0.117    14.687 r  u_alu/u_algorithm/u_div/y1__940/CO[3]
                         net (fo=1, routed)           0.000    14.687    u_alu/u_algorithm/u_div/y1__940_n_0
    SLICE_X104Y11        CARRY4 (Prop_carry4_CI_CO[3])
                                                      0.117    14.804 r  u_alu/u_algorithm/u_div/y1__941/CO[3]
                         net (fo=1, routed)           0.000    14.804    u_alu/u_algorithm/u_div/y1__941_n_0
    SLICE_X104Y12        CARRY4 (Prop_carry4_CI_CO[3])
                                                      0.117    14.921 r  u_alu/u_algorithm/u_div/y1__942/CO[3]
                         net (fo=1, routed)           0.000    14.921    u_alu/u_algorithm/u_div/y1__942_n_0
    SLICE_X104Y13        CARRY4 (Prop_carry4_CI_CO[3])
                                                      0.117    15.038 r  u_alu/u_algorithm/u_div/y1__943/CO[3]
                         net (fo=1, routed)           0.000    15.038    u_alu/u_algorithm/u_div/y1__943_n_0
    SLICE_X104Y14        CARRY4 (Prop_carry4_CI_CO[3])
                                                      0.117    15.155 r  u_alu/u_algorithm/u_div/y1__944/CO[3]
                         net (fo=1, routed)           0.000    15.155    u_alu/u_algorithm/u_div/y1__944_n_0
    SLICE_X104Y15        CARRY4 (Prop_carry4_CI_CO[0])
                                                      0.254    15.409 r  u_alu/u_algorithm/u_div/y1__945/CO[0]
                         net (fo=33, routed)          1.164    16.573    u_alu/u_algorithm/u_div/y1__945_n_3
    SLICE_X103Y3         LUT4 (Prop_lut4_I3_O)        0.367    16.940 r  u_alu/u_algorithm/u_div/y1__946_i_5/O
                         net (fo=1, routed)           0.000    16.940    u_alu/u_algorithm/u_div/y1__946_i_5_n_0
    SLICE_X103Y3         CARRY4 (Prop_carry4_S[0]_CO[3])
                                                      0.532    17.472 r  u_alu/u_algorithm/u_div/y1__946/CO[3]
                         net (fo=1, routed)           0.000    17.472    u_alu/u_algorithm/u_div/y1__946_n_0
    SLICE_X103Y4         CARRY4 (Prop_carry4_CI_CO[3])
                                                      0.114    17.586 r  u_alu/u_algorithm/u_div/y1__947/CO[3]
                         net (fo=1, routed)           0.000    17.586    u_alu/u_algorithm/u_div/y1__947_n_0
    SLICE_X103Y5         CARRY4 (Prop_carry4_CI_CO[3])
                                                      0.114    17.700 r  u_alu/u_algorithm/u_div/y1__948/CO[3]
                         net (fo=1, routed)           0.000    17.700    u_alu/u_algorithm/u_div/y1__948_n_0
    SLICE_X103Y6         CARRY4 (Prop_carry4_CI_CO[3])
                                                      0.114    17.814 r  u_alu/u_algorithm/u_div/y1__949/CO[3]
                         net (fo=1, routed)           0.000    17.814    u_alu/u_algorithm/u_div/y1__949_n_0
    SLICE_X103Y7         CARRY4 (Prop_carry4_CI_CO[3])
                                                      0.114    17.928 r  u_alu/u_algorithm/u_div/y1__950/CO[3]
                         net (fo=1, routed)           0.000    17.928    u_alu/u_algorithm/u_div/y1__950_n_0
    SLICE_X103Y8         CARRY4 (Prop_carry4_CI_CO[3])
                                                      0.114    18.042 r  u_alu/u_algorithm/u_div/y1__951/CO[3]
                         net (fo=1, routed)           0.000    18.042    u_alu/u_algorithm/u_div/y1__951_n_0
    SLICE_X103Y9         CARRY4 (Prop_carry4_CI_CO[3])
                                                      0.114    18.156 r  u_alu/u_algorithm/u_div/y1__952/CO[3]
                         net (fo=1, routed)           0.000    18.156    u_alu/u_algorithm/u_div/y1__952_n_0
    SLICE_X103Y10        CARRY4 (Prop_carry4_CI_CO[0])
                                                      0.271    18.427 r  u_alu/u_algorithm/u_div/y1__953/CO[0]
                         net (fo=32, routed)          0.629    19.056    u_alu/u_algorithm/u_div/y1__953_n_3
    SLICE_X103Y2         LUT6 (Prop_lut6_I5_O)        0.373    19.429 r  u_alu/u_algorithm/u_div/y1__954_i_5/O
                         net (fo=1, routed)           0.711    20.140    u_alu/u_algorithm/u_div/y1__954_i_5_n_0
    SLICE_X104Y0         CARRY4 (Prop_carry4_S[0]_CO[3])
                                                      0.637    20.777 r  u_alu/u_algorithm/u_div/y1__954/CO[3]
                         net (fo=1, routed)           0.000    20.777    u_alu/u_algorithm/u_div/y1__954_n_0
    SLICE_X104Y1         CARRY4 (Prop_carry4_CI_CO[3])
                                                      0.117    20.894 r  u_alu/u_algorithm/u_div/y1__955/CO[3]
                         net (fo=1, routed)           0.000    20.894    u_alu/u_algorithm/u_div/y1__955_n_0
    SLICE_X104Y2         CARRY4 (Prop_carry4_CI_CO[3])
                                                      0.117    21.011 r  u_alu/u_algorithm/u_div/y1__956/CO[3]
                         net (fo=1, routed)           0.000    21.011    u_alu/u_algorithm/u_div/y1__956_n_0
    SLICE_X104Y3         CARRY4 (Prop_carry4_CI_CO[3])
                                                      0.117    21.128 r  u_alu/u_algorithm/u_div/y1__957/CO[3]
                         net (fo=1, routed)           0.000    21.128    u_alu/u_algorithm/u_div/y1__957_n_0
    SLICE_X104Y4         CARRY4 (Prop_carry4_CI_CO[3])
                                                      0.117    21.245 r  u_alu/u_algorithm/u_div/y1__958/CO[3]
                         net (fo=1, routed)           0.000    21.245    u_alu/u_algorithm/u_div/y1__958_n_0
    SLICE_X104Y5         CARRY4 (Prop_carry4_CI_CO[3])
                                                      0.117    21.362 r  u_alu/u_algorithm/u_div/y1__959/CO[3]
                         net (fo=1, routed)           0.000    21.362    u_alu/u_algorithm/u_div/y1__959_n_0
    SLICE_X104Y6         CARRY4 (Prop_carry4_CI_CO[3])
                                                      0.117    21.479 r  u_alu/u_algorithm/u_div/y1__960/CO[3]
                         net (fo=1, routed)           0.000    21.479    u_alu/u_algorithm/u_div/y1__960_n_0
    SLICE_X104Y7         CARRY4 (Prop_carry4_CI_CO[0])
                                                      0.254    21.733 r  u_alu/u_algorithm/u_div/y1__961/CO[0]
                         net (fo=32, routed)          0.922    22.655    u_alu/u_algorithm/u_div/y1__961_n_3
    SLICE_X102Y2         LUT5 (Prop_lut5_I3_O)        0.367    23.022 r  u_alu/u_algorithm/u_div/y1__962_i_5/O
                         net (fo=1, routed)           0.000    23.022    u_alu/u_algorithm/u_div/y1__962_i_5_n_0
    SLICE_X102Y2         CARRY4 (Prop_carry4_S[0]_CO[3])
                                                      0.513    23.535 r  u_alu/u_algorithm/u_div/y1__962/CO[3]
                         net (fo=1, routed)           0.000    23.535    u_alu/u_algorithm/u_div/y1__962_n_0
    SLICE_X102Y3         CARRY4 (Prop_carry4_CI_CO[3])
                                                      0.117    23.652 r  u_alu/u_algorithm/u_div/y1__963/CO[3]
                         net (fo=1, routed)           0.000    23.652    u_alu/u_algorithm/u_div/y1__963_n_0
    SLICE_X102Y4         CARRY4 (Prop_carry4_CI_CO[3])
                                                      0.117    23.769 r  u_alu/u_algorithm/u_div/y1__964/CO[3]
                         net (fo=1, routed)           0.000    23.769    u_alu/u_algorithm/u_div/y1__964_n_0
    SLICE_X102Y5         CARRY4 (Prop_carry4_CI_CO[3])
                                                      0.117    23.886 r  u_alu/u_algorithm/u_div/y1__965/CO[3]
                         net (fo=1, routed)           0.000    23.886    u_alu/u_algorithm/u_div/y1__965_n_0
    SLICE_X102Y6         CARRY4 (Prop_carry4_CI_CO[3])
                                                      0.117    24.003 r  u_alu/u_algorithm/u_div/y1__966/CO[3]
                         net (fo=1, routed)           0.000    24.003    u_alu/u_algorithm/u_div/y1__966_n_0
    SLICE_X102Y7         CARRY4 (Prop_carry4_CI_CO[3])
                                                      0.117    24.120 r  u_alu/u_algorithm/u_div/y1__967/CO[3]
                         net (fo=1, routed)           0.000    24.120    u_alu/u_algorithm/u_div/y1__967_n_0
    SLICE_X102Y8         CARRY4 (Prop_carry4_CI_CO[3])
                                                      0.117    24.237 r  u_alu/u_algorithm/u_div/y1__968/CO[3]
                         net (fo=1, routed)           0.000    24.237    u_alu/u_algorithm/u_div/y1__968_n_0
    SLICE_X102Y9         CARRY4 (Prop_carry4_CI_CO[0])
                                                      0.254    24.491 r  u_alu/u_algorithm/u_div/y1__969/CO[0]
                         net (fo=32, routed)          1.118    25.608    u_alu/u_algorithm/u_div/y1__969_n_3
    SLICE_X101Y2         LUT5 (Prop_lut5_I3_O)        0.367    25.975 r  u_alu/u_algorithm/u_div/y1__970_i_5/O
                         net (fo=1, routed)           0.000    25.975    u_alu/u_algorithm/u_div/y1__970_i_5_n_0
    SLICE_X101Y2         CARRY4 (Prop_carry4_S[0]_CO[3])
                                                      0.532    26.507 r  u_alu/u_algorithm/u_div/y1__970/CO[3]
                         net (fo=1, routed)           0.000    26.507    u_alu/u_algorithm/u_div/y1__970_n_0
    SLICE_X101Y3         CARRY4 (Prop_carry4_CI_CO[3])
                                                      0.114    26.621 r  u_alu/u_algorithm/u_div/y1__971/CO[3]
                         net (fo=1, routed)           0.000    26.621    u_alu/u_algorithm/u_div/y1__971_n_0
    SLICE_X101Y4         CARRY4 (Prop_carry4_CI_CO[3])
                                                      0.114    26.735 r  u_alu/u_algorithm/u_div/y1__972/CO[3]
                         net (fo=1, routed)           0.000    26.735    u_alu/u_algorithm/u_div/y1__972_n_0
    SLICE_X101Y5         CARRY4 (Prop_carry4_CI_CO[3])
                                                      0.114    26.849 r  u_alu/u_algorithm/u_div/y1__973/CO[3]
                         net (fo=1, routed)           0.000    26.849    u_alu/u_algorithm/u_div/y1__973_n_0
    SLICE_X101Y6         CARRY4 (Prop_carry4_CI_CO[3])
                                                      0.114    26.963 r  u_alu/u_algorithm/u_div/y1__974/CO[3]
                         net (fo=1, routed)           0.000    26.963    u_alu/u_algorithm/u_div/y1__974_n_0
    SLICE_X101Y7         CARRY4 (Prop_carry4_CI_CO[3])
                                                      0.114    27.077 r  u_alu/u_algorithm/u_div/y1__975/CO[3]
                         net (fo=1, routed)           0.000    27.077    u_alu/u_algorithm/u_div/y1__975_n_0
    SLICE_X101Y8         CARRY4 (Prop_carry4_CI_CO[3])
                                                      0.114    27.191 r  u_alu/u_algorithm/u_div/y1__976/CO[3]
                         net (fo=1, routed)           0.000    27.191    u_alu/u_algorithm/u_div/y1__976_n_0
    SLICE_X101Y9         CARRY4 (Prop_carry4_CI_CO[0])
                                                      0.271    27.462 r  u_alu/u_algorithm/u_div/y1__977/CO[0]
                         net (fo=32, routed)          0.945    28.407    u_alu/u_algorithm/u_div/y1__977_n_3
    SLICE_X100Y1         CARRY4 (Prop_carry4_CYINIT_CO[3])
                                                      0.844    29.251 r  u_alu/u_algorithm/u_div/y1__978/CO[3]
                         net (fo=1, routed)           0.000    29.251    u_alu/u_algorithm/u_div/y1__978_n_0
    SLICE_X100Y2         CARRY4 (Prop_carry4_CI_CO[3])
                                                      0.117    29.368 r  u_alu/u_algorithm/u_div/y1__979/CO[3]
                         net (fo=1, routed)           0.000    29.368    u_alu/u_algorithm/u_div/y1__979_n_0
    SLICE_X100Y3         CARRY4 (Prop_carry4_CI_CO[3])
                                                      0.117    29.485 r  u_alu/u_algorithm/u_div/y1__980/CO[3]
                         net (fo=1, routed)           0.000    29.485    u_alu/u_algorithm/u_div/y1__980_n_0
    SLICE_X100Y4         CARRY4 (Prop_carry4_CI_CO[3])
                                                      0.117    29.602 r  u_alu/u_algorithm/u_div/y1__981/CO[3]
                         net (fo=1, routed)           0.000    29.602    u_alu/u_algorithm/u_div/y1__981_n_0
    SLICE_X100Y5         CARRY4 (Prop_carry4_CI_CO[3])
                                                      0.117    29.719 r  u_alu/u_algorithm/u_div/y1__982/CO[3]
                         net (fo=1, routed)           0.000    29.719    u_alu/u_algorithm/u_div/y1__982_n_0
    SLICE_X100Y6         CARRY4 (Prop_carry4_CI_CO[3])
                                                      0.117    29.836 r  u_alu/u_algorithm/u_div/y1__983/CO[3]
                         net (fo=1, routed)           0.000    29.836    u_alu/u_algorithm/u_div/y1__983_n_0
    SLICE_X100Y7         CARRY4 (Prop_carry4_CI_CO[3])
                                                      0.117    29.953 r  u_alu/u_algorithm/u_div/y1__984/CO[3]
                         net (fo=1, routed)           0.000    29.953    u_alu/u_algorithm/u_div/y1__984_n_0
    SLICE_X100Y8         CARRY4 (Prop_carry4_CI_CO[0])
                                                      0.254    30.207 r  u_alu/u_algorithm/u_div/y1__985/CO[0]
                         net (fo=32, routed)          1.112    31.319    u_alu/u_algorithm/u_div/y1__985_n_3
    SLICE_X98Y0          LUT5 (Prop_lut5_I3_O)        0.367    31.686 r  u_alu/u_algorithm/u_div/y1__986_i_5/O
                         net (fo=1, routed)           0.000    31.686    u_alu/u_algorithm/u_div/y1__986_i_5_n_0
    SLICE_X98Y0          CARRY4 (Prop_carry4_S[0]_CO[3])
                                                      0.513    32.199 r  u_alu/u_algorithm/u_div/y1__986/CO[3]
                         net (fo=1, routed)           0.000    32.199    u_alu/u_algorithm/u_div/y1__986_n_0
    SLICE_X98Y1          CARRY4 (Prop_carry4_CI_CO[3])
                                                      0.117    32.316 r  u_alu/u_algorithm/u_div/y1__987/CO[3]
                         net (fo=1, routed)           0.000    32.316    u_alu/u_algorithm/u_div/y1__987_n_0
    SLICE_X98Y2          CARRY4 (Prop_carry4_CI_CO[3])
                                                      0.117    32.433 r  u_alu/u_algorithm/u_div/y1__988/CO[3]
                         net (fo=1, routed)           0.000    32.433    u_alu/u_algorithm/u_div/y1__988_n_0
    SLICE_X98Y3          CARRY4 (Prop_carry4_CI_CO[3])
                                                      0.117    32.550 r  u_alu/u_algorithm/u_div/y1__989/CO[3]
                         net (fo=1, routed)           0.000    32.550    u_alu/u_algorithm/u_div/y1__989_n_0
    SLICE_X98Y4          CARRY4 (Prop_carry4_CI_CO[3])
                                                      0.117    32.667 r  u_alu/u_algorithm/u_div/y1__990/CO[3]
                         net (fo=1, routed)           0.000    32.667    u_alu/u_algorithm/u_div/y1__990_n_0
    SLICE_X98Y5          CARRY4 (Prop_carry4_CI_CO[3])
                                                      0.117    32.784 r  u_alu/u_algorithm/u_div/y1__991/CO[3]
                         net (fo=1, routed)           0.000    32.784    u_alu/u_algorithm/u_div/y1__991_n_0
    SLICE_X98Y6          CARRY4 (Prop_carry4_CI_CO[3])
                                                      0.117    32.901 r  u_alu/u_algorithm/u_div/y1__992/CO[3]
                         net (fo=1, routed)           0.000    32.901    u_alu/u_algorithm/u_div/y1__992_n_0
    SLICE_X98Y7          CARRY4 (Prop_carry4_CI_CO[0])
                                                      0.254    33.155 r  u_alu/u_algorithm/u_div/y1__993/CO[0]
                         net (fo=32, routed)          0.951    34.105    u_alu/u_algorithm/u_div/y1__993_n_3
    SLICE_X96Y1          LUT5 (Prop_lut5_I3_O)        0.367    34.472 r  u_alu/u_algorithm/u_div/y1__994_i_5/O
                         net (fo=1, routed)           0.000    34.472    u_alu/u_algorithm/u_div/y1__994_i_5_n_0
    SLICE_X96Y1          CARRY4 (Prop_carry4_S[0]_CO[3])
                                                      0.513    34.985 r  u_alu/u_algorithm/u_div/y1__994/CO[3]
                         net (fo=1, routed)           0.000    34.985    u_alu/u_algorithm/u_div/y1__994_n_0
    SLICE_X96Y2          CARRY4 (Prop_carry4_CI_CO[3])
                                                      0.117    35.102 r  u_alu/u_algorithm/u_div/y1__995/CO[3]
                         net (fo=1, routed)           0.000    35.102    u_alu/u_algorithm/u_div/y1__995_n_0
    SLICE_X96Y3          CARRY4 (Prop_carry4_CI_CO[3])
                                                      0.117    35.219 r  u_alu/u_algorithm/u_div/y1__996/CO[3]
                         net (fo=1, routed)           0.000    35.219    u_alu/u_algorithm/u_div/y1__996_n_0
    SLICE_X96Y4          CARRY4 (Prop_carry4_CI_CO[3])
                                                      0.117    35.336 r  u_alu/u_algorithm/u_div/y1__997/CO[3]
                         net (fo=1, routed)           0.000    35.336    u_alu/u_algorithm/u_div/y1__997_n_0
    SLICE_X96Y5          CARRY4 (Prop_carry4_CI_CO[3])
                                                      0.117    35.453 r  u_alu/u_algorithm/u_div/y1__998/CO[3]
                         net (fo=1, routed)           0.000    35.453    u_alu/u_algorithm/u_div/y1__998_n_0
    SLICE_X96Y6          CARRY4 (Prop_carry4_CI_CO[3])
                                                      0.117    35.570 r  u_alu/u_algorithm/u_div/y1__999/CO[3]
                         net (fo=1, routed)           0.000    35.570    u_alu/u_algorithm/u_div/y1__999_n_0
    SLICE_X96Y7          CARRY4 (Prop_carry4_CI_CO[3])
                                                      0.117    35.687 r  u_alu/u_algorithm/u_div/y1__1000/CO[3]
                         net (fo=1, routed)           0.000    35.687    u_alu/u_algorithm/u_div/y1__1000_n_0
    SLICE_X96Y8          CARRY4 (Prop_carry4_CI_CO[0])
                                                      0.254    35.941 r  u_alu/u_algorithm/u_div/y1__1001/CO[0]
                         net (fo=32, routed)          0.985    36.926    u_alu/u_algorithm/u_div/y1__1001_n_3
    SLICE_X95Y3          LUT5 (Prop_lut5_I3_O)        0.367    37.293 r  u_alu/u_algorithm/u_div/y1__1002_i_5/O
                         net (fo=1, routed)           0.000    37.293    u_alu/u_algorithm/u_div/y1__1002_i_5_n_0
    SLICE_X95Y3          CARRY4 (Prop_carry4_S[0]_CO[3])
                                                      0.532    37.825 r  u_alu/u_algorithm/u_div/y1__1002/CO[3]
                         net (fo=1, routed)           0.000    37.825    u_alu/u_algorithm/u_div/y1__1002_n_0
    SLICE_X95Y4          CARRY4 (Prop_carry4_CI_CO[3])
                                                      0.114    37.939 r  u_alu/u_algorithm/u_div/y1__1003/CO[3]
                         net (fo=1, routed)           0.000    37.939    u_alu/u_algorithm/u_div/y1__1003_n_0
    SLICE_X95Y5          CARRY4 (Prop_carry4_CI_CO[3])
                                                      0.114    38.053 r  u_alu/u_algorithm/u_div/y1__1004/CO[3]
                         net (fo=1, routed)           0.000    38.053    u_alu/u_algorithm/u_div/y1__1004_n_0
    SLICE_X95Y6          CARRY4 (Prop_carry4_CI_CO[3])
                                                      0.114    38.167 r  u_alu/u_algorithm/u_div/y1__1005/CO[3]
                         net (fo=1, routed)           0.000    38.167    u_alu/u_algorithm/u_div/y1__1005_n_0
    SLICE_X95Y7          CARRY4 (Prop_carry4_CI_CO[3])
                                                      0.114    38.281 r  u_alu/u_algorithm/u_div/y1__1006/CO[3]
                         net (fo=1, routed)           0.000    38.281    u_alu/u_algorithm/u_div/y1__1006_n_0
    SLICE_X95Y8          CARRY4 (Prop_carry4_CI_CO[3])
                                                      0.114    38.395 r  u_alu/u_algorithm/u_div/y1__1007/CO[3]
                         net (fo=1, routed)           0.000    38.395    u_alu/u_algorithm/u_div/y1__1007_n_0
    SLICE_X95Y9          CARRY4 (Prop_carry4_CI_CO[3])
                                                      0.114    38.509 r  u_alu/u_algorithm/u_div/y1__1008/CO[3]
                         net (fo=1, routed)           0.000    38.509    u_alu/u_algorithm/u_div/y1__1008_n_0
    SLICE_X95Y10         CARRY4 (Prop_carry4_CI_CO[0])
                                                      0.271    38.780 r  u_alu/u_algorithm/u_div/y1__1009/CO[0]
                         net (fo=32, routed)          0.863    39.643    u_alu/u_algorithm/u_div/y1__1009_n_3
    SLICE_X97Y7          LUT5 (Prop_lut5_I3_O)        0.373    40.016 r  u_alu/u_algorithm/u_div/y1__1010_i_5/O
                         net (fo=1, routed)           0.000    40.016    u_alu/u_algorithm/u_div/y1__1010_i_5_n_0
    SLICE_X97Y7          CARRY4 (Prop_carry4_S[0]_CO[3])
                                                      0.532    40.548 r  u_alu/u_algorithm/u_div/y1__1010/CO[3]
                         net (fo=1, routed)           0.000    40.548    u_alu/u_algorithm/u_div/y1__1010_n_0
    SLICE_X97Y8          CARRY4 (Prop_carry4_CI_CO[3])
                                                      0.114    40.662 r  u_alu/u_algorithm/u_div/y1__1011/CO[3]
                         net (fo=1, routed)           0.000    40.662    u_alu/u_algorithm/u_div/y1__1011_n_0
    SLICE_X97Y9          CARRY4 (Prop_carry4_CI_CO[3])
                                                      0.114    40.776 r  u_alu/u_algorithm/u_div/y1__1012/CO[3]
                         net (fo=1, routed)           0.000    40.776    u_alu/u_algorithm/u_div/y1__1012_n_0
    SLICE_X97Y10         CARRY4 (Prop_carry4_CI_CO[3])
                                                      0.114    40.890 r  u_alu/u_algorithm/u_div/y1__1013/CO[3]
                         net (fo=1, routed)           0.000    40.890    u_alu/u_algorithm/u_div/y1__1013_n_0
    SLICE_X97Y11         CARRY4 (Prop_carry4_CI_CO[3])
                                                      0.114    41.004 r  u_alu/u_algorithm/u_div/y1__1014/CO[3]
                         net (fo=1, routed)           0.000    41.004    u_alu/u_algorithm/u_div/y1__1014_n_0
    SLICE_X97Y12         CARRY4 (Prop_carry4_CI_CO[3])
                                                      0.114    41.118 r  u_alu/u_algorithm/u_div/y1__1015/CO[3]
                         net (fo=1, routed)           0.000    41.118    u_alu/u_algorithm/u_div/y1__1015_n_0
    SLICE_X97Y13         CARRY4 (Prop_carry4_CI_CO[3])
                                                      0.114    41.232 r  u_alu/u_algorithm/u_div/y1__1016/CO[3]
                         net (fo=1, routed)           0.000    41.232    u_alu/u_algorithm/u_div/y1__1016_n_0
    SLICE_X97Y14         CARRY4 (Prop_carry4_CI_CO[0])
                                                      0.271    41.503 r  u_alu/u_algorithm/u_div/y1__1017/CO[0]
                         net (fo=32, routed)          0.457    41.960    u_alu/u_algorithm/u_div/y1__1017_n_3
    SLICE_X100Y14        LUT5 (Prop_lut5_I3_O)        0.373    42.333 r  u_alu/u_algorithm/u_div/y1__1018_i_5/O
                         net (fo=1, routed)           0.402    42.736    u_alu/u_algorithm/u_div/y1__1018_i_5_n_0
    SLICE_X101Y13        CARRY4 (Prop_carry4_S[0]_CO[3])
                                                      0.656    43.392 r  u_alu/u_algorithm/u_div/y1__1018/CO[3]
                         net (fo=1, routed)           0.000    43.392    u_alu/u_algorithm/u_div/y1__1018_n_0
    SLICE_X101Y14        CARRY4 (Prop_carry4_CI_CO[3])
                                                      0.114    43.506 r  u_alu/u_algorithm/u_div/y1__1019/CO[3]
                         net (fo=1, routed)           0.000    43.506    u_alu/u_algorithm/u_div/y1__1019_n_0
    SLICE_X101Y15        CARRY4 (Prop_carry4_CI_CO[3])
                                                      0.114    43.620 r  u_alu/u_algorithm/u_div/y1__1020/CO[3]
                         net (fo=1, routed)           0.000    43.620    u_alu/u_algorithm/u_div/y1__1020_n_0
    SLICE_X101Y16        CARRY4 (Prop_carry4_CI_CO[3])
                                                      0.114    43.734 r  u_alu/u_algorithm/u_div/y1__1021/CO[3]
                         net (fo=1, routed)           0.000    43.734    u_alu/u_algorithm/u_div/y1__1021_n_0
    SLICE_X101Y17        CARRY4 (Prop_carry4_CI_CO[3])
                                                      0.114    43.848 r  u_alu/u_algorithm/u_div/y1__1022/CO[3]
                         net (fo=1, routed)           0.000    43.848    u_alu/u_algorithm/u_div/y1__1022_n_0
    SLICE_X101Y18        CARRY4 (Prop_carry4_CI_CO[3])
                                                      0.114    43.962 r  u_alu/u_algorithm/u_div/y1__1023/CO[3]
                         net (fo=1, routed)           0.000    43.962    u_alu/u_algorithm/u_div/y1__1023_n_0
    SLICE_X101Y19        CARRY4 (Prop_carry4_CI_CO[3])
                                                      0.114    44.076 r  u_alu/u_algorithm/u_div/y1__1024/CO[3]
                         net (fo=1, routed)           0.000    44.076    u_alu/u_algorithm/u_div/y1__1024_n_0
    SLICE_X101Y20        CARRY4 (Prop_carry4_CI_CO[0])
                                                      0.271    44.347 r  u_alu/u_algorithm/u_div/y1__1025/CO[0]
                         net (fo=32, routed)          0.826    45.173    u_alu/u_algorithm/u_div/y1__1025_n_3
    SLICE_X102Y19        LUT5 (Prop_lut5_I3_O)        0.373    45.546 r  u_alu/u_algorithm/u_div/y1__1026_i_5/O
                         net (fo=1, routed)           0.000    45.546    u_alu/u_algorithm/u_div/y1__1026_i_5_n_0
    SLICE_X102Y19        CARRY4 (Prop_carry4_S[0]_CO[3])
                                                      0.513    46.059 r  u_alu/u_algorithm/u_div/y1__1026/CO[3]
                         net (fo=1, routed)           0.000    46.059    u_alu/u_algorithm/u_div/y1__1026_n_0
    SLICE_X102Y20        CARRY4 (Prop_carry4_CI_CO[3])
                                                      0.117    46.176 r  u_alu/u_algorithm/u_div/y1__1027/CO[3]
                         net (fo=1, routed)           0.000    46.176    u_alu/u_algorithm/u_div/y1__1027_n_0
    SLICE_X102Y21        CARRY4 (Prop_carry4_CI_CO[3])
                                                      0.117    46.293 r  u_alu/u_algorithm/u_div/y1__1028/CO[3]
                         net (fo=1, routed)           0.000    46.293    u_alu/u_algorithm/u_div/y1__1028_n_0
    SLICE_X102Y22        CARRY4 (Prop_carry4_CI_CO[3])
                                                      0.117    46.410 r  u_alu/u_algorithm/u_div/y1__1029/CO[3]
                         net (fo=1, routed)           0.000    46.410    u_alu/u_algorithm/u_div/y1__1029_n_0
    SLICE_X102Y23        CARRY4 (Prop_carry4_CI_CO[3])
                                                      0.117    46.527 r  u_alu/u_algorithm/u_div/y1__1030/CO[3]
                         net (fo=1, routed)           0.000    46.527    u_alu/u_algorithm/u_div/y1__1030_n_0
    SLICE_X102Y24        CARRY4 (Prop_carry4_CI_CO[3])
                                                      0.117    46.644 r  u_alu/u_algorithm/u_div/y1__1031/CO[3]
                         net (fo=1, routed)           0.009    46.653    u_alu/u_algorithm/u_div/y1__1031_n_0
    SLICE_X102Y25        CARRY4 (Prop_carry4_CI_CO[3])
                                                      0.117    46.770 r  u_alu/u_algorithm/u_div/y1__1032/CO[3]
                         net (fo=1, routed)           0.000    46.770    u_alu/u_algorithm/u_div/y1__1032_n_0
    SLICE_X102Y26        CARRY4 (Prop_carry4_CI_CO[0])
                                                      0.254    47.024 r  u_alu/u_algorithm/u_div/y1__1033/CO[0]
                         net (fo=32, routed)          0.740    47.764    u_alu/u_algorithm/u_div/y1__1033_n_3
    SLICE_X103Y26        LUT5 (Prop_lut5_I3_O)        0.367    48.131 r  u_alu/u_algorithm/u_div/y1__1034_i_5/O
                         net (fo=1, routed)           0.000    48.131    u_alu/u_algorithm/u_div/y1__1034_i_5_n_0
    SLICE_X103Y26        CARRY4 (Prop_carry4_S[0]_CO[3])
                                                      0.532    48.663 r  u_alu/u_algorithm/u_div/y1__1034/CO[3]
                         net (fo=1, routed)           0.000    48.663    u_alu/u_algorithm/u_div/y1__1034_n_0
    SLICE_X103Y27        CARRY4 (Prop_carry4_CI_CO[3])
                                                      0.114    48.777 r  u_alu/u_algorithm/u_div/y1__1035/CO[3]
                         net (fo=1, routed)           0.000    48.777    u_alu/u_algorithm/u_div/y1__1035_n_0
    SLICE_X103Y28        CARRY4 (Prop_carry4_CI_CO[3])
                                                      0.114    48.891 r  u_alu/u_algorithm/u_div/y1__1036/CO[3]
                         net (fo=1, routed)           0.000    48.891    u_alu/u_algorithm/u_div/y1__1036_n_0
    SLICE_X103Y29        CARRY4 (Prop_carry4_CI_CO[3])
                                                      0.114    49.005 r  u_alu/u_algorithm/u_div/y1__1037/CO[3]
                         net (fo=1, routed)           0.000    49.005    u_alu/u_algorithm/u_div/y1__1037_n_0
    SLICE_X103Y30        CARRY4 (Prop_carry4_CI_CO[3])
                                                      0.114    49.119 r  u_alu/u_algorithm/u_div/y1__1038/CO[3]
                         net (fo=1, routed)           0.000    49.119    u_alu/u_algorithm/u_div/y1__1038_n_0
    SLICE_X103Y31        CARRY4 (Prop_carry4_CI_CO[3])
                                                      0.114    49.233 r  u_alu/u_algorithm/u_div/y1__1039/CO[3]
                         net (fo=1, routed)           0.000    49.233    u_alu/u_algorithm/u_div/y1__1039_n_0
    SLICE_X103Y32        CARRY4 (Prop_carry4_CI_CO[3])
                                                      0.114    49.347 r  u_alu/u_algorithm/u_div/y1__1040/CO[3]
                         net (fo=1, routed)           0.000    49.347    u_alu/u_algorithm/u_div/y1__1040_n_0
    SLICE_X103Y33        CARRY4 (Prop_carry4_CI_CO[0])
                                                      0.271    49.618 r  u_alu/u_algorithm/u_div/y1__1041/CO[0]
                         net (fo=32, routed)          0.528    50.146    u_alu/u_algorithm/u_div/y1__1041_n_3
    SLICE_X102Y33        LUT5 (Prop_lut5_I0_O)        0.373    50.519 r  u_alu/u_algorithm/u_div/y1__1042_i_4/O
                         net (fo=1, routed)           0.000    50.519    u_alu/u_algorithm/u_div/y1__1042_i_4_n_0
    SLICE_X102Y33        CARRY4 (Prop_carry4_S[1]_CO[3])
                                                      0.533    51.052 r  u_alu/u_algorithm/u_div/y1__1042/CO[3]
                         net (fo=1, routed)           0.000    51.052    u_alu/u_algorithm/u_div/y1__1042_n_0
    SLICE_X102Y34        CARRY4 (Prop_carry4_CI_CO[3])
                                                      0.117    51.169 r  u_alu/u_algorithm/u_div/y1__1043/CO[3]
                         net (fo=1, routed)           0.000    51.169    u_alu/u_algorithm/u_div/y1__1043_n_0
    SLICE_X102Y35        CARRY4 (Prop_carry4_CI_CO[3])
                                                      0.117    51.286 r  u_alu/u_algorithm/u_div/y1__1044/CO[3]
                         net (fo=1, routed)           0.000    51.286    u_alu/u_algorithm/u_div/y1__1044_n_0
    SLICE_X102Y36        CARRY4 (Prop_carry4_CI_CO[3])
                                                      0.117    51.403 r  u_alu/u_algorithm/u_div/y1__1045/CO[3]
                         net (fo=1, routed)           0.000    51.403    u_alu/u_algorithm/u_div/y1__1045_n_0
    SLICE_X102Y37        CARRY4 (Prop_carry4_CI_CO[3])
                                                      0.117    51.520 r  u_alu/u_algorithm/u_div/y1__1046/CO[3]
                         net (fo=1, routed)           0.000    51.520    u_alu/u_algorithm/u_div/y1__1046_n_0
    SLICE_X102Y38        CARRY4 (Prop_carry4_CI_CO[3])
                                                      0.117    51.637 r  u_alu/u_algorithm/u_div/y1__1047/CO[3]
                         net (fo=1, routed)           0.000    51.637    u_alu/u_algorithm/u_div/y1__1047_n_0
    SLICE_X102Y39        CARRY4 (Prop_carry4_CI_CO[3])
                                                      0.117    51.754 r  u_alu/u_algorithm/u_div/y1__1048/CO[3]
                         net (fo=1, routed)           0.000    51.754    u_alu/u_algorithm/u_div/y1__1048_n_0
    SLICE_X102Y40        CARRY4 (Prop_carry4_CI_CO[0])
                                                      0.254    52.008 r  u_alu/u_algorithm/u_div/y1__1049/CO[0]
                         net (fo=32, routed)          0.672    52.680    u_alu/u_algorithm/u_div/y1__1049_n_3
    SLICE_X103Y39        LUT5 (Prop_lut5_I3_O)        0.367    53.047 r  u_alu/u_algorithm/u_div/y1__1050_i_5/O
                         net (fo=1, routed)           0.000    53.047    u_alu/u_algorithm/u_div/y1__1050_i_5_n_0
    SLICE_X103Y39        CARRY4 (Prop_carry4_S[0]_CO[3])
                                                      0.532    53.579 r  u_alu/u_algorithm/u_div/y1__1050/CO[3]
                         net (fo=1, routed)           0.000    53.579    u_alu/u_algorithm/u_div/y1__1050_n_0
    SLICE_X103Y40        CARRY4 (Prop_carry4_CI_CO[3])
                                                      0.114    53.693 r  u_alu/u_algorithm/u_div/y1__1051/CO[3]
                         net (fo=1, routed)           0.000    53.693    u_alu/u_algorithm/u_div/y1__1051_n_0
    SLICE_X103Y41        CARRY4 (Prop_carry4_CI_CO[3])
                                                      0.114    53.807 r  u_alu/u_algorithm/u_div/y1__1052/CO[3]
                         net (fo=1, routed)           0.000    53.807    u_alu/u_algorithm/u_div/y1__1052_n_0
    SLICE_X103Y42        CARRY4 (Prop_carry4_CI_CO[3])
                                                      0.114    53.921 r  u_alu/u_algorithm/u_div/y1__1053/CO[3]
                         net (fo=1, routed)           0.000    53.921    u_alu/u_algorithm/u_div/y1__1053_n_0
    SLICE_X103Y43        CARRY4 (Prop_carry4_CI_CO[3])
                                                      0.114    54.035 r  u_alu/u_algorithm/u_div/y1__1054/CO[3]
                         net (fo=1, routed)           0.000    54.035    u_alu/u_algorithm/u_div/y1__1054_n_0
    SLICE_X103Y44        CARRY4 (Prop_carry4_CI_CO[3])
                                                      0.114    54.149 r  u_alu/u_algorithm/u_div/y1__1055/CO[3]
                         net (fo=1, routed)           0.000    54.149    u_alu/u_algorithm/u_div/y1__1055_n_0
    SLICE_X103Y45        CARRY4 (Prop_carry4_CI_CO[3])
                                                      0.114    54.263 r  u_alu/u_algorithm/u_div/y1__1056/CO[3]
                         net (fo=1, routed)           0.000    54.263    u_alu/u_algorithm/u_div/y1__1056_n_0
    SLICE_X103Y46        CARRY4 (Prop_carry4_CI_CO[0])
                                                      0.271    54.534 r  u_alu/u_algorithm/u_div/y1__1057/CO[0]
                         net (fo=34, routed)          0.528    55.061    u_alu/u_algorithm/u_div/y10_in[15]
    SLICE_X102Y46        LUT5 (Prop_lut5_I0_O)        0.373    55.434 r  u_alu/u_algorithm/u_div/y1__1058_i_4/O
                         net (fo=1, routed)           0.000    55.434    u_alu/u_algorithm/u_div/y1__1058_i_4_n_0
    SLICE_X102Y46        CARRY4 (Prop_carry4_S[1]_CO[3])
                                                      0.533    55.967 r  u_alu/u_algorithm/u_div/y1__1058/CO[3]
                         net (fo=1, routed)           0.000    55.967    u_alu/u_algorithm/u_div/y1__1058_n_0
    SLICE_X102Y47        CARRY4 (Prop_carry4_CI_CO[3])
                                                      0.117    56.084 r  u_alu/u_algorithm/u_div/y1__1059/CO[3]
                         net (fo=1, routed)           0.000    56.084    u_alu/u_algorithm/u_div/y1__1059_n_0
    SLICE_X102Y48        CARRY4 (Prop_carry4_CI_CO[3])
                                                      0.117    56.201 r  u_alu/u_algorithm/u_div/y1__1060/CO[3]
                         net (fo=1, routed)           0.000    56.201    u_alu/u_algorithm/u_div/y1__1060_n_0
    SLICE_X102Y49        CARRY4 (Prop_carry4_CI_CO[3])
                                                      0.117    56.318 r  u_alu/u_algorithm/u_div/y1__1061/CO[3]
                         net (fo=1, routed)           0.001    56.319    u_alu/u_algorithm/u_div/y1__1061_n_0
    SLICE_X102Y50        CARRY4 (Prop_carry4_CI_CO[3])
                                                      0.117    56.436 r  u_alu/u_algorithm/u_div/y1__1062/CO[3]
                         net (fo=1, routed)           0.000    56.436    u_alu/u_algorithm/u_div/y1__1062_n_0
    SLICE_X102Y51        CARRY4 (Prop_carry4_CI_CO[3])
                                                      0.117    56.553 r  u_alu/u_algorithm/u_div/y1__1063/CO[3]
                         net (fo=1, routed)           0.000    56.553    u_alu/u_algorithm/u_div/y1__1063_n_0
    SLICE_X102Y52        CARRY4 (Prop_carry4_CI_CO[3])
                                                      0.117    56.670 r  u_alu/u_algorithm/u_div/y1__1064/CO[3]
                         net (fo=1, routed)           0.000    56.670    u_alu/u_algorithm/u_div/y1__1064_n_0
    SLICE_X102Y53        CARRY4 (Prop_carry4_CI_CO[0])
                                                      0.254    56.924 r  u_alu/u_algorithm/u_div/y1__1065/CO[0]
                         net (fo=34, routed)          0.771    57.695    u_alu/u_algorithm/u_div/y10_in[14]
    SLICE_X103Y53        LUT5 (Prop_lut5_I3_O)        0.367    58.062 r  u_alu/u_algorithm/u_div/y1__1066_i_5/O
                         net (fo=1, routed)           0.000    58.062    u_alu/u_algorithm/u_div/y1__1066_i_5_n_0
    SLICE_X103Y53        CARRY4 (Prop_carry4_S[0]_CO[3])
                                                      0.532    58.594 r  u_alu/u_algorithm/u_div/y1__1066/CO[3]
                         net (fo=1, routed)           0.000    58.594    u_alu/u_algorithm/u_div/y1__1066_n_0
    SLICE_X103Y54        CARRY4 (Prop_carry4_CI_CO[3])
                                                      0.114    58.708 r  u_alu/u_algorithm/u_div/y1__1067/CO[3]
                         net (fo=1, routed)           0.000    58.708    u_alu/u_algorithm/u_div/y1__1067_n_0
    SLICE_X103Y55        CARRY4 (Prop_carry4_CI_CO[3])
                                                      0.114    58.822 r  u_alu/u_algorithm/u_div/y1__1068/CO[3]
                         net (fo=1, routed)           0.000    58.822    u_alu/u_algorithm/u_div/y1__1068_n_0
    SLICE_X103Y56        CARRY4 (Prop_carry4_CI_CO[3])
                                                      0.114    58.936 r  u_alu/u_algorithm/u_div/y1__1069/CO[3]
                         net (fo=1, routed)           0.000    58.936    u_alu/u_algorithm/u_div/y1__1069_n_0
    SLICE_X103Y57        CARRY4 (Prop_carry4_CI_CO[3])
                                                      0.114    59.050 r  u_alu/u_algorithm/u_div/y1__1070/CO[3]
                         net (fo=1, routed)           0.000    59.050    u_alu/u_algorithm/u_div/y1__1070_n_0
    SLICE_X103Y58        CARRY4 (Prop_carry4_CI_CO[3])
                                                      0.114    59.164 r  u_alu/u_algorithm/u_div/y1__1071/CO[3]
                         net (fo=1, routed)           0.000    59.164    u_alu/u_algorithm/u_div/y1__1071_n_0
    SLICE_X103Y59        CARRY4 (Prop_carry4_CI_CO[3])
                                                      0.114    59.278 r  u_alu/u_algorithm/u_div/y1__1072/CO[3]
                         net (fo=1, routed)           0.000    59.278    u_alu/u_algorithm/u_div/y1__1072_n_0
    SLICE_X103Y60        CARRY4 (Prop_carry4_CI_CO[0])
                                                      0.271    59.549 r  u_alu/u_algorithm/u_div/y1__1073/CO[0]
                         net (fo=34, routed)          0.680    60.228    u_alu/u_algorithm/u_div/y10_in[13]
    SLICE_X102Y59        LUT5 (Prop_lut5_I3_O)        0.373    60.601 r  u_alu/u_algorithm/u_div/y1__1074_i_5/O
                         net (fo=1, routed)           0.000    60.601    u_alu/u_algorithm/u_div/y1__1074_i_5_n_0
    SLICE_X102Y59        CARRY4 (Prop_carry4_S[0]_CO[3])
                                                      0.513    61.114 r  u_alu/u_algorithm/u_div/y1__1074/CO[3]
                         net (fo=1, routed)           0.000    61.114    u_alu/u_algorithm/u_div/y1__1074_n_0
    SLICE_X102Y60        CARRY4 (Prop_carry4_CI_CO[3])
                                                      0.117    61.231 r  u_alu/u_algorithm/u_div/y1__1075/CO[3]
                         net (fo=1, routed)           0.000    61.231    u_alu/u_algorithm/u_div/y1__1075_n_0
    SLICE_X102Y61        CARRY4 (Prop_carry4_CI_CO[3])
                                                      0.117    61.348 r  u_alu/u_algorithm/u_div/y1__1076/CO[3]
                         net (fo=1, routed)           0.000    61.348    u_alu/u_algorithm/u_div/y1__1076_n_0
    SLICE_X102Y62        CARRY4 (Prop_carry4_CI_CO[3])
                                                      0.117    61.465 r  u_alu/u_algorithm/u_div/y1__1077/CO[3]
                         net (fo=1, routed)           0.000    61.465    u_alu/u_algorithm/u_div/y1__1077_n_0
    SLICE_X102Y63        CARRY4 (Prop_carry4_CI_CO[3])
                                                      0.117    61.582 r  u_alu/u_algorithm/u_div/y1__1078/CO[3]
                         net (fo=1, routed)           0.000    61.582    u_alu/u_algorithm/u_div/y1__1078_n_0
    SLICE_X102Y64        CARRY4 (Prop_carry4_CI_CO[3])
                                                      0.117    61.699 r  u_alu/u_algorithm/u_div/y1__1079/CO[3]
                         net (fo=1, routed)           0.000    61.699    u_alu/u_algorithm/u_div/y1__1079_n_0
    SLICE_X102Y65        CARRY4 (Prop_carry4_CI_CO[3])
                                                      0.117    61.816 r  u_alu/u_algorithm/u_div/y1__1080/CO[3]
                         net (fo=1, routed)           0.000    61.816    u_alu/u_algorithm/u_div/y1__1080_n_0
    SLICE_X102Y66        CARRY4 (Prop_carry4_CI_CO[0])
                                                      0.254    62.070 r  u_alu/u_algorithm/u_div/y1__1081/CO[0]
                         net (fo=34, routed)          0.733    62.804    u_alu/u_algorithm/u_div/y10_in[12]
    SLICE_X103Y66        LUT5 (Prop_lut5_I3_O)        0.367    63.171 r  u_alu/u_algorithm/u_div/y1__1082_i_5/O
                         net (fo=1, routed)           0.000    63.171    u_alu/u_algorithm/u_div/y1__1082_i_5_n_0
    SLICE_X103Y66        CARRY4 (Prop_carry4_S[0]_CO[3])
                                                      0.532    63.703 r  u_alu/u_algorithm/u_div/y1__1082/CO[3]
                         net (fo=1, routed)           0.000    63.703    u_alu/u_algorithm/u_div/y1__1082_n_0
    SLICE_X103Y67        CARRY4 (Prop_carry4_CI_CO[3])
                                                      0.114    63.817 r  u_alu/u_algorithm/u_div/y1__1083/CO[3]
                         net (fo=1, routed)           0.000    63.817    u_alu/u_algorithm/u_div/y1__1083_n_0
    SLICE_X103Y68        CARRY4 (Prop_carry4_CI_CO[3])
                                                      0.114    63.931 r  u_alu/u_algorithm/u_div/y1__1084/CO[3]
                         net (fo=1, routed)           0.000    63.931    u_alu/u_algorithm/u_div/y1__1084_n_0
    SLICE_X103Y69        CARRY4 (Prop_carry4_CI_CO[3])
                                                      0.114    64.045 r  u_alu/u_algorithm/u_div/y1__1085/CO[3]
                         net (fo=1, routed)           0.000    64.045    u_alu/u_algorithm/u_div/y1__1085_n_0
    SLICE_X103Y70        CARRY4 (Prop_carry4_CI_CO[3])
                                                      0.114    64.159 r  u_alu/u_algorithm/u_div/y1__1086/CO[3]
                         net (fo=1, routed)           0.000    64.159    u_alu/u_algorithm/u_div/y1__1086_n_0
    SLICE_X103Y71        CARRY4 (Prop_carry4_CI_CO[3])
                                                      0.114    64.273 r  u_alu/u_algorithm/u_div/y1__1087/CO[3]
                         net (fo=1, routed)           0.000    64.273    u_alu/u_algorithm/u_div/y1__1087_n_0
    SLICE_X103Y72        CARRY4 (Prop_carry4_CI_CO[3])
                                                      0.114    64.387 r  u_alu/u_algorithm/u_div/y1__1088/CO[3]
                         net (fo=1, routed)           0.000    64.387    u_alu/u_algorithm/u_div/y1__1088_n_0
    SLICE_X103Y73        CARRY4 (Prop_carry4_CI_CO[0])
                                                      0.271    64.658 r  u_alu/u_algorithm/u_div/y1__1089/CO[0]
                         net (fo=34, routed)          0.528    65.185    u_alu/u_algorithm/u_div/y10_in[11]
    SLICE_X102Y73        LUT5 (Prop_lut5_I0_O)        0.373    65.558 r  u_alu/u_algorithm/u_div/y1__1090_i_4/O
                         net (fo=1, routed)           0.000    65.558    u_alu/u_algorithm/u_div/y1__1090_i_4_n_0
    SLICE_X102Y73        CARRY4 (Prop_carry4_S[1]_CO[3])
                                                      0.533    66.091 r  u_alu/u_algorithm/u_div/y1__1090/CO[3]
                         net (fo=1, routed)           0.000    66.091    u_alu/u_algorithm/u_div/y1__1090_n_0
    SLICE_X102Y74        CARRY4 (Prop_carry4_CI_CO[3])
                                                      0.117    66.208 r  u_alu/u_algorithm/u_div/y1__1091/CO[3]
                         net (fo=1, routed)           0.009    66.217    u_alu/u_algorithm/u_div/y1__1091_n_0
    SLICE_X102Y75        CARRY4 (Prop_carry4_CI_CO[3])
                                                      0.117    66.334 r  u_alu/u_algorithm/u_div/y1__1092/CO[3]
                         net (fo=1, routed)           0.000    66.334    u_alu/u_algorithm/u_div/y1__1092_n_0
    SLICE_X102Y76        CARRY4 (Prop_carry4_CI_CO[3])
                                                      0.117    66.451 r  u_alu/u_algorithm/u_div/y1__1093/CO[3]
                         net (fo=1, routed)           0.000    66.451    u_alu/u_algorithm/u_div/y1__1093_n_0
    SLICE_X102Y77        CARRY4 (Prop_carry4_CI_CO[3])
                                                      0.117    66.568 r  u_alu/u_algorithm/u_div/y1__1094/CO[3]
                         net (fo=1, routed)           0.000    66.568    u_alu/u_algorithm/u_div/y1__1094_n_0
    SLICE_X102Y78        CARRY4 (Prop_carry4_CI_CO[3])
                                                      0.117    66.685 r  u_alu/u_algorithm/u_div/y1__1095/CO[3]
                         net (fo=1, routed)           0.000    66.685    u_alu/u_algorithm/u_div/y1__1095_n_0
    SLICE_X102Y79        CARRY4 (Prop_carry4_CI_CO[3])
                                                      0.117    66.802 r  u_alu/u_algorithm/u_div/y1__1096/CO[3]
                         net (fo=1, routed)           0.000    66.802    u_alu/u_algorithm/u_div/y1__1096_n_0
    SLICE_X102Y80        CARRY4 (Prop_carry4_CI_CO[0])
                                                      0.254    67.056 r  u_alu/u_algorithm/u_div/y1__1097/CO[0]
                         net (fo=34, routed)          0.650    67.706    u_alu/u_algorithm/u_div/y10_in[10]
    SLICE_X103Y79        LUT5 (Prop_lut5_I3_O)        0.367    68.073 r  u_alu/u_algorithm/u_div/y1__1098_i_5/O
                         net (fo=1, routed)           0.000    68.073    u_alu/u_algorithm/u_div/y1__1098_i_5_n_0
    SLICE_X103Y79        CARRY4 (Prop_carry4_S[0]_CO[3])
                                                      0.532    68.605 r  u_alu/u_algorithm/u_div/y1__1098/CO[3]
                         net (fo=1, routed)           0.000    68.605    u_alu/u_algorithm/u_div/y1__1098_n_0
    SLICE_X103Y80        CARRY4 (Prop_carry4_CI_CO[3])
                                                      0.114    68.719 r  u_alu/u_algorithm/u_div/y1__1099/CO[3]
                         net (fo=1, routed)           0.000    68.719    u_alu/u_algorithm/u_div/y1__1099_n_0
    SLICE_X103Y81        CARRY4 (Prop_carry4_CI_CO[3])
                                                      0.114    68.833 r  u_alu/u_algorithm/u_div/y1__1100/CO[3]
                         net (fo=1, routed)           0.000    68.833    u_alu/u_algorithm/u_div/y1__1100_n_0
    SLICE_X103Y82        CARRY4 (Prop_carry4_CI_CO[3])
                                                      0.114    68.947 r  u_alu/u_algorithm/u_div/y1__1101/CO[3]
                         net (fo=1, routed)           0.000    68.947    u_alu/u_algorithm/u_div/y1__1101_n_0
    SLICE_X103Y83        CARRY4 (Prop_carry4_CI_CO[3])
                                                      0.114    69.061 r  u_alu/u_algorithm/u_div/y1__1102/CO[3]
                         net (fo=1, routed)           0.000    69.061    u_alu/u_algorithm/u_div/y1__1102_n_0
    SLICE_X103Y84        CARRY4 (Prop_carry4_CI_CO[3])
                                                      0.114    69.175 r  u_alu/u_algorithm/u_div/y1__1103/CO[3]
                         net (fo=1, routed)           0.000    69.175    u_alu/u_algorithm/u_div/y1__1103_n_0
    SLICE_X103Y85        CARRY4 (Prop_carry4_CI_CO[3])
                                                      0.114    69.289 r  u_alu/u_algorithm/u_div/y1__1104/CO[3]
                         net (fo=1, routed)           0.000    69.289    u_alu/u_algorithm/u_div/y1__1104_n_0
    SLICE_X103Y86        CARRY4 (Prop_carry4_CI_CO[0])
                                                      0.271    69.560 r  u_alu/u_algorithm/u_div/y1__1105/CO[0]
                         net (fo=34, routed)          0.545    70.105    u_alu/u_algorithm/u_div/y10_in[9]
    SLICE_X102Y86        LUT5 (Prop_lut5_I0_O)        0.373    70.478 r  u_alu/u_algorithm/u_div/y1__1106_i_4/O
                         net (fo=1, routed)           0.000    70.478    u_alu/u_algorithm/u_div/y1__1106_i_4_n_0
    SLICE_X102Y86        CARRY4 (Prop_carry4_S[1]_CO[3])
                                                      0.533    71.011 r  u_alu/u_algorithm/u_div/y1__1106/CO[3]
                         net (fo=1, routed)           0.000    71.011    u_alu/u_algorithm/u_div/y1__1106_n_0
    SLICE_X102Y87        CARRY4 (Prop_carry4_CI_CO[3])
                                                      0.117    71.128 r  u_alu/u_algorithm/u_div/y1__1107/CO[3]
                         net (fo=1, routed)           0.000    71.128    u_alu/u_algorithm/u_div/y1__1107_n_0
    SLICE_X102Y88        CARRY4 (Prop_carry4_CI_CO[3])
                                                      0.117    71.245 r  u_alu/u_algorithm/u_div/y1__1108/CO[3]
                         net (fo=1, routed)           0.000    71.245    u_alu/u_algorithm/u_div/y1__1108_n_0
    SLICE_X102Y89        CARRY4 (Prop_carry4_CI_CO[3])
                                                      0.117    71.362 r  u_alu/u_algorithm/u_div/y1__1109/CO[3]
                         net (fo=1, routed)           0.000    71.362    u_alu/u_algorithm/u_div/y1__1109_n_0
    SLICE_X102Y90        CARRY4 (Prop_carry4_CI_CO[3])
                                                      0.117    71.479 r  u_alu/u_algorithm/u_div/y1__1110/CO[3]
                         net (fo=1, routed)           0.000    71.479    u_alu/u_algorithm/u_div/y1__1110_n_0
    SLICE_X102Y91        CARRY4 (Prop_carry4_CI_CO[3])
                                                      0.117    71.595 r  u_alu/u_algorithm/u_div/y1__1111/CO[3]
                         net (fo=1, routed)           0.000    71.595    u_alu/u_algorithm/u_div/y1__1111_n_0
    SLICE_X102Y92        CARRY4 (Prop_carry4_CI_CO[3])
                                                      0.117    71.712 r  u_alu/u_algorithm/u_div/y1__1112/CO[3]
                         net (fo=1, routed)           0.000    71.712    u_alu/u_algorithm/u_div/y1__1112_n_0
    SLICE_X102Y93        CARRY4 (Prop_carry4_CI_CO[0])
                                                      0.254    71.966 r  u_alu/u_algorithm/u_div/y1__1113/CO[0]
                         net (fo=34, routed)          0.735    72.701    u_alu/u_algorithm/u_div/y10_in[8]
    SLICE_X103Y93        LUT5 (Prop_lut5_I3_O)        0.367    73.068 r  u_alu/u_algorithm/u_div/y1__1114_i_5/O
                         net (fo=1, routed)           0.000    73.068    u_alu/u_algorithm/u_div/y1__1114_i_5_n_0
    SLICE_X103Y93        CARRY4 (Prop_carry4_S[0]_CO[3])
                                                      0.532    73.600 r  u_alu/u_algorithm/u_div/y1__1114/CO[3]
                         net (fo=1, routed)           0.000    73.600    u_alu/u_algorithm/u_div/y1__1114_n_0
    SLICE_X103Y94        CARRY4 (Prop_carry4_CI_CO[3])
                                                      0.114    73.714 r  u_alu/u_algorithm/u_div/y1__1115/CO[3]
                         net (fo=1, routed)           0.000    73.714    u_alu/u_algorithm/u_div/y1__1115_n_0
    SLICE_X103Y95        CARRY4 (Prop_carry4_CI_CO[3])
                                                      0.114    73.828 r  u_alu/u_algorithm/u_div/y1__1116/CO[3]
                         net (fo=1, routed)           0.000    73.828    u_alu/u_algorithm/u_div/y1__1116_n_0
    SLICE_X103Y96        CARRY4 (Prop_carry4_CI_CO[3])
                                                      0.114    73.942 r  u_alu/u_algorithm/u_div/y1__1117/CO[3]
                         net (fo=1, routed)           0.000    73.942    u_alu/u_algorithm/u_div/y1__1117_n_0
    SLICE_X103Y97        CARRY4 (Prop_carry4_CI_CO[3])
                                                      0.114    74.056 r  u_alu/u_algorithm/u_div/y1__1118/CO[3]
                         net (fo=1, routed)           0.000    74.056    u_alu/u_algorithm/u_div/y1__1118_n_0
    SLICE_X103Y98        CARRY4 (Prop_carry4_CI_CO[3])
                                                      0.114    74.170 r  u_alu/u_algorithm/u_div/y1__1119/CO[3]
                         net (fo=1, routed)           0.000    74.170    u_alu/u_algorithm/u_div/y1__1119_n_0
    SLICE_X103Y99        CARRY4 (Prop_carry4_CI_CO[3])
                                                      0.114    74.284 r  u_alu/u_algorithm/u_div/y1__1120/CO[3]
                         net (fo=1, routed)           0.001    74.285    u_alu/u_algorithm/u_div/y1__1120_n_0
    SLICE_X103Y100       CARRY4 (Prop_carry4_CI_CO[0])
                                                      0.271    74.556 r  u_alu/u_algorithm/u_div/y1__1121/CO[0]
                         net (fo=34, routed)          0.731    75.287    u_alu/u_algorithm/u_div/y10_in[7]
    SLICE_X102Y100       LUT5 (Prop_lut5_I0_O)        0.373    75.660 r  u_alu/u_algorithm/u_div/y1__1122_i_4/O
                         net (fo=1, routed)           0.000    75.660    u_alu/u_algorithm/u_div/y1__1122_i_4_n_0
    SLICE_X102Y100       CARRY4 (Prop_carry4_S[1]_CO[3])
                                                      0.533    76.193 r  u_alu/u_algorithm/u_div/y1__1122/CO[3]
                         net (fo=1, routed)           0.000    76.193    u_alu/u_algorithm/u_div/y1__1122_n_0
    SLICE_X102Y101       CARRY4 (Prop_carry4_CI_CO[3])
                                                      0.117    76.310 r  u_alu/u_algorithm/u_div/y1__1123/CO[3]
                         net (fo=1, routed)           0.000    76.310    u_alu/u_algorithm/u_div/y1__1123_n_0
    SLICE_X102Y102       CARRY4 (Prop_carry4_CI_CO[3])
                                                      0.117    76.427 r  u_alu/u_algorithm/u_div/y1__1124/CO[3]
                         net (fo=1, routed)           0.000    76.427    u_alu/u_algorithm/u_div/y1__1124_n_0
    SLICE_X102Y103       CARRY4 (Prop_carry4_CI_CO[3])
                                                      0.117    76.544 r  u_alu/u_algorithm/u_div/y1__1125/CO[3]
                         net (fo=1, routed)           0.000    76.544    u_alu/u_algorithm/u_div/y1__1125_n_0
    SLICE_X102Y104       CARRY4 (Prop_carry4_CI_CO[3])
                                                      0.117    76.661 r  u_alu/u_algorithm/u_div/y1__1126/CO[3]
                         net (fo=1, routed)           0.000    76.661    u_alu/u_algorithm/u_div/y1__1126_n_0
    SLICE_X102Y105       CARRY4 (Prop_carry4_CI_CO[3])
                                                      0.117    76.778 r  u_alu/u_algorithm/u_div/y1__1127/CO[3]
                         net (fo=1, routed)           0.000    76.778    u_alu/u_algorithm/u_div/y1__1127_n_0
    SLICE_X102Y106       CARRY4 (Prop_carry4_CI_CO[3])
                                                      0.117    76.895 r  u_alu/u_algorithm/u_div/y1__1128/CO[3]
                         net (fo=1, routed)           0.000    76.895    u_alu/u_algorithm/u_div/y1__1128_n_0
    SLICE_X102Y107       CARRY4 (Prop_carry4_CI_CO[0])
                                                      0.254    77.149 r  u_alu/u_algorithm/u_div/y1__1129/CO[0]
                         net (fo=33, routed)          0.660    77.809    u_alu/u_algorithm/u_div/y10_in[6]
    SLICE_X103Y106       LUT5 (Prop_lut5_I3_O)        0.367    78.176 r  u_alu/u_algorithm/u_div/y1__1130_i_5/O
                         net (fo=1, routed)           0.000    78.176    u_alu/u_algorithm/u_div/y1__1130_i_5_n_0
    SLICE_X103Y106       CARRY4 (Prop_carry4_S[0]_CO[3])
                                                      0.532    78.708 r  u_alu/u_algorithm/u_div/y1__1130/CO[3]
                         net (fo=1, routed)           0.000    78.708    u_alu/u_algorithm/u_div/y1__1130_n_0
    SLICE_X103Y107       CARRY4 (Prop_carry4_CI_CO[3])
                                                      0.114    78.822 r  u_alu/u_algorithm/u_div/y1__1131/CO[3]
                         net (fo=1, routed)           0.000    78.822    u_alu/u_algorithm/u_div/y1__1131_n_0
    SLICE_X103Y108       CARRY4 (Prop_carry4_CI_CO[3])
                                                      0.114    78.936 r  u_alu/u_algorithm/u_div/y1__1132/CO[3]
                         net (fo=1, routed)           0.000    78.936    u_alu/u_algorithm/u_div/y1__1132_n_0
    SLICE_X103Y109       CARRY4 (Prop_carry4_CI_CO[3])
                                                      0.114    79.050 r  u_alu/u_algorithm/u_div/y1__1133/CO[3]
                         net (fo=1, routed)           0.000    79.050    u_alu/u_algorithm/u_div/y1__1133_n_0
    SLICE_X103Y110       CARRY4 (Prop_carry4_CI_CO[3])
                                                      0.114    79.164 r  u_alu/u_algorithm/u_div/y1__1134/CO[3]
                         net (fo=1, routed)           0.000    79.164    u_alu/u_algorithm/u_div/y1__1134_n_0
    SLICE_X103Y111       CARRY4 (Prop_carry4_CI_CO[3])
                                                      0.114    79.278 r  u_alu/u_algorithm/u_div/y1__1135/CO[3]
                         net (fo=1, routed)           0.000    79.278    u_alu/u_algorithm/u_div/y1__1135_n_0
    SLICE_X103Y112       CARRY4 (Prop_carry4_CI_CO[3])
                                                      0.114    79.392 r  u_alu/u_algorithm/u_div/y1__1136/CO[3]
                         net (fo=1, routed)           0.000    79.392    u_alu/u_algorithm/u_div/y1__1136_n_0
    SLICE_X103Y113       CARRY4 (Prop_carry4_CI_CO[0])
                                                      0.271    79.663 r  u_alu/u_algorithm/u_div/y1__1137/CO[0]
                         net (fo=33, routed)          0.644    80.307    u_alu/u_algorithm/u_div/y10_in[5]
    SLICE_X104Y112       CARRY4 (Prop_carry4_CYINIT_CO[3])
                                                      0.844    81.151 r  u_alu/u_algorithm/u_div/y1__1138/CO[3]
                         net (fo=1, routed)           0.000    81.151    u_alu/u_algorithm/u_div/y1__1138_n_0
    SLICE_X104Y113       CARRY4 (Prop_carry4_CI_CO[3])
                                                      0.117    81.268 r  u_alu/u_algorithm/u_div/y1__1139/CO[3]
                         net (fo=1, routed)           0.000    81.268    u_alu/u_algorithm/u_div/y1__1139_n_0
    SLICE_X104Y114       CARRY4 (Prop_carry4_CI_CO[3])
                                                      0.117    81.385 r  u_alu/u_algorithm/u_div/y1__1140/CO[3]
                         net (fo=1, routed)           0.000    81.385    u_alu/u_algorithm/u_div/y1__1140_n_0
    SLICE_X104Y115       CARRY4 (Prop_carry4_CI_CO[3])
                                                      0.117    81.502 r  u_alu/u_algorithm/u_div/y1__1141/CO[3]
                         net (fo=1, routed)           0.000    81.502    u_alu/u_algorithm/u_div/y1__1141_n_0
    SLICE_X104Y116       CARRY4 (Prop_carry4_CI_CO[3])
                                                      0.117    81.619 r  u_alu/u_algorithm/u_div/y1__1142/CO[3]
                         net (fo=1, routed)           0.000    81.619    u_alu/u_algorithm/u_div/y1__1142_n_0
    SLICE_X104Y117       CARRY4 (Prop_carry4_CI_CO[3])
                                                      0.117    81.736 r  u_alu/u_algorithm/u_div/y1__1143/CO[3]
                         net (fo=1, routed)           0.000    81.736    u_alu/u_algorithm/u_div/y1__1143_n_0
    SLICE_X104Y118       CARRY4 (Prop_carry4_CI_CO[3])
                                                      0.117    81.853 r  u_alu/u_algorithm/u_div/y1__1144/CO[3]
                         net (fo=1, routed)           0.000    81.853    u_alu/u_algorithm/u_div/y1__1144_n_0
    SLICE_X104Y119       CARRY4 (Prop_carry4_CI_CO[1])
                                                      0.157    82.010 r  u_alu/u_algorithm/u_div/y1__1145/CO[1]
                         net (fo=34, routed)          0.729    82.739    u_alu/u_algorithm/u_div/y10_in[4]
    SLICE_X103Y119       LUT4 (Prop_lut4_I3_O)        0.332    83.071 r  u_alu/u_algorithm/u_div/y1__1146_i_4/O
                         net (fo=1, routed)           0.000    83.071    u_alu/u_algorithm/u_div/y1__1146_i_4_n_0
    SLICE_X103Y119       CARRY4 (Prop_carry4_S[1]_CO[3])
                                                      0.550    83.621 r  u_alu/u_algorithm/u_div/y1__1146/CO[3]
                         net (fo=1, routed)           0.000    83.621    u_alu/u_algorithm/u_div/y1__1146_n_0
    SLICE_X103Y120       CARRY4 (Prop_carry4_CI_CO[3])
                                                      0.114    83.735 r  u_alu/u_algorithm/u_div/y1__1147/CO[3]
                         net (fo=1, routed)           0.000    83.735    u_alu/u_algorithm/u_div/y1__1147_n_0
    SLICE_X103Y121       CARRY4 (Prop_carry4_CI_CO[3])
                                                      0.114    83.849 r  u_alu/u_algorithm/u_div/y1__1148/CO[3]
                         net (fo=1, routed)           0.000    83.849    u_alu/u_algorithm/u_div/y1__1148_n_0
    SLICE_X103Y122       CARRY4 (Prop_carry4_CI_CO[3])
                                                      0.114    83.963 r  u_alu/u_algorithm/u_div/y1__1149/CO[3]
                         net (fo=1, routed)           0.000    83.963    u_alu/u_algorithm/u_div/y1__1149_n_0
    SLICE_X103Y123       CARRY4 (Prop_carry4_CI_CO[3])
                                                      0.114    84.077 r  u_alu/u_algorithm/u_div/y1__1150/CO[3]
                         net (fo=1, routed)           0.000    84.077    u_alu/u_algorithm/u_div/y1__1150_n_0
    SLICE_X103Y124       CARRY4 (Prop_carry4_CI_CO[3])
                                                      0.114    84.191 r  u_alu/u_algorithm/u_div/y1__1151/CO[3]
                         net (fo=1, routed)           0.009    84.200    u_alu/u_algorithm/u_div/y1__1151_n_0
    SLICE_X103Y125       CARRY4 (Prop_carry4_CI_CO[3])
                                                      0.114    84.314 r  u_alu/u_algorithm/u_div/y1__1152/CO[3]
                         net (fo=1, routed)           0.000    84.314    u_alu/u_algorithm/u_div/y1__1152_n_0
    SLICE_X103Y126       CARRY4 (Prop_carry4_CI_CO[1])
                                                      0.157    84.471 r  u_alu/u_algorithm/u_div/y1__1153/CO[1]
                         net (fo=34, routed)          0.699    85.170    u_alu/u_algorithm/u_div/y10_in[3]
    SLICE_X102Y126       LUT4 (Prop_lut4_I3_O)        0.329    85.499 r  u_alu/u_algorithm/u_div/y1__1154_i_4/O
                         net (fo=1, routed)           0.000    85.499    u_alu/u_algorithm/u_div/y1__1154_i_4_n_0
    SLICE_X102Y126       CARRY4 (Prop_carry4_S[1]_CO[3])
                                                      0.533    86.032 r  u_alu/u_algorithm/u_div/y1__1154/CO[3]
                         net (fo=1, routed)           0.000    86.032    u_alu/u_algorithm/u_div/y1__1154_n_0
    SLICE_X102Y127       CARRY4 (Prop_carry4_CI_CO[3])
                                                      0.117    86.149 r  u_alu/u_algorithm/u_div/y1__1155/CO[3]
                         net (fo=1, routed)           0.000    86.149    u_alu/u_algorithm/u_div/y1__1155_n_0
    SLICE_X102Y128       CARRY4 (Prop_carry4_CI_CO[3])
                                                      0.117    86.266 r  u_alu/u_algorithm/u_div/y1__1156/CO[3]
                         net (fo=1, routed)           0.000    86.266    u_alu/u_algorithm/u_div/y1__1156_n_0
    SLICE_X102Y129       CARRY4 (Prop_carry4_CI_CO[3])
                                                      0.117    86.383 r  u_alu/u_algorithm/u_div/y1__1157/CO[3]
                         net (fo=1, routed)           0.000    86.383    u_alu/u_algorithm/u_div/y1__1157_n_0
    SLICE_X102Y130       CARRY4 (Prop_carry4_CI_CO[3])
                                                      0.117    86.500 r  u_alu/u_algorithm/u_div/y1__1158/CO[3]
                         net (fo=1, routed)           0.000    86.500    u_alu/u_algorithm/u_div/y1__1158_n_0
    SLICE_X102Y131       CARRY4 (Prop_carry4_CI_CO[3])
                                                      0.117    86.617 r  u_alu/u_algorithm/u_div/y1__1159/CO[3]
                         net (fo=1, routed)           0.000    86.617    u_alu/u_algorithm/u_div/y1__1159_n_0
    SLICE_X102Y132       CARRY4 (Prop_carry4_CI_CO[3])
                                                      0.117    86.734 r  u_alu/u_algorithm/u_div/y1__1160/CO[3]
                         net (fo=1, routed)           0.000    86.734    u_alu/u_algorithm/u_div/y1__1160_n_0
    SLICE_X102Y133       CARRY4 (Prop_carry4_CI_CO[1])
                                                      0.157    86.891 r  u_alu/u_algorithm/u_div/y1__1161/CO[1]
                         net (fo=34, routed)          0.701    87.592    u_alu/u_algorithm/u_div/y10_in[2]
    SLICE_X103Y131       LUT4 (Prop_lut4_I3_O)        0.332    87.924 r  u_alu/u_algorithm/u_div/y1__1162_i_4/O
                         net (fo=1, routed)           0.000    87.924    u_alu/u_algorithm/u_div/y1__1162_i_4_n_0
    SLICE_X103Y131       CARRY4 (Prop_carry4_S[1]_CO[3])
                                                      0.550    88.474 r  u_alu/u_algorithm/u_div/y1__1162/CO[3]
                         net (fo=1, routed)           0.000    88.474    u_alu/u_algorithm/u_div/y1__1162_n_0
    SLICE_X103Y132       CARRY4 (Prop_carry4_CI_CO[3])
                                                      0.114    88.588 r  u_alu/u_algorithm/u_div/y1__1163/CO[3]
                         net (fo=1, routed)           0.000    88.588    u_alu/u_algorithm/u_div/y1__1163_n_0
    SLICE_X103Y133       CARRY4 (Prop_carry4_CI_CO[3])
                                                      0.114    88.702 r  u_alu/u_algorithm/u_div/y1__1164/CO[3]
                         net (fo=1, routed)           0.000    88.702    u_alu/u_algorithm/u_div/y1__1164_n_0
    SLICE_X103Y134       CARRY4 (Prop_carry4_CI_CO[3])
                                                      0.114    88.816 r  u_alu/u_algorithm/u_div/y1__1165/CO[3]
                         net (fo=1, routed)           0.000    88.816    u_alu/u_algorithm/u_div/y1__1165_n_0
    SLICE_X103Y135       CARRY4 (Prop_carry4_CI_CO[3])
                                                      0.114    88.930 r  u_alu/u_algorithm/u_div/y1__1166/CO[3]
                         net (fo=1, routed)           0.000    88.930    u_alu/u_algorithm/u_div/y1__1166_n_0
    SLICE_X103Y136       CARRY4 (Prop_carry4_CI_CO[3])
                                                      0.114    89.044 r  u_alu/u_algorithm/u_div/y1__1167/CO[3]
                         net (fo=1, routed)           0.000    89.044    u_alu/u_algorithm/u_div/y1__1167_n_0
    SLICE_X103Y137       CARRY4 (Prop_carry4_CI_CO[3])
                                                      0.114    89.158 r  u_alu/u_algorithm/u_div/y1__1168/CO[3]
                         net (fo=1, routed)           0.000    89.158    u_alu/u_algorithm/u_div/y1__1168_n_0
    SLICE_X103Y138       CARRY4 (Prop_carry4_CI_CO[1])
                                                      0.157    89.315 r  u_alu/u_algorithm/u_div/y1__1169/CO[1]
                         net (fo=34, routed)          0.926    90.241    u_alu/u_algorithm/u_div/y10_in[1]
    SLICE_X102Y134       LUT5 (Prop_lut5_I0_O)        0.329    90.570 r  u_alu/u_algorithm/u_div/y1__1170_i_4/O
                         net (fo=1, routed)           0.000    90.570    u_alu/u_algorithm/u_div/y1__1170_i_4_n_0
    SLICE_X102Y134       CARRY4 (Prop_carry4_S[1]_CO[3])
                                                      0.533    91.103 r  u_alu/u_algorithm/u_div/y1__1170/CO[3]
                         net (fo=1, routed)           0.000    91.103    u_alu/u_algorithm/u_div/y1__1170_n_0
    SLICE_X102Y135       CARRY4 (Prop_carry4_CI_CO[3])
                                                      0.117    91.220 r  u_alu/u_algorithm/u_div/y1__1171/CO[3]
                         net (fo=1, routed)           0.000    91.220    u_alu/u_algorithm/u_div/y1__1171_n_0
    SLICE_X102Y136       CARRY4 (Prop_carry4_CI_CO[3])
                                                      0.117    91.337 r  u_alu/u_algorithm/u_div/y1__1172/CO[3]
                         net (fo=1, routed)           0.000    91.337    u_alu/u_algorithm/u_div/y1__1172_n_0
    SLICE_X102Y137       CARRY4 (Prop_carry4_CI_CO[3])
                                                      0.117    91.454 r  u_alu/u_algorithm/u_div/y1__1173/CO[3]
                         net (fo=1, routed)           0.000    91.454    u_alu/u_algorithm/u_div/y1__1173_n_0
    SLICE_X102Y138       CARRY4 (Prop_carry4_CI_CO[3])
                                                      0.117    91.571 r  u_alu/u_algorithm/u_div/y1__1174/CO[3]
                         net (fo=1, routed)           0.000    91.571    u_alu/u_algorithm/u_div/y1__1174_n_0
    SLICE_X102Y139       CARRY4 (Prop_carry4_CI_CO[3])
                                                      0.117    91.688 r  u_alu/u_algorithm/u_div/y1__1175/CO[3]
                         net (fo=1, routed)           0.000    91.688    u_alu/u_algorithm/u_div/y1__1175_n_0
    SLICE_X102Y140       CARRY4 (Prop_carry4_CI_CO[3])
                                                      0.117    91.805 r  u_alu/u_algorithm/u_div/y1__1176/CO[3]
                         net (fo=1, routed)           0.000    91.805    u_alu/u_algorithm/u_div/y1__1176_n_0
    SLICE_X102Y141       CARRY4 (Prop_carry4_CI_CO[0])
                                                      0.254    92.059 f  u_alu/u_algorithm/u_div/y1__1177/CO[0]
                         net (fo=2, routed)           0.308    92.367    u_alu/u_algorithm/u_div/y10_in[0]
    SLICE_X103Y143       LUT1 (Prop_lut1_I0_O)        0.367    92.734 r  u_alu/u_algorithm/u_div/y[4]_i_3/O
                         net (fo=1, routed)           0.332    93.066    u_alu/u_algorithm/u_div/p_0_in[0]
    SLICE_X102Y145       CARRY4 (Prop_carry4_CYINIT_CO[3])
                                                      0.595    93.661 r  u_alu/u_algorithm/u_div/y_reg[4]_i_2/CO[3]
                         net (fo=1, routed)           0.000    93.661    u_alu/u_algorithm/u_div/y_reg[4]_i_2_n_0
    SLICE_X102Y146       CARRY4 (Prop_carry4_CI_CO[3])
                                                      0.117    93.778 r  u_alu/u_algorithm/u_div/y_reg[8]_i_2/CO[3]
                         net (fo=1, routed)           0.000    93.778    u_alu/u_algorithm/u_div/y_reg[8]_i_2_n_0
    SLICE_X102Y147       CARRY4 (Prop_carry4_CI_CO[3])
                                                      0.117    93.895 r  u_alu/u_algorithm/u_div/y_reg[12]_i_2/CO[3]
                         net (fo=1, routed)           0.000    93.895    u_alu/u_algorithm/u_div/y_reg[12]_i_2_n_0
    SLICE_X102Y148       CARRY4 (Prop_carry4_CI_O[2])
                                                      0.239    94.134 r  u_alu/u_algorithm/u_div/y_reg[15]_i_2/O[2]
                         net (fo=1, routed)           0.296    94.430    u_alu/u_algorithm/u_div/y1[15]
    SLICE_X103Y148       LUT5 (Prop_lut5_I1_O)        0.301    94.731 r  u_alu/u_algorithm/u_div/y[15]_i_1/O
                         net (fo=1, routed)           0.000    94.731    u_alu/u_algorithm/u_div/y[15]_i_1_n_0
    SLICE_X103Y148       FDCE                                         r  u_alu/u_algorithm/u_div/y_reg[15]/D
  -------------------------------------------------------------------    -------------------

                         (clock sys_clk_pin rise edge)
                                                      8.000     8.000 r  
    H16                                               0.000     8.000 r  clk (IN)
                         net (fo=0)                   0.000     8.000    clk
    H16                  IBUF (Prop_ibuf_I_O)         1.380     9.380 r  clk_IBUF_inst/O
                         net (fo=1, routed)           2.293    11.673    clk_IBUF
    BUFGCTRL_X0Y16       BUFG (Prop_bufg_I_O)         0.091    11.764 r  clk_IBUF_BUFG_inst/O
                         net (fo=126, routed)         1.784    13.549    u_alu/u_algorithm/u_div/clk_IBUF_BUFG
    SLICE_X103Y148       FDCE                                         r  u_alu/u_algorithm/u_div/y_reg[15]/C
                         clock pessimism              0.309    13.858    
                         clock uncertainty           -0.035    13.822    
    SLICE_X103Y148       FDCE (Setup_fdce_C_D)        0.031    13.853    u_alu/u_algorithm/u_div/y_reg[15]
  -------------------------------------------------------------------
                         required time                         13.853    
                         arrival time                         -94.731    
  -------------------------------------------------------------------
                         slack                                -80.877    

Slack (VIOLATED) :        -80.854ns  (required time - arrival time)
  Source:                 B_in_reg[4]_replica_8/C
                            (rising edge-triggered cell FDCE clocked by sys_clk_pin  {rise@0.000ns fall@4.000ns period=8.000ns})
  Destination:            u_alu/u_algorithm/u_div/y_reg[13]/D
                            (rising edge-triggered cell FDCE clocked by sys_clk_pin  {rise@0.000ns fall@4.000ns period=8.000ns})
  Path Group:             sys_clk_pin
  Path Type:              Setup (Max at Slow Process Corner)
  Requirement:            8.000ns  (sys_clk_pin rise@8.000ns - sys_clk_pin rise@0.000ns)
  Data Path Delay:        88.753ns  (logic 61.472ns (69.262%)  route 27.281ns (30.738%))
  Logic Levels:           291  (CARRY4=258 LUT1=2 LUT2=1 LUT4=5 LUT5=24 LUT6=1)
  Clock Path Skew:        -0.097ns (DCD - SCD + CPR)
    Destination Clock Delay (DCD):    5.549ns = ( 13.549 - 8.000 ) 
    Source Clock Delay      (SCD):    5.955ns
    Clock Pessimism Removal (CPR):    0.309ns
  Clock Uncertainty:      0.035ns  ((TSJ^2 + TIJ^2)^1/2 + DJ) / 2 + PE
    Total System Jitter     (TSJ):    0.071ns
    Total Input Jitter      (TIJ):    0.000ns
    Discrete Jitter          (DJ):    0.000ns
    Phase Error              (PE):    0.000ns

    Location             Delay type                Incr(ns)  Path(ns)    Netlist Resource(s)
  -------------------------------------------------------------------    -------------------
                         (clock sys_clk_pin rise edge)
                                                      0.000     0.000 r  
    H16                                               0.000     0.000 r  clk (IN)
                         net (fo=0)                   0.000     0.000    clk
    H16                  IBUF (Prop_ibuf_I_O)         1.451     1.451 r  clk_IBUF_inst/O
                         net (fo=1, routed)           2.522     3.973    clk_IBUF
    BUFGCTRL_X0Y16       BUFG (Prop_bufg_I_O)         0.101     4.074 r  clk_IBUF_BUFG_inst/O
                         net (fo=126, routed)         1.881     5.955    clk_IBUF_BUFG
    SLICE_X107Y6         FDCE                                         r  B_in_reg[4]_replica_8/C
  -------------------------------------------------------------------    -------------------
    SLICE_X107Y6         FDCE (Prop_fdce_C_Q)         0.456     6.411 f  B_in_reg[4]_replica_8/Q
                         net (fo=1, routed)           0.403     6.814    u_alu/u_algorithm/u_div/B_in_reg_n_0_[4]_repN_8_alias
    SLICE_X107Y7         LUT1 (Prop_lut1_I0_O)        0.124     6.938 r  u_alu/u_algorithm/u_div/y20_carry__0_i_4/O
                         net (fo=1, routed)           0.000     6.938    u_alu/u_algorithm/u_div/y20_carry__0_i_4_n_0
    SLICE_X107Y7         CARRY4 (Prop_carry4_S[0]_CO[3])
                                                      0.532     7.470 r  u_alu/u_algorithm/u_div/y20_carry__0/CO[3]
                         net (fo=1, routed)           0.000     7.470    u_alu/u_algorithm/u_div/y20_carry__0_n_0
    SLICE_X107Y8         CARRY4 (Prop_carry4_CI_CO[3])
                                                      0.114     7.584 r  u_alu/u_algorithm/u_div/y20_carry__1/CO[3]
                         net (fo=1, routed)           0.000     7.584    u_alu/u_algorithm/u_div/y20_carry__1_n_0
    SLICE_X107Y9         CARRY4 (Prop_carry4_CI_CO[0])
                                                      0.271     7.855 r  u_alu/u_algorithm/u_div/y1__925_i_9/CO[0]
                         net (fo=528, routed)         0.879     8.734    u_alu/u_algorithm/u_div/y1__925_i_9_n_3
    SLICE_X106Y6         LUT2 (Prop_lut2_I0_O)        0.373     9.107 r  u_alu/u_algorithm/u_div/y1__926_i_7/O
                         net (fo=1, routed)           0.000     9.107    u_alu/u_algorithm/u_div/y1__926_i_7_n_0
    SLICE_X106Y6         CARRY4 (Prop_carry4_S[1]_CO[3])
                                                      0.550     9.657 r  u_alu/u_algorithm/u_div/y1__926/CO[3]
                         net (fo=1, routed)           0.000     9.657    u_alu/u_algorithm/u_div/y1__926_n_0
    SLICE_X106Y7         CARRY4 (Prop_carry4_CI_CO[3])
                                                      0.114     9.771 r  u_alu/u_algorithm/u_div/y1__927/CO[3]
                         net (fo=1, routed)           0.000     9.771    u_alu/u_algorithm/u_div/y1__927_n_0
    SLICE_X106Y8         CARRY4 (Prop_carry4_CI_CO[3])
                                                      0.114     9.885 r  u_alu/u_algorithm/u_div/y1__928/CO[3]
                         net (fo=1, routed)           0.000     9.885    u_alu/u_algorithm/u_div/y1__928_n_0
    SLICE_X106Y9         CARRY4 (Prop_carry4_CI_CO[2])
                                                      0.228    10.113 r  u_alu/u_algorithm/u_div/y1__929/CO[2]
                         net (fo=33, routed)          1.062    11.175    u_alu/u_algorithm/u_div/y1__929_n_1
    SLICE_X105Y4         LUT5 (Prop_lut5_I0_O)        0.313    11.488 r  u_alu/u_algorithm/u_div/y1__931_i_3/O
                         net (fo=1, routed)           0.000    11.488    u_alu/u_algorithm/u_div/y1__931_i_3_n_0
    SLICE_X105Y4         CARRY4 (Prop_carry4_S[1]_CO[3])
                                                      0.550    12.038 r  u_alu/u_algorithm/u_div/y1__931/CO[3]
                         net (fo=1, routed)           0.000    12.038    u_alu/u_algorithm/u_div/y1__931_n_0
    SLICE_X105Y5         CARRY4 (Prop_carry4_CI_CO[3])
                                                      0.114    12.152 r  u_alu/u_algorithm/u_div/y1__932/CO[3]
                         net (fo=1, routed)           0.000    12.152    u_alu/u_algorithm/u_div/y1__932_n_0
    SLICE_X105Y6         CARRY4 (Prop_carry4_CI_CO[3])
                                                      0.114    12.266 r  u_alu/u_algorithm/u_div/y1__933/CO[3]
                         net (fo=1, routed)           0.000    12.266    u_alu/u_algorithm/u_div/y1__933_n_0
    SLICE_X105Y7         CARRY4 (Prop_carry4_CI_CO[3])
                                                      0.114    12.380 r  u_alu/u_algorithm/u_div/y1__934/CO[3]
                         net (fo=1, routed)           0.000    12.380    u_alu/u_algorithm/u_div/y1__934_n_0
    SLICE_X105Y8         CARRY4 (Prop_carry4_CI_CO[3])
                                                      0.114    12.494 r  u_alu/u_algorithm/u_div/y1__935/CO[3]
                         net (fo=1, routed)           0.000    12.494    u_alu/u_algorithm/u_div/y1__935_n_0
    SLICE_X105Y9         CARRY4 (Prop_carry4_CI_CO[3])
                                                      0.114    12.608 r  u_alu/u_algorithm/u_div/y1__936/CO[3]
                         net (fo=1, routed)           0.000    12.608    u_alu/u_algorithm/u_div/y1__936_n_0
    SLICE_X105Y10        CARRY4 (Prop_carry4_CI_CO[0])
                                                      0.271    12.879 r  u_alu/u_algorithm/u_div/y1__937/CO[0]
                         net (fo=33, routed)          0.688    13.567    u_alu/u_algorithm/u_div/y1__937_n_3
    SLICE_X104Y8         LUT4 (Prop_lut4_I3_O)        0.373    13.940 r  u_alu/u_algorithm/u_div/y1__938_i_5/O
                         net (fo=1, routed)           0.000    13.940    u_alu/u_algorithm/u_div/y1__938_i_5_n_0
    SLICE_X104Y8         CARRY4 (Prop_carry4_S[0]_CO[3])
                                                      0.513    14.453 r  u_alu/u_algorithm/u_div/y1__938/CO[3]
                         net (fo=1, routed)           0.000    14.453    u_alu/u_algorithm/u_div/y1__938_n_0
    SLICE_X104Y9         CARRY4 (Prop_carry4_CI_CO[3])
                                                      0.117    14.570 r  u_alu/u_algorithm/u_div/y1__939/CO[3]
                         net (fo=1, routed)           0.000    14.570    u_alu/u_algorithm/u_div/y1__939_n_0
    SLICE_X104Y10        CARRY4 (Prop_carry4_CI_CO[3])
                                                      0.117    14.687 r  u_alu/u_algorithm/u_div/y1__940/CO[3]
                         net (fo=1, routed)           0.000    14.687    u_alu/u_algorithm/u_div/y1__940_n_0
    SLICE_X104Y11        CARRY4 (Prop_carry4_CI_CO[3])
                                                      0.117    14.804 r  u_alu/u_algorithm/u_div/y1__941/CO[3]
                         net (fo=1, routed)           0.000    14.804    u_alu/u_algorithm/u_div/y1__941_n_0
    SLICE_X104Y12        CARRY4 (Prop_carry4_CI_CO[3])
                                                      0.117    14.921 r  u_alu/u_algorithm/u_div/y1__942/CO[3]
                         net (fo=1, routed)           0.000    14.921    u_alu/u_algorithm/u_div/y1__942_n_0
    SLICE_X104Y13        CARRY4 (Prop_carry4_CI_CO[3])
                                                      0.117    15.038 r  u_alu/u_algorithm/u_div/y1__943/CO[3]
                         net (fo=1, routed)           0.000    15.038    u_alu/u_algorithm/u_div/y1__943_n_0
    SLICE_X104Y14        CARRY4 (Prop_carry4_CI_CO[3])
                                                      0.117    15.155 r  u_alu/u_algorithm/u_div/y1__944/CO[3]
                         net (fo=1, routed)           0.000    15.155    u_alu/u_algorithm/u_div/y1__944_n_0
    SLICE_X104Y15        CARRY4 (Prop_carry4_CI_CO[0])
                                                      0.254    15.409 r  u_alu/u_algorithm/u_div/y1__945/CO[0]
                         net (fo=33, routed)          1.164    16.573    u_alu/u_algorithm/u_div/y1__945_n_3
    SLICE_X103Y3         LUT4 (Prop_lut4_I3_O)        0.367    16.940 r  u_alu/u_algorithm/u_div/y1__946_i_5/O
                         net (fo=1, routed)           0.000    16.940    u_alu/u_algorithm/u_div/y1__946_i_5_n_0
    SLICE_X103Y3         CARRY4 (Prop_carry4_S[0]_CO[3])
                                                      0.532    17.472 r  u_alu/u_algorithm/u_div/y1__946/CO[3]
                         net (fo=1, routed)           0.000    17.472    u_alu/u_algorithm/u_div/y1__946_n_0
    SLICE_X103Y4         CARRY4 (Prop_carry4_CI_CO[3])
                                                      0.114    17.586 r  u_alu/u_algorithm/u_div/y1__947/CO[3]
                         net (fo=1, routed)           0.000    17.586    u_alu/u_algorithm/u_div/y1__947_n_0
    SLICE_X103Y5         CARRY4 (Prop_carry4_CI_CO[3])
                                                      0.114    17.700 r  u_alu/u_algorithm/u_div/y1__948/CO[3]
                         net (fo=1, routed)           0.000    17.700    u_alu/u_algorithm/u_div/y1__948_n_0
    SLICE_X103Y6         CARRY4 (Prop_carry4_CI_CO[3])
                                                      0.114    17.814 r  u_alu/u_algorithm/u_div/y1__949/CO[3]
                         net (fo=1, routed)           0.000    17.814    u_alu/u_algorithm/u_div/y1__949_n_0
    SLICE_X103Y7         CARRY4 (Prop_carry4_CI_CO[3])
                                                      0.114    17.928 r  u_alu/u_algorithm/u_div/y1__950/CO[3]
                         net (fo=1, routed)           0.000    17.928    u_alu/u_algorithm/u_div/y1__950_n_0
    SLICE_X103Y8         CARRY4 (Prop_carry4_CI_CO[3])
                                                      0.114    18.042 r  u_alu/u_algorithm/u_div/y1__951/CO[3]
                         net (fo=1, routed)           0.000    18.042    u_alu/u_algorithm/u_div/y1__951_n_0
    SLICE_X103Y9         CARRY4 (Prop_carry4_CI_CO[3])
                                                      0.114    18.156 r  u_alu/u_algorithm/u_div/y1__952/CO[3]
                         net (fo=1, routed)           0.000    18.156    u_alu/u_algorithm/u_div/y1__952_n_0
    SLICE_X103Y10        CARRY4 (Prop_carry4_CI_CO[0])
                                                      0.271    18.427 r  u_alu/u_algorithm/u_div/y1__953/CO[0]
                         net (fo=32, routed)          0.629    19.056    u_alu/u_algorithm/u_div/y1__953_n_3
    SLICE_X103Y2         LUT6 (Prop_lut6_I5_O)        0.373    19.429 r  u_alu/u_algorithm/u_div/y1__954_i_5/O
                         net (fo=1, routed)           0.711    20.140    u_alu/u_algorithm/u_div/y1__954_i_5_n_0
    SLICE_X104Y0         CARRY4 (Prop_carry4_S[0]_CO[3])
                                                      0.637    20.777 r  u_alu/u_algorithm/u_div/y1__954/CO[3]
                         net (fo=1, routed)           0.000    20.777    u_alu/u_algorithm/u_div/y1__954_n_0
    SLICE_X104Y1         CARRY4 (Prop_carry4_CI_CO[3])
                                                      0.117    20.894 r  u_alu/u_algorithm/u_div/y1__955/CO[3]
                         net (fo=1, routed)           0.000    20.894    u_alu/u_algorithm/u_div/y1__955_n_0
    SLICE_X104Y2         CARRY4 (Prop_carry4_CI_CO[3])
                                                      0.117    21.011 r  u_alu/u_algorithm/u_div/y1__956/CO[3]
                         net (fo=1, routed)           0.000    21.011    u_alu/u_algorithm/u_div/y1__956_n_0
    SLICE_X104Y3         CARRY4 (Prop_carry4_CI_CO[3])
                                                      0.117    21.128 r  u_alu/u_algorithm/u_div/y1__957/CO[3]
                         net (fo=1, routed)           0.000    21.128    u_alu/u_algorithm/u_div/y1__957_n_0
    SLICE_X104Y4         CARRY4 (Prop_carry4_CI_CO[3])
                                                      0.117    21.245 r  u_alu/u_algorithm/u_div/y1__958/CO[3]
                         net (fo=1, routed)           0.000    21.245    u_alu/u_algorithm/u_div/y1__958_n_0
    SLICE_X104Y5         CARRY4 (Prop_carry4_CI_CO[3])
                                                      0.117    21.362 r  u_alu/u_algorithm/u_div/y1__959/CO[3]
                         net (fo=1, routed)           0.000    21.362    u_alu/u_algorithm/u_div/y1__959_n_0
    SLICE_X104Y6         CARRY4 (Prop_carry4_CI_CO[3])
                                                      0.117    21.479 r  u_alu/u_algorithm/u_div/y1__960/CO[3]
                         net (fo=1, routed)           0.000    21.479    u_alu/u_algorithm/u_div/y1__960_n_0
    SLICE_X104Y7         CARRY4 (Prop_carry4_CI_CO[0])
                                                      0.254    21.733 r  u_alu/u_algorithm/u_div/y1__961/CO[0]
                         net (fo=32, routed)          0.922    22.655    u_alu/u_algorithm/u_div/y1__961_n_3
    SLICE_X102Y2         LUT5 (Prop_lut5_I3_O)        0.367    23.022 r  u_alu/u_algorithm/u_div/y1__962_i_5/O
                         net (fo=1, routed)           0.000    23.022    u_alu/u_algorithm/u_div/y1__962_i_5_n_0
    SLICE_X102Y2         CARRY4 (Prop_carry4_S[0]_CO[3])
                                                      0.513    23.535 r  u_alu/u_algorithm/u_div/y1__962/CO[3]
                         net (fo=1, routed)           0.000    23.535    u_alu/u_algorithm/u_div/y1__962_n_0
    SLICE_X102Y3         CARRY4 (Prop_carry4_CI_CO[3])
                                                      0.117    23.652 r  u_alu/u_algorithm/u_div/y1__963/CO[3]
                         net (fo=1, routed)           0.000    23.652    u_alu/u_algorithm/u_div/y1__963_n_0
    SLICE_X102Y4         CARRY4 (Prop_carry4_CI_CO[3])
                                                      0.117    23.769 r  u_alu/u_algorithm/u_div/y1__964/CO[3]
                         net (fo=1, routed)           0.000    23.769    u_alu/u_algorithm/u_div/y1__964_n_0
    SLICE_X102Y5         CARRY4 (Prop_carry4_CI_CO[3])
                                                      0.117    23.886 r  u_alu/u_algorithm/u_div/y1__965/CO[3]
                         net (fo=1, routed)           0.000    23.886    u_alu/u_algorithm/u_div/y1__965_n_0
    SLICE_X102Y6         CARRY4 (Prop_carry4_CI_CO[3])
                                                      0.117    24.003 r  u_alu/u_algorithm/u_div/y1__966/CO[3]
                         net (fo=1, routed)           0.000    24.003    u_alu/u_algorithm/u_div/y1__966_n_0
    SLICE_X102Y7         CARRY4 (Prop_carry4_CI_CO[3])
                                                      0.117    24.120 r  u_alu/u_algorithm/u_div/y1__967/CO[3]
                         net (fo=1, routed)           0.000    24.120    u_alu/u_algorithm/u_div/y1__967_n_0
    SLICE_X102Y8         CARRY4 (Prop_carry4_CI_CO[3])
                                                      0.117    24.237 r  u_alu/u_algorithm/u_div/y1__968/CO[3]
                         net (fo=1, routed)           0.000    24.237    u_alu/u_algorithm/u_div/y1__968_n_0
    SLICE_X102Y9         CARRY4 (Prop_carry4_CI_CO[0])
                                                      0.254    24.491 r  u_alu/u_algorithm/u_div/y1__969/CO[0]
                         net (fo=32, routed)          1.118    25.608    u_alu/u_algorithm/u_div/y1__969_n_3
    SLICE_X101Y2         LUT5 (Prop_lut5_I3_O)        0.367    25.975 r  u_alu/u_algorithm/u_div/y1__970_i_5/O
                         net (fo=1, routed)           0.000    25.975    u_alu/u_algorithm/u_div/y1__970_i_5_n_0
    SLICE_X101Y2         CARRY4 (Prop_carry4_S[0]_CO[3])
                                                      0.532    26.507 r  u_alu/u_algorithm/u_div/y1__970/CO[3]
                         net (fo=1, routed)           0.000    26.507    u_alu/u_algorithm/u_div/y1__970_n_0
    SLICE_X101Y3         CARRY4 (Prop_carry4_CI_CO[3])
                                                      0.114    26.621 r  u_alu/u_algorithm/u_div/y1__971/CO[3]
                         net (fo=1, routed)           0.000    26.621    u_alu/u_algorithm/u_div/y1__971_n_0
    SLICE_X101Y4         CARRY4 (Prop_carry4_CI_CO[3])
                                                      0.114    26.735 r  u_alu/u_algorithm/u_div/y1__972/CO[3]
                         net (fo=1, routed)           0.000    26.735    u_alu/u_algorithm/u_div/y1__972_n_0
    SLICE_X101Y5         CARRY4 (Prop_carry4_CI_CO[3])
                                                      0.114    26.849 r  u_alu/u_algorithm/u_div/y1__973/CO[3]
                         net (fo=1, routed)           0.000    26.849    u_alu/u_algorithm/u_div/y1__973_n_0
    SLICE_X101Y6         CARRY4 (Prop_carry4_CI_CO[3])
                                                      0.114    26.963 r  u_alu/u_algorithm/u_div/y1__974/CO[3]
                         net (fo=1, routed)           0.000    26.963    u_alu/u_algorithm/u_div/y1__974_n_0
    SLICE_X101Y7         CARRY4 (Prop_carry4_CI_CO[3])
                                                      0.114    27.077 r  u_alu/u_algorithm/u_div/y1__975/CO[3]
                         net (fo=1, routed)           0.000    27.077    u_alu/u_algorithm/u_div/y1__975_n_0
    SLICE_X101Y8         CARRY4 (Prop_carry4_CI_CO[3])
                                                      0.114    27.191 r  u_alu/u_algorithm/u_div/y1__976/CO[3]
                         net (fo=1, routed)           0.000    27.191    u_alu/u_algorithm/u_div/y1__976_n_0
    SLICE_X101Y9         CARRY4 (Prop_carry4_CI_CO[0])
                                                      0.271    27.462 r  u_alu/u_algorithm/u_div/y1__977/CO[0]
                         net (fo=32, routed)          0.945    28.407    u_alu/u_algorithm/u_div/y1__977_n_3
    SLICE_X100Y1         CARRY4 (Prop_carry4_CYINIT_CO[3])
                                                      0.844    29.251 r  u_alu/u_algorithm/u_div/y1__978/CO[3]
                         net (fo=1, routed)           0.000    29.251    u_alu/u_algorithm/u_div/y1__978_n_0
    SLICE_X100Y2         CARRY4 (Prop_carry4_CI_CO[3])
                                                      0.117    29.368 r  u_alu/u_algorithm/u_div/y1__979/CO[3]
                         net (fo=1, routed)           0.000    29.368    u_alu/u_algorithm/u_div/y1__979_n_0
    SLICE_X100Y3         CARRY4 (Prop_carry4_CI_CO[3])
                                                      0.117    29.485 r  u_alu/u_algorithm/u_div/y1__980/CO[3]
                         net (fo=1, routed)           0.000    29.485    u_alu/u_algorithm/u_div/y1__980_n_0
    SLICE_X100Y4         CARRY4 (Prop_carry4_CI_CO[3])
                                                      0.117    29.602 r  u_alu/u_algorithm/u_div/y1__981/CO[3]
                         net (fo=1, routed)           0.000    29.602    u_alu/u_algorithm/u_div/y1__981_n_0
    SLICE_X100Y5         CARRY4 (Prop_carry4_CI_CO[3])
                                                      0.117    29.719 r  u_alu/u_algorithm/u_div/y1__982/CO[3]
                         net (fo=1, routed)           0.000    29.719    u_alu/u_algorithm/u_div/y1__982_n_0
    SLICE_X100Y6         CARRY4 (Prop_carry4_CI_CO[3])
                                                      0.117    29.836 r  u_alu/u_algorithm/u_div/y1__983/CO[3]
                         net (fo=1, routed)           0.000    29.836    u_alu/u_algorithm/u_div/y1__983_n_0
    SLICE_X100Y7         CARRY4 (Prop_carry4_CI_CO[3])
                                                      0.117    29.953 r  u_alu/u_algorithm/u_div/y1__984/CO[3]
                         net (fo=1, routed)           0.000    29.953    u_alu/u_algorithm/u_div/y1__984_n_0
    SLICE_X100Y8         CARRY4 (Prop_carry4_CI_CO[0])
                                                      0.254    30.207 r  u_alu/u_algorithm/u_div/y1__985/CO[0]
                         net (fo=32, routed)          1.112    31.319    u_alu/u_algorithm/u_div/y1__985_n_3
    SLICE_X98Y0          LUT5 (Prop_lut5_I3_O)        0.367    31.686 r  u_alu/u_algorithm/u_div/y1__986_i_5/O
                         net (fo=1, routed)           0.000    31.686    u_alu/u_algorithm/u_div/y1__986_i_5_n_0
    SLICE_X98Y0          CARRY4 (Prop_carry4_S[0]_CO[3])
                                                      0.513    32.199 r  u_alu/u_algorithm/u_div/y1__986/CO[3]
                         net (fo=1, routed)           0.000    32.199    u_alu/u_algorithm/u_div/y1__986_n_0
    SLICE_X98Y1          CARRY4 (Prop_carry4_CI_CO[3])
                                                      0.117    32.316 r  u_alu/u_algorithm/u_div/y1__987/CO[3]
                         net (fo=1, routed)           0.000    32.316    u_alu/u_algorithm/u_div/y1__987_n_0
    SLICE_X98Y2          CARRY4 (Prop_carry4_CI_CO[3])
                                                      0.117    32.433 r  u_alu/u_algorithm/u_div/y1__988/CO[3]
                         net (fo=1, routed)           0.000    32.433    u_alu/u_algorithm/u_div/y1__988_n_0
    SLICE_X98Y3          CARRY4 (Prop_carry4_CI_CO[3])
                                                      0.117    32.550 r  u_alu/u_algorithm/u_div/y1__989/CO[3]
                         net (fo=1, routed)           0.000    32.550    u_alu/u_algorithm/u_div/y1__989_n_0
    SLICE_X98Y4          CARRY4 (Prop_carry4_CI_CO[3])
                                                      0.117    32.667 r  u_alu/u_algorithm/u_div/y1__990/CO[3]
                         net (fo=1, routed)           0.000    32.667    u_alu/u_algorithm/u_div/y1__990_n_0
    SLICE_X98Y5          CARRY4 (Prop_carry4_CI_CO[3])
                                                      0.117    32.784 r  u_alu/u_algorithm/u_div/y1__991/CO[3]
                         net (fo=1, routed)           0.000    32.784    u_alu/u_algorithm/u_div/y1__991_n_0
    SLICE_X98Y6          CARRY4 (Prop_carry4_CI_CO[3])
                                                      0.117    32.901 r  u_alu/u_algorithm/u_div/y1__992/CO[3]
                         net (fo=1, routed)           0.000    32.901    u_alu/u_algorithm/u_div/y1__992_n_0
    SLICE_X98Y7          CARRY4 (Prop_carry4_CI_CO[0])
                                                      0.254    33.155 r  u_alu/u_algorithm/u_div/y1__993/CO[0]
                         net (fo=32, routed)          0.951    34.105    u_alu/u_algorithm/u_div/y1__993_n_3
    SLICE_X96Y1          LUT5 (Prop_lut5_I3_O)        0.367    34.472 r  u_alu/u_algorithm/u_div/y1__994_i_5/O
                         net (fo=1, routed)           0.000    34.472    u_alu/u_algorithm/u_div/y1__994_i_5_n_0
    SLICE_X96Y1          CARRY4 (Prop_carry4_S[0]_CO[3])
                                                      0.513    34.985 r  u_alu/u_algorithm/u_div/y1__994/CO[3]
                         net (fo=1, routed)           0.000    34.985    u_alu/u_algorithm/u_div/y1__994_n_0
    SLICE_X96Y2          CARRY4 (Prop_carry4_CI_CO[3])
                                                      0.117    35.102 r  u_alu/u_algorithm/u_div/y1__995/CO[3]
                         net (fo=1, routed)           0.000    35.102    u_alu/u_algorithm/u_div/y1__995_n_0
    SLICE_X96Y3          CARRY4 (Prop_carry4_CI_CO[3])
                                                      0.117    35.219 r  u_alu/u_algorithm/u_div/y1__996/CO[3]
                         net (fo=1, routed)           0.000    35.219    u_alu/u_algorithm/u_div/y1__996_n_0
    SLICE_X96Y4          CARRY4 (Prop_carry4_CI_CO[3])
                                                      0.117    35.336 r  u_alu/u_algorithm/u_div/y1__997/CO[3]
                         net (fo=1, routed)           0.000    35.336    u_alu/u_algorithm/u_div/y1__997_n_0
    SLICE_X96Y5          CARRY4 (Prop_carry4_CI_CO[3])
                                                      0.117    35.453 r  u_alu/u_algorithm/u_div/y1__998/CO[3]
                         net (fo=1, routed)           0.000    35.453    u_alu/u_algorithm/u_div/y1__998_n_0
    SLICE_X96Y6          CARRY4 (Prop_carry4_CI_CO[3])
                                                      0.117    35.570 r  u_alu/u_algorithm/u_div/y1__999/CO[3]
                         net (fo=1, routed)           0.000    35.570    u_alu/u_algorithm/u_div/y1__999_n_0
    SLICE_X96Y7          CARRY4 (Prop_carry4_CI_CO[3])
                                                      0.117    35.687 r  u_alu/u_algorithm/u_div/y1__1000/CO[3]
                         net (fo=1, routed)           0.000    35.687    u_alu/u_algorithm/u_div/y1__1000_n_0
    SLICE_X96Y8          CARRY4 (Prop_carry4_CI_CO[0])
                                                      0.254    35.941 r  u_alu/u_algorithm/u_div/y1__1001/CO[0]
                         net (fo=32, routed)          0.985    36.926    u_alu/u_algorithm/u_div/y1__1001_n_3
    SLICE_X95Y3          LUT5 (Prop_lut5_I3_O)        0.367    37.293 r  u_alu/u_algorithm/u_div/y1__1002_i_5/O
                         net (fo=1, routed)           0.000    37.293    u_alu/u_algorithm/u_div/y1__1002_i_5_n_0
    SLICE_X95Y3          CARRY4 (Prop_carry4_S[0]_CO[3])
                                                      0.532    37.825 r  u_alu/u_algorithm/u_div/y1__1002/CO[3]
                         net (fo=1, routed)           0.000    37.825    u_alu/u_algorithm/u_div/y1__1002_n_0
    SLICE_X95Y4          CARRY4 (Prop_carry4_CI_CO[3])
                                                      0.114    37.939 r  u_alu/u_algorithm/u_div/y1__1003/CO[3]
                         net (fo=1, routed)           0.000    37.939    u_alu/u_algorithm/u_div/y1__1003_n_0
    SLICE_X95Y5          CARRY4 (Prop_carry4_CI_CO[3])
                                                      0.114    38.053 r  u_alu/u_algorithm/u_div/y1__1004/CO[3]
                         net (fo=1, routed)           0.000    38.053    u_alu/u_algorithm/u_div/y1__1004_n_0
    SLICE_X95Y6          CARRY4 (Prop_carry4_CI_CO[3])
                                                      0.114    38.167 r  u_alu/u_algorithm/u_div/y1__1005/CO[3]
                         net (fo=1, routed)           0.000    38.167    u_alu/u_algorithm/u_div/y1__1005_n_0
    SLICE_X95Y7          CARRY4 (Prop_carry4_CI_CO[3])
                                                      0.114    38.281 r  u_alu/u_algorithm/u_div/y1__1006/CO[3]
                         net (fo=1, routed)           0.000    38.281    u_alu/u_algorithm/u_div/y1__1006_n_0
    SLICE_X95Y8          CARRY4 (Prop_carry4_CI_CO[3])
                                                      0.114    38.395 r  u_alu/u_algorithm/u_div/y1__1007/CO[3]
                         net (fo=1, routed)           0.000    38.395    u_alu/u_algorithm/u_div/y1__1007_n_0
    SLICE_X95Y9          CARRY4 (Prop_carry4_CI_CO[3])
                                                      0.114    38.509 r  u_alu/u_algorithm/u_div/y1__1008/CO[3]
                         net (fo=1, routed)           0.000    38.509    u_alu/u_algorithm/u_div/y1__1008_n_0
    SLICE_X95Y10         CARRY4 (Prop_carry4_CI_CO[0])
                                                      0.271    38.780 r  u_alu/u_algorithm/u_div/y1__1009/CO[0]
                         net (fo=32, routed)          0.863    39.643    u_alu/u_algorithm/u_div/y1__1009_n_3
    SLICE_X97Y7          LUT5 (Prop_lut5_I3_O)        0.373    40.016 r  u_alu/u_algorithm/u_div/y1__1010_i_5/O
                         net (fo=1, routed)           0.000    40.016    u_alu/u_algorithm/u_div/y1__1010_i_5_n_0
    SLICE_X97Y7          CARRY4 (Prop_carry4_S[0]_CO[3])
                                                      0.532    40.548 r  u_alu/u_algorithm/u_div/y1__1010/CO[3]
                         net (fo=1, routed)           0.000    40.548    u_alu/u_algorithm/u_div/y1__1010_n_0
    SLICE_X97Y8          CARRY4 (Prop_carry4_CI_CO[3])
                                                      0.114    40.662 r  u_alu/u_algorithm/u_div/y1__1011/CO[3]
                         net (fo=1, routed)           0.000    40.662    u_alu/u_algorithm/u_div/y1__1011_n_0
    SLICE_X97Y9          CARRY4 (Prop_carry4_CI_CO[3])
                                                      0.114    40.776 r  u_alu/u_algorithm/u_div/y1__1012/CO[3]
                         net (fo=1, routed)           0.000    40.776    u_alu/u_algorithm/u_div/y1__1012_n_0
    SLICE_X97Y10         CARRY4 (Prop_carry4_CI_CO[3])
                                                      0.114    40.890 r  u_alu/u_algorithm/u_div/y1__1013/CO[3]
                         net (fo=1, routed)           0.000    40.890    u_alu/u_algorithm/u_div/y1__1013_n_0
    SLICE_X97Y11         CARRY4 (Prop_carry4_CI_CO[3])
                                                      0.114    41.004 r  u_alu/u_algorithm/u_div/y1__1014/CO[3]
                         net (fo=1, routed)           0.000    41.004    u_alu/u_algorithm/u_div/y1__1014_n_0
    SLICE_X97Y12         CARRY4 (Prop_carry4_CI_CO[3])
                                                      0.114    41.118 r  u_alu/u_algorithm/u_div/y1__1015/CO[3]
                         net (fo=1, routed)           0.000    41.118    u_alu/u_algorithm/u_div/y1__1015_n_0
    SLICE_X97Y13         CARRY4 (Prop_carry4_CI_CO[3])
                                                      0.114    41.232 r  u_alu/u_algorithm/u_div/y1__1016/CO[3]
                         net (fo=1, routed)           0.000    41.232    u_alu/u_algorithm/u_div/y1__1016_n_0
    SLICE_X97Y14         CARRY4 (Prop_carry4_CI_CO[0])
                                                      0.271    41.503 r  u_alu/u_algorithm/u_div/y1__1017/CO[0]
                         net (fo=32, routed)          0.457    41.960    u_alu/u_algorithm/u_div/y1__1017_n_3
    SLICE_X100Y14        LUT5 (Prop_lut5_I3_O)        0.373    42.333 r  u_alu/u_algorithm/u_div/y1__1018_i_5/O
                         net (fo=1, routed)           0.402    42.736    u_alu/u_algorithm/u_div/y1__1018_i_5_n_0
    SLICE_X101Y13        CARRY4 (Prop_carry4_S[0]_CO[3])
                                                      0.656    43.392 r  u_alu/u_algorithm/u_div/y1__1018/CO[3]
                         net (fo=1, routed)           0.000    43.392    u_alu/u_algorithm/u_div/y1__1018_n_0
    SLICE_X101Y14        CARRY4 (Prop_carry4_CI_CO[3])
                                                      0.114    43.506 r  u_alu/u_algorithm/u_div/y1__1019/CO[3]
                         net (fo=1, routed)           0.000    43.506    u_alu/u_algorithm/u_div/y1__1019_n_0
    SLICE_X101Y15        CARRY4 (Prop_carry4_CI_CO[3])
                                                      0.114    43.620 r  u_alu/u_algorithm/u_div/y1__1020/CO[3]
                         net (fo=1, routed)           0.000    43.620    u_alu/u_algorithm/u_div/y1__1020_n_0
    SLICE_X101Y16        CARRY4 (Prop_carry4_CI_CO[3])
                                                      0.114    43.734 r  u_alu/u_algorithm/u_div/y1__1021/CO[3]
                         net (fo=1, routed)           0.000    43.734    u_alu/u_algorithm/u_div/y1__1021_n_0
    SLICE_X101Y17        CARRY4 (Prop_carry4_CI_CO[3])
                                                      0.114    43.848 r  u_alu/u_algorithm/u_div/y1__1022/CO[3]
                         net (fo=1, routed)           0.000    43.848    u_alu/u_algorithm/u_div/y1__1022_n_0
    SLICE_X101Y18        CARRY4 (Prop_carry4_CI_CO[3])
                                                      0.114    43.962 r  u_alu/u_algorithm/u_div/y1__1023/CO[3]
                         net (fo=1, routed)           0.000    43.962    u_alu/u_algorithm/u_div/y1__1023_n_0
    SLICE_X101Y19        CARRY4 (Prop_carry4_CI_CO[3])
                                                      0.114    44.076 r  u_alu/u_algorithm/u_div/y1__1024/CO[3]
                         net (fo=1, routed)           0.000    44.076    u_alu/u_algorithm/u_div/y1__1024_n_0
    SLICE_X101Y20        CARRY4 (Prop_carry4_CI_CO[0])
                                                      0.271    44.347 r  u_alu/u_algorithm/u_div/y1__1025/CO[0]
                         net (fo=32, routed)          0.826    45.173    u_alu/u_algorithm/u_div/y1__1025_n_3
    SLICE_X102Y19        LUT5 (Prop_lut5_I3_O)        0.373    45.546 r  u_alu/u_algorithm/u_div/y1__1026_i_5/O
                         net (fo=1, routed)           0.000    45.546    u_alu/u_algorithm/u_div/y1__1026_i_5_n_0
    SLICE_X102Y19        CARRY4 (Prop_carry4_S[0]_CO[3])
                                                      0.513    46.059 r  u_alu/u_algorithm/u_div/y1__1026/CO[3]
                         net (fo=1, routed)           0.000    46.059    u_alu/u_algorithm/u_div/y1__1026_n_0
    SLICE_X102Y20        CARRY4 (Prop_carry4_CI_CO[3])
                                                      0.117    46.176 r  u_alu/u_algorithm/u_div/y1__1027/CO[3]
                         net (fo=1, routed)           0.000    46.176    u_alu/u_algorithm/u_div/y1__1027_n_0
    SLICE_X102Y21        CARRY4 (Prop_carry4_CI_CO[3])
                                                      0.117    46.293 r  u_alu/u_algorithm/u_div/y1__1028/CO[3]
                         net (fo=1, routed)           0.000    46.293    u_alu/u_algorithm/u_div/y1__1028_n_0
    SLICE_X102Y22        CARRY4 (Prop_carry4_CI_CO[3])
                                                      0.117    46.410 r  u_alu/u_algorithm/u_div/y1__1029/CO[3]
                         net (fo=1, routed)           0.000    46.410    u_alu/u_algorithm/u_div/y1__1029_n_0
    SLICE_X102Y23        CARRY4 (Prop_carry4_CI_CO[3])
                                                      0.117    46.527 r  u_alu/u_algorithm/u_div/y1__1030/CO[3]
                         net (fo=1, routed)           0.000    46.527    u_alu/u_algorithm/u_div/y1__1030_n_0
    SLICE_X102Y24        CARRY4 (Prop_carry4_CI_CO[3])
                                                      0.117    46.644 r  u_alu/u_algorithm/u_div/y1__1031/CO[3]
                         net (fo=1, routed)           0.009    46.653    u_alu/u_algorithm/u_div/y1__1031_n_0
    SLICE_X102Y25        CARRY4 (Prop_carry4_CI_CO[3])
                                                      0.117    46.770 r  u_alu/u_algorithm/u_div/y1__1032/CO[3]
                         net (fo=1, routed)           0.000    46.770    u_alu/u_algorithm/u_div/y1__1032_n_0
    SLICE_X102Y26        CARRY4 (Prop_carry4_CI_CO[0])
                                                      0.254    47.024 r  u_alu/u_algorithm/u_div/y1__1033/CO[0]
                         net (fo=32, routed)          0.740    47.764    u_alu/u_algorithm/u_div/y1__1033_n_3
    SLICE_X103Y26        LUT5 (Prop_lut5_I3_O)        0.367    48.131 r  u_alu/u_algorithm/u_div/y1__1034_i_5/O
                         net (fo=1, routed)           0.000    48.131    u_alu/u_algorithm/u_div/y1__1034_i_5_n_0
    SLICE_X103Y26        CARRY4 (Prop_carry4_S[0]_CO[3])
                                                      0.532    48.663 r  u_alu/u_algorithm/u_div/y1__1034/CO[3]
                         net (fo=1, routed)           0.000    48.663    u_alu/u_algorithm/u_div/y1__1034_n_0
    SLICE_X103Y27        CARRY4 (Prop_carry4_CI_CO[3])
                                                      0.114    48.777 r  u_alu/u_algorithm/u_div/y1__1035/CO[3]
                         net (fo=1, routed)           0.000    48.777    u_alu/u_algorithm/u_div/y1__1035_n_0
    SLICE_X103Y28        CARRY4 (Prop_carry4_CI_CO[3])
                                                      0.114    48.891 r  u_alu/u_algorithm/u_div/y1__1036/CO[3]
                         net (fo=1, routed)           0.000    48.891    u_alu/u_algorithm/u_div/y1__1036_n_0
    SLICE_X103Y29        CARRY4 (Prop_carry4_CI_CO[3])
                                                      0.114    49.005 r  u_alu/u_algorithm/u_div/y1__1037/CO[3]
                         net (fo=1, routed)           0.000    49.005    u_alu/u_algorithm/u_div/y1__1037_n_0
    SLICE_X103Y30        CARRY4 (Prop_carry4_CI_CO[3])
                                                      0.114    49.119 r  u_alu/u_algorithm/u_div/y1__1038/CO[3]
                         net (fo=1, routed)           0.000    49.119    u_alu/u_algorithm/u_div/y1__1038_n_0
    SLICE_X103Y31        CARRY4 (Prop_carry4_CI_CO[3])
                                                      0.114    49.233 r  u_alu/u_algorithm/u_div/y1__1039/CO[3]
                         net (fo=1, routed)           0.000    49.233    u_alu/u_algorithm/u_div/y1__1039_n_0
    SLICE_X103Y32        CARRY4 (Prop_carry4_CI_CO[3])
                                                      0.114    49.347 r  u_alu/u_algorithm/u_div/y1__1040/CO[3]
                         net (fo=1, routed)           0.000    49.347    u_alu/u_algorithm/u_div/y1__1040_n_0
    SLICE_X103Y33        CARRY4 (Prop_carry4_CI_CO[0])
                                                      0.271    49.618 r  u_alu/u_algorithm/u_div/y1__1041/CO[0]
                         net (fo=32, routed)          0.528    50.146    u_alu/u_algorithm/u_div/y1__1041_n_3
    SLICE_X102Y33        LUT5 (Prop_lut5_I0_O)        0.373    50.519 r  u_alu/u_algorithm/u_div/y1__1042_i_4/O
                         net (fo=1, routed)           0.000    50.519    u_alu/u_algorithm/u_div/y1__1042_i_4_n_0
    SLICE_X102Y33        CARRY4 (Prop_carry4_S[1]_CO[3])
                                                      0.533    51.052 r  u_alu/u_algorithm/u_div/y1__1042/CO[3]
                         net (fo=1, routed)           0.000    51.052    u_alu/u_algorithm/u_div/y1__1042_n_0
    SLICE_X102Y34        CARRY4 (Prop_carry4_CI_CO[3])
                                                      0.117    51.169 r  u_alu/u_algorithm/u_div/y1__1043/CO[3]
                         net (fo=1, routed)           0.000    51.169    u_alu/u_algorithm/u_div/y1__1043_n_0
    SLICE_X102Y35        CARRY4 (Prop_carry4_CI_CO[3])
                                                      0.117    51.286 r  u_alu/u_algorithm/u_div/y1__1044/CO[3]
                         net (fo=1, routed)           0.000    51.286    u_alu/u_algorithm/u_div/y1__1044_n_0
    SLICE_X102Y36        CARRY4 (Prop_carry4_CI_CO[3])
                                                      0.117    51.403 r  u_alu/u_algorithm/u_div/y1__1045/CO[3]
                         net (fo=1, routed)           0.000    51.403    u_alu/u_algorithm/u_div/y1__1045_n_0
    SLICE_X102Y37        CARRY4 (Prop_carry4_CI_CO[3])
                                                      0.117    51.520 r  u_alu/u_algorithm/u_div/y1__1046/CO[3]
                         net (fo=1, routed)           0.000    51.520    u_alu/u_algorithm/u_div/y1__1046_n_0
    SLICE_X102Y38        CARRY4 (Prop_carry4_CI_CO[3])
                                                      0.117    51.637 r  u_alu/u_algorithm/u_div/y1__1047/CO[3]
                         net (fo=1, routed)           0.000    51.637    u_alu/u_algorithm/u_div/y1__1047_n_0
    SLICE_X102Y39        CARRY4 (Prop_carry4_CI_CO[3])
                                                      0.117    51.754 r  u_alu/u_algorithm/u_div/y1__1048/CO[3]
                         net (fo=1, routed)           0.000    51.754    u_alu/u_algorithm/u_div/y1__1048_n_0
    SLICE_X102Y40        CARRY4 (Prop_carry4_CI_CO[0])
                                                      0.254    52.008 r  u_alu/u_algorithm/u_div/y1__1049/CO[0]
                         net (fo=32, routed)          0.672    52.680    u_alu/u_algorithm/u_div/y1__1049_n_3
    SLICE_X103Y39        LUT5 (Prop_lut5_I3_O)        0.367    53.047 r  u_alu/u_algorithm/u_div/y1__1050_i_5/O
                         net (fo=1, routed)           0.000    53.047    u_alu/u_algorithm/u_div/y1__1050_i_5_n_0
    SLICE_X103Y39        CARRY4 (Prop_carry4_S[0]_CO[3])
                                                      0.532    53.579 r  u_alu/u_algorithm/u_div/y1__1050/CO[3]
                         net (fo=1, routed)           0.000    53.579    u_alu/u_algorithm/u_div/y1__1050_n_0
    SLICE_X103Y40        CARRY4 (Prop_carry4_CI_CO[3])
                                                      0.114    53.693 r  u_alu/u_algorithm/u_div/y1__1051/CO[3]
                         net (fo=1, routed)           0.000    53.693    u_alu/u_algorithm/u_div/y1__1051_n_0
    SLICE_X103Y41        CARRY4 (Prop_carry4_CI_CO[3])
                                                      0.114    53.807 r  u_alu/u_algorithm/u_div/y1__1052/CO[3]
                         net (fo=1, routed)           0.000    53.807    u_alu/u_algorithm/u_div/y1__1052_n_0
    SLICE_X103Y42        CARRY4 (Prop_carry4_CI_CO[3])
                                                      0.114    53.921 r  u_alu/u_algorithm/u_div/y1__1053/CO[3]
                         net (fo=1, routed)           0.000    53.921    u_alu/u_algorithm/u_div/y1__1053_n_0
    SLICE_X103Y43        CARRY4 (Prop_carry4_CI_CO[3])
                                                      0.114    54.035 r  u_alu/u_algorithm/u_div/y1__1054/CO[3]
                         net (fo=1, routed)           0.000    54.035    u_alu/u_algorithm/u_div/y1__1054_n_0
    SLICE_X103Y44        CARRY4 (Prop_carry4_CI_CO[3])
                                                      0.114    54.149 r  u_alu/u_algorithm/u_div/y1__1055/CO[3]
                         net (fo=1, routed)           0.000    54.149    u_alu/u_algorithm/u_div/y1__1055_n_0
    SLICE_X103Y45        CARRY4 (Prop_carry4_CI_CO[3])
                                                      0.114    54.263 r  u_alu/u_algorithm/u_div/y1__1056/CO[3]
                         net (fo=1, routed)           0.000    54.263    u_alu/u_algorithm/u_div/y1__1056_n_0
    SLICE_X103Y46        CARRY4 (Prop_carry4_CI_CO[0])
                                                      0.271    54.534 r  u_alu/u_algorithm/u_div/y1__1057/CO[0]
                         net (fo=34, routed)          0.528    55.061    u_alu/u_algorithm/u_div/y10_in[15]
    SLICE_X102Y46        LUT5 (Prop_lut5_I0_O)        0.373    55.434 r  u_alu/u_algorithm/u_div/y1__1058_i_4/O
                         net (fo=1, routed)           0.000    55.434    u_alu/u_algorithm/u_div/y1__1058_i_4_n_0
    SLICE_X102Y46        CARRY4 (Prop_carry4_S[1]_CO[3])
                                                      0.533    55.967 r  u_alu/u_algorithm/u_div/y1__1058/CO[3]
                         net (fo=1, routed)           0.000    55.967    u_alu/u_algorithm/u_div/y1__1058_n_0
    SLICE_X102Y47        CARRY4 (Prop_carry4_CI_CO[3])
                                                      0.117    56.084 r  u_alu/u_algorithm/u_div/y1__1059/CO[3]
                         net (fo=1, routed)           0.000    56.084    u_alu/u_algorithm/u_div/y1__1059_n_0
    SLICE_X102Y48        CARRY4 (Prop_carry4_CI_CO[3])
                                                      0.117    56.201 r  u_alu/u_algorithm/u_div/y1__1060/CO[3]
                         net (fo=1, routed)           0.000    56.201    u_alu/u_algorithm/u_div/y1__1060_n_0
    SLICE_X102Y49        CARRY4 (Prop_carry4_CI_CO[3])
                                                      0.117    56.318 r  u_alu/u_algorithm/u_div/y1__1061/CO[3]
                         net (fo=1, routed)           0.001    56.319    u_alu/u_algorithm/u_div/y1__1061_n_0
    SLICE_X102Y50        CARRY4 (Prop_carry4_CI_CO[3])
                                                      0.117    56.436 r  u_alu/u_algorithm/u_div/y1__1062/CO[3]
                         net (fo=1, routed)           0.000    56.436    u_alu/u_algorithm/u_div/y1__1062_n_0
    SLICE_X102Y51        CARRY4 (Prop_carry4_CI_CO[3])
                                                      0.117    56.553 r  u_alu/u_algorithm/u_div/y1__1063/CO[3]
                         net (fo=1, routed)           0.000    56.553    u_alu/u_algorithm/u_div/y1__1063_n_0
    SLICE_X102Y52        CARRY4 (Prop_carry4_CI_CO[3])
                                                      0.117    56.670 r  u_alu/u_algorithm/u_div/y1__1064/CO[3]
                         net (fo=1, routed)           0.000    56.670    u_alu/u_algorithm/u_div/y1__1064_n_0
    SLICE_X102Y53        CARRY4 (Prop_carry4_CI_CO[0])
                                                      0.254    56.924 r  u_alu/u_algorithm/u_div/y1__1065/CO[0]
                         net (fo=34, routed)          0.771    57.695    u_alu/u_algorithm/u_div/y10_in[14]
    SLICE_X103Y53        LUT5 (Prop_lut5_I3_O)        0.367    58.062 r  u_alu/u_algorithm/u_div/y1__1066_i_5/O
                         net (fo=1, routed)           0.000    58.062    u_alu/u_algorithm/u_div/y1__1066_i_5_n_0
    SLICE_X103Y53        CARRY4 (Prop_carry4_S[0]_CO[3])
                                                      0.532    58.594 r  u_alu/u_algorithm/u_div/y1__1066/CO[3]
                         net (fo=1, routed)           0.000    58.594    u_alu/u_algorithm/u_div/y1__1066_n_0
    SLICE_X103Y54        CARRY4 (Prop_carry4_CI_CO[3])
                                                      0.114    58.708 r  u_alu/u_algorithm/u_div/y1__1067/CO[3]
                         net (fo=1, routed)           0.000    58.708    u_alu/u_algorithm/u_div/y1__1067_n_0
    SLICE_X103Y55        CARRY4 (Prop_carry4_CI_CO[3])
                                                      0.114    58.822 r  u_alu/u_algorithm/u_div/y1__1068/CO[3]
                         net (fo=1, routed)           0.000    58.822    u_alu/u_algorithm/u_div/y1__1068_n_0
    SLICE_X103Y56        CARRY4 (Prop_carry4_CI_CO[3])
                                                      0.114    58.936 r  u_alu/u_algorithm/u_div/y1__1069/CO[3]
                         net (fo=1, routed)           0.000    58.936    u_alu/u_algorithm/u_div/y1__1069_n_0
    SLICE_X103Y57        CARRY4 (Prop_carry4_CI_CO[3])
                                                      0.114    59.050 r  u_alu/u_algorithm/u_div/y1__1070/CO[3]
                         net (fo=1, routed)           0.000    59.050    u_alu/u_algorithm/u_div/y1__1070_n_0
    SLICE_X103Y58        CARRY4 (Prop_carry4_CI_CO[3])
                                                      0.114    59.164 r  u_alu/u_algorithm/u_div/y1__1071/CO[3]
                         net (fo=1, routed)           0.000    59.164    u_alu/u_algorithm/u_div/y1__1071_n_0
    SLICE_X103Y59        CARRY4 (Prop_carry4_CI_CO[3])
                                                      0.114    59.278 r  u_alu/u_algorithm/u_div/y1__1072/CO[3]
                         net (fo=1, routed)           0.000    59.278    u_alu/u_algorithm/u_div/y1__1072_n_0
    SLICE_X103Y60        CARRY4 (Prop_carry4_CI_CO[0])
                                                      0.271    59.549 r  u_alu/u_algorithm/u_div/y1__1073/CO[0]
                         net (fo=34, routed)          0.680    60.228    u_alu/u_algorithm/u_div/y10_in[13]
    SLICE_X102Y59        LUT5 (Prop_lut5_I3_O)        0.373    60.601 r  u_alu/u_algorithm/u_div/y1__1074_i_5/O
                         net (fo=1, routed)           0.000    60.601    u_alu/u_algorithm/u_div/y1__1074_i_5_n_0
    SLICE_X102Y59        CARRY4 (Prop_carry4_S[0]_CO[3])
                                                      0.513    61.114 r  u_alu/u_algorithm/u_div/y1__1074/CO[3]
                         net (fo=1, routed)           0.000    61.114    u_alu/u_algorithm/u_div/y1__1074_n_0
    SLICE_X102Y60        CARRY4 (Prop_carry4_CI_CO[3])
                                                      0.117    61.231 r  u_alu/u_algorithm/u_div/y1__1075/CO[3]
                         net (fo=1, routed)           0.000    61.231    u_alu/u_algorithm/u_div/y1__1075_n_0
    SLICE_X102Y61        CARRY4 (Prop_carry4_CI_CO[3])
                                                      0.117    61.348 r  u_alu/u_algorithm/u_div/y1__1076/CO[3]
                         net (fo=1, routed)           0.000    61.348    u_alu/u_algorithm/u_div/y1__1076_n_0
    SLICE_X102Y62        CARRY4 (Prop_carry4_CI_CO[3])
                                                      0.117    61.465 r  u_alu/u_algorithm/u_div/y1__1077/CO[3]
                         net (fo=1, routed)           0.000    61.465    u_alu/u_algorithm/u_div/y1__1077_n_0
    SLICE_X102Y63        CARRY4 (Prop_carry4_CI_CO[3])
                                                      0.117    61.582 r  u_alu/u_algorithm/u_div/y1__1078/CO[3]
                         net (fo=1, routed)           0.000    61.582    u_alu/u_algorithm/u_div/y1__1078_n_0
    SLICE_X102Y64        CARRY4 (Prop_carry4_CI_CO[3])
                                                      0.117    61.699 r  u_alu/u_algorithm/u_div/y1__1079/CO[3]
                         net (fo=1, routed)           0.000    61.699    u_alu/u_algorithm/u_div/y1__1079_n_0
    SLICE_X102Y65        CARRY4 (Prop_carry4_CI_CO[3])
                                                      0.117    61.816 r  u_alu/u_algorithm/u_div/y1__1080/CO[3]
                         net (fo=1, routed)           0.000    61.816    u_alu/u_algorithm/u_div/y1__1080_n_0
    SLICE_X102Y66        CARRY4 (Prop_carry4_CI_CO[0])
                                                      0.254    62.070 r  u_alu/u_algorithm/u_div/y1__1081/CO[0]
                         net (fo=34, routed)          0.733    62.804    u_alu/u_algorithm/u_div/y10_in[12]
    SLICE_X103Y66        LUT5 (Prop_lut5_I3_O)        0.367    63.171 r  u_alu/u_algorithm/u_div/y1__1082_i_5/O
                         net (fo=1, routed)           0.000    63.171    u_alu/u_algorithm/u_div/y1__1082_i_5_n_0
    SLICE_X103Y66        CARRY4 (Prop_carry4_S[0]_CO[3])
                                                      0.532    63.703 r  u_alu/u_algorithm/u_div/y1__1082/CO[3]
                         net (fo=1, routed)           0.000    63.703    u_alu/u_algorithm/u_div/y1__1082_n_0
    SLICE_X103Y67        CARRY4 (Prop_carry4_CI_CO[3])
                                                      0.114    63.817 r  u_alu/u_algorithm/u_div/y1__1083/CO[3]
                         net (fo=1, routed)           0.000    63.817    u_alu/u_algorithm/u_div/y1__1083_n_0
    SLICE_X103Y68        CARRY4 (Prop_carry4_CI_CO[3])
                                                      0.114    63.931 r  u_alu/u_algorithm/u_div/y1__1084/CO[3]
                         net (fo=1, routed)           0.000    63.931    u_alu/u_algorithm/u_div/y1__1084_n_0
    SLICE_X103Y69        CARRY4 (Prop_carry4_CI_CO[3])
                                                      0.114    64.045 r  u_alu/u_algorithm/u_div/y1__1085/CO[3]
                         net (fo=1, routed)           0.000    64.045    u_alu/u_algorithm/u_div/y1__1085_n_0
    SLICE_X103Y70        CARRY4 (Prop_carry4_CI_CO[3])
                                                      0.114    64.159 r  u_alu/u_algorithm/u_div/y1__1086/CO[3]
                         net (fo=1, routed)           0.000    64.159    u_alu/u_algorithm/u_div/y1__1086_n_0
    SLICE_X103Y71        CARRY4 (Prop_carry4_CI_CO[3])
                                                      0.114    64.273 r  u_alu/u_algorithm/u_div/y1__1087/CO[3]
                         net (fo=1, routed)           0.000    64.273    u_alu/u_algorithm/u_div/y1__1087_n_0
    SLICE_X103Y72        CARRY4 (Prop_carry4_CI_CO[3])
                                                      0.114    64.387 r  u_alu/u_algorithm/u_div/y1__1088/CO[3]
                         net (fo=1, routed)           0.000    64.387    u_alu/u_algorithm/u_div/y1__1088_n_0
    SLICE_X103Y73        CARRY4 (Prop_carry4_CI_CO[0])
                                                      0.271    64.658 r  u_alu/u_algorithm/u_div/y1__1089/CO[0]
                         net (fo=34, routed)          0.528    65.185    u_alu/u_algorithm/u_div/y10_in[11]
    SLICE_X102Y73        LUT5 (Prop_lut5_I0_O)        0.373    65.558 r  u_alu/u_algorithm/u_div/y1__1090_i_4/O
                         net (fo=1, routed)           0.000    65.558    u_alu/u_algorithm/u_div/y1__1090_i_4_n_0
    SLICE_X102Y73        CARRY4 (Prop_carry4_S[1]_CO[3])
                                                      0.533    66.091 r  u_alu/u_algorithm/u_div/y1__1090/CO[3]
                         net (fo=1, routed)           0.000    66.091    u_alu/u_algorithm/u_div/y1__1090_n_0
    SLICE_X102Y74        CARRY4 (Prop_carry4_CI_CO[3])
                                                      0.117    66.208 r  u_alu/u_algorithm/u_div/y1__1091/CO[3]
                         net (fo=1, routed)           0.009    66.217    u_alu/u_algorithm/u_div/y1__1091_n_0
    SLICE_X102Y75        CARRY4 (Prop_carry4_CI_CO[3])
                                                      0.117    66.334 r  u_alu/u_algorithm/u_div/y1__1092/CO[3]
                         net (fo=1, routed)           0.000    66.334    u_alu/u_algorithm/u_div/y1__1092_n_0
    SLICE_X102Y76        CARRY4 (Prop_carry4_CI_CO[3])
                                                      0.117    66.451 r  u_alu/u_algorithm/u_div/y1__1093/CO[3]
                         net (fo=1, routed)           0.000    66.451    u_alu/u_algorithm/u_div/y1__1093_n_0
    SLICE_X102Y77        CARRY4 (Prop_carry4_CI_CO[3])
                                                      0.117    66.568 r  u_alu/u_algorithm/u_div/y1__1094/CO[3]
                         net (fo=1, routed)           0.000    66.568    u_alu/u_algorithm/u_div/y1__1094_n_0
    SLICE_X102Y78        CARRY4 (Prop_carry4_CI_CO[3])
                                                      0.117    66.685 r  u_alu/u_algorithm/u_div/y1__1095/CO[3]
                         net (fo=1, routed)           0.000    66.685    u_alu/u_algorithm/u_div/y1__1095_n_0
    SLICE_X102Y79        CARRY4 (Prop_carry4_CI_CO[3])
                                                      0.117    66.802 r  u_alu/u_algorithm/u_div/y1__1096/CO[3]
                         net (fo=1, routed)           0.000    66.802    u_alu/u_algorithm/u_div/y1__1096_n_0
    SLICE_X102Y80        CARRY4 (Prop_carry4_CI_CO[0])
                                                      0.254    67.056 r  u_alu/u_algorithm/u_div/y1__1097/CO[0]
                         net (fo=34, routed)          0.650    67.706    u_alu/u_algorithm/u_div/y10_in[10]
    SLICE_X103Y79        LUT5 (Prop_lut5_I3_O)        0.367    68.073 r  u_alu/u_algorithm/u_div/y1__1098_i_5/O
                         net (fo=1, routed)           0.000    68.073    u_alu/u_algorithm/u_div/y1__1098_i_5_n_0
    SLICE_X103Y79        CARRY4 (Prop_carry4_S[0]_CO[3])
                                                      0.532    68.605 r  u_alu/u_algorithm/u_div/y1__1098/CO[3]
                         net (fo=1, routed)           0.000    68.605    u_alu/u_algorithm/u_div/y1__1098_n_0
    SLICE_X103Y80        CARRY4 (Prop_carry4_CI_CO[3])
                                                      0.114    68.719 r  u_alu/u_algorithm/u_div/y1__1099/CO[3]
                         net (fo=1, routed)           0.000    68.719    u_alu/u_algorithm/u_div/y1__1099_n_0
    SLICE_X103Y81        CARRY4 (Prop_carry4_CI_CO[3])
                                                      0.114    68.833 r  u_alu/u_algorithm/u_div/y1__1100/CO[3]
                         net (fo=1, routed)           0.000    68.833    u_alu/u_algorithm/u_div/y1__1100_n_0
    SLICE_X103Y82        CARRY4 (Prop_carry4_CI_CO[3])
                                                      0.114    68.947 r  u_alu/u_algorithm/u_div/y1__1101/CO[3]
                         net (fo=1, routed)           0.000    68.947    u_alu/u_algorithm/u_div/y1__1101_n_0
    SLICE_X103Y83        CARRY4 (Prop_carry4_CI_CO[3])
                                                      0.114    69.061 r  u_alu/u_algorithm/u_div/y1__1102/CO[3]
                         net (fo=1, routed)           0.000    69.061    u_alu/u_algorithm/u_div/y1__1102_n_0
    SLICE_X103Y84        CARRY4 (Prop_carry4_CI_CO[3])
                                                      0.114    69.175 r  u_alu/u_algorithm/u_div/y1__1103/CO[3]
                         net (fo=1, routed)           0.000    69.175    u_alu/u_algorithm/u_div/y1__1103_n_0
    SLICE_X103Y85        CARRY4 (Prop_carry4_CI_CO[3])
                                                      0.114    69.289 r  u_alu/u_algorithm/u_div/y1__1104/CO[3]
                         net (fo=1, routed)           0.000    69.289    u_alu/u_algorithm/u_div/y1__1104_n_0
    SLICE_X103Y86        CARRY4 (Prop_carry4_CI_CO[0])
                                                      0.271    69.560 r  u_alu/u_algorithm/u_div/y1__1105/CO[0]
                         net (fo=34, routed)          0.545    70.105    u_alu/u_algorithm/u_div/y10_in[9]
    SLICE_X102Y86        LUT5 (Prop_lut5_I0_O)        0.373    70.478 r  u_alu/u_algorithm/u_div/y1__1106_i_4/O
                         net (fo=1, routed)           0.000    70.478    u_alu/u_algorithm/u_div/y1__1106_i_4_n_0
    SLICE_X102Y86        CARRY4 (Prop_carry4_S[1]_CO[3])
                                                      0.533    71.011 r  u_alu/u_algorithm/u_div/y1__1106/CO[3]
                         net (fo=1, routed)           0.000    71.011    u_alu/u_algorithm/u_div/y1__1106_n_0
    SLICE_X102Y87        CARRY4 (Prop_carry4_CI_CO[3])
                                                      0.117    71.128 r  u_alu/u_algorithm/u_div/y1__1107/CO[3]
                         net (fo=1, routed)           0.000    71.128    u_alu/u_algorithm/u_div/y1__1107_n_0
    SLICE_X102Y88        CARRY4 (Prop_carry4_CI_CO[3])
                                                      0.117    71.245 r  u_alu/u_algorithm/u_div/y1__1108/CO[3]
                         net (fo=1, routed)           0.000    71.245    u_alu/u_algorithm/u_div/y1__1108_n_0
    SLICE_X102Y89        CARRY4 (Prop_carry4_CI_CO[3])
                                                      0.117    71.362 r  u_alu/u_algorithm/u_div/y1__1109/CO[3]
                         net (fo=1, routed)           0.000    71.362    u_alu/u_algorithm/u_div/y1__1109_n_0
    SLICE_X102Y90        CARRY4 (Prop_carry4_CI_CO[3])
                                                      0.117    71.479 r  u_alu/u_algorithm/u_div/y1__1110/CO[3]
                         net (fo=1, routed)           0.000    71.479    u_alu/u_algorithm/u_div/y1__1110_n_0
    SLICE_X102Y91        CARRY4 (Prop_carry4_CI_CO[3])
                                                      0.117    71.595 r  u_alu/u_algorithm/u_div/y1__1111/CO[3]
                         net (fo=1, routed)           0.000    71.595    u_alu/u_algorithm/u_div/y1__1111_n_0
    SLICE_X102Y92        CARRY4 (Prop_carry4_CI_CO[3])
                                                      0.117    71.712 r  u_alu/u_algorithm/u_div/y1__1112/CO[3]
                         net (fo=1, routed)           0.000    71.712    u_alu/u_algorithm/u_div/y1__1112_n_0
    SLICE_X102Y93        CARRY4 (Prop_carry4_CI_CO[0])
                                                      0.254    71.966 r  u_alu/u_algorithm/u_div/y1__1113/CO[0]
                         net (fo=34, routed)          0.735    72.701    u_alu/u_algorithm/u_div/y10_in[8]
    SLICE_X103Y93        LUT5 (Prop_lut5_I3_O)        0.367    73.068 r  u_alu/u_algorithm/u_div/y1__1114_i_5/O
                         net (fo=1, routed)           0.000    73.068    u_alu/u_algorithm/u_div/y1__1114_i_5_n_0
    SLICE_X103Y93        CARRY4 (Prop_carry4_S[0]_CO[3])
                                                      0.532    73.600 r  u_alu/u_algorithm/u_div/y1__1114/CO[3]
                         net (fo=1, routed)           0.000    73.600    u_alu/u_algorithm/u_div/y1__1114_n_0
    SLICE_X103Y94        CARRY4 (Prop_carry4_CI_CO[3])
                                                      0.114    73.714 r  u_alu/u_algorithm/u_div/y1__1115/CO[3]
                         net (fo=1, routed)           0.000    73.714    u_alu/u_algorithm/u_div/y1__1115_n_0
    SLICE_X103Y95        CARRY4 (Prop_carry4_CI_CO[3])
                                                      0.114    73.828 r  u_alu/u_algorithm/u_div/y1__1116/CO[3]
                         net (fo=1, routed)           0.000    73.828    u_alu/u_algorithm/u_div/y1__1116_n_0
    SLICE_X103Y96        CARRY4 (Prop_carry4_CI_CO[3])
                                                      0.114    73.942 r  u_alu/u_algorithm/u_div/y1__1117/CO[3]
                         net (fo=1, routed)           0.000    73.942    u_alu/u_algorithm/u_div/y1__1117_n_0
    SLICE_X103Y97        CARRY4 (Prop_carry4_CI_CO[3])
                                                      0.114    74.056 r  u_alu/u_algorithm/u_div/y1__1118/CO[3]
                         net (fo=1, routed)           0.000    74.056    u_alu/u_algorithm/u_div/y1__1118_n_0
    SLICE_X103Y98        CARRY4 (Prop_carry4_CI_CO[3])
                                                      0.114    74.170 r  u_alu/u_algorithm/u_div/y1__1119/CO[3]
                         net (fo=1, routed)           0.000    74.170    u_alu/u_algorithm/u_div/y1__1119_n_0
    SLICE_X103Y99        CARRY4 (Prop_carry4_CI_CO[3])
                                                      0.114    74.284 r  u_alu/u_algorithm/u_div/y1__1120/CO[3]
                         net (fo=1, routed)           0.001    74.285    u_alu/u_algorithm/u_div/y1__1120_n_0
    SLICE_X103Y100       CARRY4 (Prop_carry4_CI_CO[0])
                                                      0.271    74.556 r  u_alu/u_algorithm/u_div/y1__1121/CO[0]
                         net (fo=34, routed)          0.731    75.287    u_alu/u_algorithm/u_div/y10_in[7]
    SLICE_X102Y100       LUT5 (Prop_lut5_I0_O)        0.373    75.660 r  u_alu/u_algorithm/u_div/y1__1122_i_4/O
                         net (fo=1, routed)           0.000    75.660    u_alu/u_algorithm/u_div/y1__1122_i_4_n_0
    SLICE_X102Y100       CARRY4 (Prop_carry4_S[1]_CO[3])
                                                      0.533    76.193 r  u_alu/u_algorithm/u_div/y1__1122/CO[3]
                         net (fo=1, routed)           0.000    76.193    u_alu/u_algorithm/u_div/y1__1122_n_0
    SLICE_X102Y101       CARRY4 (Prop_carry4_CI_CO[3])
                                                      0.117    76.310 r  u_alu/u_algorithm/u_div/y1__1123/CO[3]
                         net (fo=1, routed)           0.000    76.310    u_alu/u_algorithm/u_div/y1__1123_n_0
    SLICE_X102Y102       CARRY4 (Prop_carry4_CI_CO[3])
                                                      0.117    76.427 r  u_alu/u_algorithm/u_div/y1__1124/CO[3]
                         net (fo=1, routed)           0.000    76.427    u_alu/u_algorithm/u_div/y1__1124_n_0
    SLICE_X102Y103       CARRY4 (Prop_carry4_CI_CO[3])
                                                      0.117    76.544 r  u_alu/u_algorithm/u_div/y1__1125/CO[3]
                         net (fo=1, routed)           0.000    76.544    u_alu/u_algorithm/u_div/y1__1125_n_0
    SLICE_X102Y104       CARRY4 (Prop_carry4_CI_CO[3])
                                                      0.117    76.661 r  u_alu/u_algorithm/u_div/y1__1126/CO[3]
                         net (fo=1, routed)           0.000    76.661    u_alu/u_algorithm/u_div/y1__1126_n_0
    SLICE_X102Y105       CARRY4 (Prop_carry4_CI_CO[3])
                                                      0.117    76.778 r  u_alu/u_algorithm/u_div/y1__1127/CO[3]
                         net (fo=1, routed)           0.000    76.778    u_alu/u_algorithm/u_div/y1__1127_n_0
    SLICE_X102Y106       CARRY4 (Prop_carry4_CI_CO[3])
                                                      0.117    76.895 r  u_alu/u_algorithm/u_div/y1__1128/CO[3]
                         net (fo=1, routed)           0.000    76.895    u_alu/u_algorithm/u_div/y1__1128_n_0
    SLICE_X102Y107       CARRY4 (Prop_carry4_CI_CO[0])
                                                      0.254    77.149 r  u_alu/u_algorithm/u_div/y1__1129/CO[0]
                         net (fo=33, routed)          0.660    77.809    u_alu/u_algorithm/u_div/y10_in[6]
    SLICE_X103Y106       LUT5 (Prop_lut5_I3_O)        0.367    78.176 r  u_alu/u_algorithm/u_div/y1__1130_i_5/O
                         net (fo=1, routed)           0.000    78.176    u_alu/u_algorithm/u_div/y1__1130_i_5_n_0
    SLICE_X103Y106       CARRY4 (Prop_carry4_S[0]_CO[3])
                                                      0.532    78.708 r  u_alu/u_algorithm/u_div/y1__1130/CO[3]
                         net (fo=1, routed)           0.000    78.708    u_alu/u_algorithm/u_div/y1__1130_n_0
    SLICE_X103Y107       CARRY4 (Prop_carry4_CI_CO[3])
                                                      0.114    78.822 r  u_alu/u_algorithm/u_div/y1__1131/CO[3]
                         net (fo=1, routed)           0.000    78.822    u_alu/u_algorithm/u_div/y1__1131_n_0
    SLICE_X103Y108       CARRY4 (Prop_carry4_CI_CO[3])
                                                      0.114    78.936 r  u_alu/u_algorithm/u_div/y1__1132/CO[3]
                         net (fo=1, routed)           0.000    78.936    u_alu/u_algorithm/u_div/y1__1132_n_0
    SLICE_X103Y109       CARRY4 (Prop_carry4_CI_CO[3])
                                                      0.114    79.050 r  u_alu/u_algorithm/u_div/y1__1133/CO[3]
                         net (fo=1, routed)           0.000    79.050    u_alu/u_algorithm/u_div/y1__1133_n_0
    SLICE_X103Y110       CARRY4 (Prop_carry4_CI_CO[3])
                                                      0.114    79.164 r  u_alu/u_algorithm/u_div/y1__1134/CO[3]
                         net (fo=1, routed)           0.000    79.164    u_alu/u_algorithm/u_div/y1__1134_n_0
    SLICE_X103Y111       CARRY4 (Prop_carry4_CI_CO[3])
                                                      0.114    79.278 r  u_alu/u_algorithm/u_div/y1__1135/CO[3]
                         net (fo=1, routed)           0.000    79.278    u_alu/u_algorithm/u_div/y1__1135_n_0
    SLICE_X103Y112       CARRY4 (Prop_carry4_CI_CO[3])
                                                      0.114    79.392 r  u_alu/u_algorithm/u_div/y1__1136/CO[3]
                         net (fo=1, routed)           0.000    79.392    u_alu/u_algorithm/u_div/y1__1136_n_0
    SLICE_X103Y113       CARRY4 (Prop_carry4_CI_CO[0])
                                                      0.271    79.663 r  u_alu/u_algorithm/u_div/y1__1137/CO[0]
                         net (fo=33, routed)          0.644    80.307    u_alu/u_algorithm/u_div/y10_in[5]
    SLICE_X104Y112       CARRY4 (Prop_carry4_CYINIT_CO[3])
                                                      0.844    81.151 r  u_alu/u_algorithm/u_div/y1__1138/CO[3]
                         net (fo=1, routed)           0.000    81.151    u_alu/u_algorithm/u_div/y1__1138_n_0
    SLICE_X104Y113       CARRY4 (Prop_carry4_CI_CO[3])
                                                      0.117    81.268 r  u_alu/u_algorithm/u_div/y1__1139/CO[3]
                         net (fo=1, routed)           0.000    81.268    u_alu/u_algorithm/u_div/y1__1139_n_0
    SLICE_X104Y114       CARRY4 (Prop_carry4_CI_CO[3])
                                                      0.117    81.385 r  u_alu/u_algorithm/u_div/y1__1140/CO[3]
                         net (fo=1, routed)           0.000    81.385    u_alu/u_algorithm/u_div/y1__1140_n_0
    SLICE_X104Y115       CARRY4 (Prop_carry4_CI_CO[3])
                                                      0.117    81.502 r  u_alu/u_algorithm/u_div/y1__1141/CO[3]
                         net (fo=1, routed)           0.000    81.502    u_alu/u_algorithm/u_div/y1__1141_n_0
    SLICE_X104Y116       CARRY4 (Prop_carry4_CI_CO[3])
                                                      0.117    81.619 r  u_alu/u_algorithm/u_div/y1__1142/CO[3]
                         net (fo=1, routed)           0.000    81.619    u_alu/u_algorithm/u_div/y1__1142_n_0
    SLICE_X104Y117       CARRY4 (Prop_carry4_CI_CO[3])
                                                      0.117    81.736 r  u_alu/u_algorithm/u_div/y1__1143/CO[3]
                         net (fo=1, routed)           0.000    81.736    u_alu/u_algorithm/u_div/y1__1143_n_0
    SLICE_X104Y118       CARRY4 (Prop_carry4_CI_CO[3])
                                                      0.117    81.853 r  u_alu/u_algorithm/u_div/y1__1144/CO[3]
                         net (fo=1, routed)           0.000    81.853    u_alu/u_algorithm/u_div/y1__1144_n_0
    SLICE_X104Y119       CARRY4 (Prop_carry4_CI_CO[1])
                                                      0.157    82.010 r  u_alu/u_algorithm/u_div/y1__1145/CO[1]
                         net (fo=34, routed)          0.729    82.739    u_alu/u_algorithm/u_div/y10_in[4]
    SLICE_X103Y119       LUT4 (Prop_lut4_I3_O)        0.332    83.071 r  u_alu/u_algorithm/u_div/y1__1146_i_4/O
                         net (fo=1, routed)           0.000    83.071    u_alu/u_algorithm/u_div/y1__1146_i_4_n_0
    SLICE_X103Y119       CARRY4 (Prop_carry4_S[1]_CO[3])
                                                      0.550    83.621 r  u_alu/u_algorithm/u_div/y1__1146/CO[3]
                         net (fo=1, routed)           0.000    83.621    u_alu/u_algorithm/u_div/y1__1146_n_0
    SLICE_X103Y120       CARRY4 (Prop_carry4_CI_CO[3])
                                                      0.114    83.735 r  u_alu/u_algorithm/u_div/y1__1147/CO[3]
                         net (fo=1, routed)           0.000    83.735    u_alu/u_algorithm/u_div/y1__1147_n_0
    SLICE_X103Y121       CARRY4 (Prop_carry4_CI_CO[3])
                                                      0.114    83.849 r  u_alu/u_algorithm/u_div/y1__1148/CO[3]
                         net (fo=1, routed)           0.000    83.849    u_alu/u_algorithm/u_div/y1__1148_n_0
    SLICE_X103Y122       CARRY4 (Prop_carry4_CI_CO[3])
                                                      0.114    83.963 r  u_alu/u_algorithm/u_div/y1__1149/CO[3]
                         net (fo=1, routed)           0.000    83.963    u_alu/u_algorithm/u_div/y1__1149_n_0
    SLICE_X103Y123       CARRY4 (Prop_carry4_CI_CO[3])
                                                      0.114    84.077 r  u_alu/u_algorithm/u_div/y1__1150/CO[3]
                         net (fo=1, routed)           0.000    84.077    u_alu/u_algorithm/u_div/y1__1150_n_0
    SLICE_X103Y124       CARRY4 (Prop_carry4_CI_CO[3])
                                                      0.114    84.191 r  u_alu/u_algorithm/u_div/y1__1151/CO[3]
                         net (fo=1, routed)           0.009    84.200    u_alu/u_algorithm/u_div/y1__1151_n_0
    SLICE_X103Y125       CARRY4 (Prop_carry4_CI_CO[3])
                                                      0.114    84.314 r  u_alu/u_algorithm/u_div/y1__1152/CO[3]
                         net (fo=1, routed)           0.000    84.314    u_alu/u_algorithm/u_div/y1__1152_n_0
    SLICE_X103Y126       CARRY4 (Prop_carry4_CI_CO[1])
                                                      0.157    84.471 r  u_alu/u_algorithm/u_div/y1__1153/CO[1]
                         net (fo=34, routed)          0.699    85.170    u_alu/u_algorithm/u_div/y10_in[3]
    SLICE_X102Y126       LUT4 (Prop_lut4_I3_O)        0.329    85.499 r  u_alu/u_algorithm/u_div/y1__1154_i_4/O
                         net (fo=1, routed)           0.000    85.499    u_alu/u_algorithm/u_div/y1__1154_i_4_n_0
    SLICE_X102Y126       CARRY4 (Prop_carry4_S[1]_CO[3])
                                                      0.533    86.032 r  u_alu/u_algorithm/u_div/y1__1154/CO[3]
                         net (fo=1, routed)           0.000    86.032    u_alu/u_algorithm/u_div/y1__1154_n_0
    SLICE_X102Y127       CARRY4 (Prop_carry4_CI_CO[3])
                                                      0.117    86.149 r  u_alu/u_algorithm/u_div/y1__1155/CO[3]
                         net (fo=1, routed)           0.000    86.149    u_alu/u_algorithm/u_div/y1__1155_n_0
    SLICE_X102Y128       CARRY4 (Prop_carry4_CI_CO[3])
                                                      0.117    86.266 r  u_alu/u_algorithm/u_div/y1__1156/CO[3]
                         net (fo=1, routed)           0.000    86.266    u_alu/u_algorithm/u_div/y1__1156_n_0
    SLICE_X102Y129       CARRY4 (Prop_carry4_CI_CO[3])
                                                      0.117    86.383 r  u_alu/u_algorithm/u_div/y1__1157/CO[3]
                         net (fo=1, routed)           0.000    86.383    u_alu/u_algorithm/u_div/y1__1157_n_0
    SLICE_X102Y130       CARRY4 (Prop_carry4_CI_CO[3])
                                                      0.117    86.500 r  u_alu/u_algorithm/u_div/y1__1158/CO[3]
                         net (fo=1, routed)           0.000    86.500    u_alu/u_algorithm/u_div/y1__1158_n_0
    SLICE_X102Y131       CARRY4 (Prop_carry4_CI_CO[3])
                                                      0.117    86.617 r  u_alu/u_algorithm/u_div/y1__1159/CO[3]
                         net (fo=1, routed)           0.000    86.617    u_alu/u_algorithm/u_div/y1__1159_n_0
    SLICE_X102Y132       CARRY4 (Prop_carry4_CI_CO[3])
                                                      0.117    86.734 r  u_alu/u_algorithm/u_div/y1__1160/CO[3]
                         net (fo=1, routed)           0.000    86.734    u_alu/u_algorithm/u_div/y1__1160_n_0
    SLICE_X102Y133       CARRY4 (Prop_carry4_CI_CO[1])
                                                      0.157    86.891 r  u_alu/u_algorithm/u_div/y1__1161/CO[1]
                         net (fo=34, routed)          0.701    87.592    u_alu/u_algorithm/u_div/y10_in[2]
    SLICE_X103Y131       LUT4 (Prop_lut4_I3_O)        0.332    87.924 r  u_alu/u_algorithm/u_div/y1__1162_i_4/O
                         net (fo=1, routed)           0.000    87.924    u_alu/u_algorithm/u_div/y1__1162_i_4_n_0
    SLICE_X103Y131       CARRY4 (Prop_carry4_S[1]_CO[3])
                                                      0.550    88.474 r  u_alu/u_algorithm/u_div/y1__1162/CO[3]
                         net (fo=1, routed)           0.000    88.474    u_alu/u_algorithm/u_div/y1__1162_n_0
    SLICE_X103Y132       CARRY4 (Prop_carry4_CI_CO[3])
                                                      0.114    88.588 r  u_alu/u_algorithm/u_div/y1__1163/CO[3]
                         net (fo=1, routed)           0.000    88.588    u_alu/u_algorithm/u_div/y1__1163_n_0
    SLICE_X103Y133       CARRY4 (Prop_carry4_CI_CO[3])
                                                      0.114    88.702 r  u_alu/u_algorithm/u_div/y1__1164/CO[3]
                         net (fo=1, routed)           0.000    88.702    u_alu/u_algorithm/u_div/y1__1164_n_0
    SLICE_X103Y134       CARRY4 (Prop_carry4_CI_CO[3])
                                                      0.114    88.816 r  u_alu/u_algorithm/u_div/y1__1165/CO[3]
                         net (fo=1, routed)           0.000    88.816    u_alu/u_algorithm/u_div/y1__1165_n_0
    SLICE_X103Y135       CARRY4 (Prop_carry4_CI_CO[3])
                                                      0.114    88.930 r  u_alu/u_algorithm/u_div/y1__1166/CO[3]
                         net (fo=1, routed)           0.000    88.930    u_alu/u_algorithm/u_div/y1__1166_n_0
    SLICE_X103Y136       CARRY4 (Prop_carry4_CI_CO[3])
                                                      0.114    89.044 r  u_alu/u_algorithm/u_div/y1__1167/CO[3]
                         net (fo=1, routed)           0.000    89.044    u_alu/u_algorithm/u_div/y1__1167_n_0
    SLICE_X103Y137       CARRY4 (Prop_carry4_CI_CO[3])
                                                      0.114    89.158 r  u_alu/u_algorithm/u_div/y1__1168/CO[3]
                         net (fo=1, routed)           0.000    89.158    u_alu/u_algorithm/u_div/y1__1168_n_0
    SLICE_X103Y138       CARRY4 (Prop_carry4_CI_CO[1])
                                                      0.157    89.315 r  u_alu/u_algorithm/u_div/y1__1169/CO[1]
                         net (fo=34, routed)          0.926    90.241    u_alu/u_algorithm/u_div/y10_in[1]
    SLICE_X102Y134       LUT5 (Prop_lut5_I0_O)        0.329    90.570 r  u_alu/u_algorithm/u_div/y1__1170_i_4/O
                         net (fo=1, routed)           0.000    90.570    u_alu/u_algorithm/u_div/y1__1170_i_4_n_0
    SLICE_X102Y134       CARRY4 (Prop_carry4_S[1]_CO[3])
                                                      0.533    91.103 r  u_alu/u_algorithm/u_div/y1__1170/CO[3]
                         net (fo=1, routed)           0.000    91.103    u_alu/u_algorithm/u_div/y1__1170_n_0
    SLICE_X102Y135       CARRY4 (Prop_carry4_CI_CO[3])
                                                      0.117    91.220 r  u_alu/u_algorithm/u_div/y1__1171/CO[3]
                         net (fo=1, routed)           0.000    91.220    u_alu/u_algorithm/u_div/y1__1171_n_0
    SLICE_X102Y136       CARRY4 (Prop_carry4_CI_CO[3])
                                                      0.117    91.337 r  u_alu/u_algorithm/u_div/y1__1172/CO[3]
                         net (fo=1, routed)           0.000    91.337    u_alu/u_algorithm/u_div/y1__1172_n_0
    SLICE_X102Y137       CARRY4 (Prop_carry4_CI_CO[3])
                                                      0.117    91.454 r  u_alu/u_algorithm/u_div/y1__1173/CO[3]
                         net (fo=1, routed)           0.000    91.454    u_alu/u_algorithm/u_div/y1__1173_n_0
    SLICE_X102Y138       CARRY4 (Prop_carry4_CI_CO[3])
                                                      0.117    91.571 r  u_alu/u_algorithm/u_div/y1__1174/CO[3]
                         net (fo=1, routed)           0.000    91.571    u_alu/u_algorithm/u_div/y1__1174_n_0
    SLICE_X102Y139       CARRY4 (Prop_carry4_CI_CO[3])
                                                      0.117    91.688 r  u_alu/u_algorithm/u_div/y1__1175/CO[3]
                         net (fo=1, routed)           0.000    91.688    u_alu/u_algorithm/u_div/y1__1175_n_0
    SLICE_X102Y140       CARRY4 (Prop_carry4_CI_CO[3])
                                                      0.117    91.805 r  u_alu/u_algorithm/u_div/y1__1176/CO[3]
                         net (fo=1, routed)           0.000    91.805    u_alu/u_algorithm/u_div/y1__1176_n_0
    SLICE_X102Y141       CARRY4 (Prop_carry4_CI_CO[0])
                                                      0.254    92.059 f  u_alu/u_algorithm/u_div/y1__1177/CO[0]
                         net (fo=2, routed)           0.308    92.367    u_alu/u_algorithm/u_div/y10_in[0]
    SLICE_X103Y143       LUT1 (Prop_lut1_I0_O)        0.367    92.734 r  u_alu/u_algorithm/u_div/y[4]_i_3/O
                         net (fo=1, routed)           0.332    93.066    u_alu/u_algorithm/u_div/p_0_in[0]
    SLICE_X102Y145       CARRY4 (Prop_carry4_CYINIT_CO[3])
                                                      0.595    93.661 r  u_alu/u_algorithm/u_div/y_reg[4]_i_2/CO[3]
                         net (fo=1, routed)           0.000    93.661    u_alu/u_algorithm/u_div/y_reg[4]_i_2_n_0
    SLICE_X102Y146       CARRY4 (Prop_carry4_CI_CO[3])
                                                      0.117    93.778 r  u_alu/u_algorithm/u_div/y_reg[8]_i_2/CO[3]
                         net (fo=1, routed)           0.000    93.778    u_alu/u_algorithm/u_div/y_reg[8]_i_2_n_0
    SLICE_X102Y147       CARRY4 (Prop_carry4_CI_CO[3])
                                                      0.117    93.895 r  u_alu/u_algorithm/u_div/y_reg[12]_i_2/CO[3]
                         net (fo=1, routed)           0.000    93.895    u_alu/u_algorithm/u_div/y_reg[12]_i_2_n_0
    SLICE_X102Y148       CARRY4 (Prop_carry4_CI_O[0])
                                                      0.219    94.114 r  u_alu/u_algorithm/u_div/y_reg[15]_i_2/O[0]
                         net (fo=1, routed)           0.299    94.413    u_alu/u_algorithm/u_div/y1[13]
    SLICE_X105Y148       LUT5 (Prop_lut5_I1_O)        0.295    94.708 r  u_alu/u_algorithm/u_div/y[13]_i_1/O
                         net (fo=1, routed)           0.000    94.708    u_alu/u_algorithm/u_div/y[13]_i_1_n_0
    SLICE_X105Y148       FDCE                                         r  u_alu/u_algorithm/u_div/y_reg[13]/D
  -------------------------------------------------------------------    -------------------

                         (clock sys_clk_pin rise edge)
                                                      8.000     8.000 r  
    H16                                               0.000     8.000 r  clk (IN)
                         net (fo=0)                   0.000     8.000    clk
    H16                  IBUF (Prop_ibuf_I_O)         1.380     9.380 r  clk_IBUF_inst/O
                         net (fo=1, routed)           2.293    11.673    clk_IBUF
    BUFGCTRL_X0Y16       BUFG (Prop_bufg_I_O)         0.091    11.764 r  clk_IBUF_BUFG_inst/O
                         net (fo=126, routed)         1.784    13.549    u_alu/u_algorithm/u_div/clk_IBUF_BUFG
    SLICE_X105Y148       FDCE                                         r  u_alu/u_algorithm/u_div/y_reg[13]/C
                         clock pessimism              0.309    13.858    
                         clock uncertainty           -0.035    13.822    
    SLICE_X105Y148       FDCE (Setup_fdce_C_D)        0.031    13.853    u_alu/u_algorithm/u_div/y_reg[13]
  -------------------------------------------------------------------
                         required time                         13.853    
                         arrival time                         -94.708    
  -------------------------------------------------------------------
                         slack                                -80.854    

Slack (VIOLATED) :        -80.849ns  (required time - arrival time)
  Source:                 B_in_reg[4]_replica_8/C
                            (rising edge-triggered cell FDCE clocked by sys_clk_pin  {rise@0.000ns fall@4.000ns period=8.000ns})
  Destination:            u_alu/u_algorithm/u_div/y_reg[10]/D
                            (rising edge-triggered cell FDCE clocked by sys_clk_pin  {rise@0.000ns fall@4.000ns period=8.000ns})
  Path Group:             sys_clk_pin
  Path Type:              Setup (Max at Slow Process Corner)
  Requirement:            8.000ns  (sys_clk_pin rise@8.000ns - sys_clk_pin rise@0.000ns)
  Data Path Delay:        88.748ns  (logic 61.470ns (69.264%)  route 27.278ns (30.736%))
  Logic Levels:           290  (CARRY4=257 LUT1=2 LUT2=1 LUT4=5 LUT5=24 LUT6=1)
  Clock Path Skew:        -0.097ns (DCD - SCD + CPR)
    Destination Clock Delay (DCD):    5.549ns = ( 13.549 - 8.000 ) 
    Source Clock Delay      (SCD):    5.955ns
    Clock Pessimism Removal (CPR):    0.309ns
  Clock Uncertainty:      0.035ns  ((TSJ^2 + TIJ^2)^1/2 + DJ) / 2 + PE
    Total System Jitter     (TSJ):    0.071ns
    Total Input Jitter      (TIJ):    0.000ns
    Discrete Jitter          (DJ):    0.000ns
    Phase Error              (PE):    0.000ns

    Location             Delay type                Incr(ns)  Path(ns)    Netlist Resource(s)
  -------------------------------------------------------------------    -------------------
                         (clock sys_clk_pin rise edge)
                                                      0.000     0.000 r  
    H16                                               0.000     0.000 r  clk (IN)
                         net (fo=0)                   0.000     0.000    clk
    H16                  IBUF (Prop_ibuf_I_O)         1.451     1.451 r  clk_IBUF_inst/O
                         net (fo=1, routed)           2.522     3.973    clk_IBUF
    BUFGCTRL_X0Y16       BUFG (Prop_bufg_I_O)         0.101     4.074 r  clk_IBUF_BUFG_inst/O
                         net (fo=126, routed)         1.881     5.955    clk_IBUF_BUFG
    SLICE_X107Y6         FDCE                                         r  B_in_reg[4]_replica_8/C
  -------------------------------------------------------------------    -------------------
    SLICE_X107Y6         FDCE (Prop_fdce_C_Q)         0.456     6.411 f  B_in_reg[4]_replica_8/Q
                         net (fo=1, routed)           0.403     6.814    u_alu/u_algorithm/u_div/B_in_reg_n_0_[4]_repN_8_alias
    SLICE_X107Y7         LUT1 (Prop_lut1_I0_O)        0.124     6.938 r  u_alu/u_algorithm/u_div/y20_carry__0_i_4/O
                         net (fo=1, routed)           0.000     6.938    u_alu/u_algorithm/u_div/y20_carry__0_i_4_n_0
    SLICE_X107Y7         CARRY4 (Prop_carry4_S[0]_CO[3])
                                                      0.532     7.470 r  u_alu/u_algorithm/u_div/y20_carry__0/CO[3]
                         net (fo=1, routed)           0.000     7.470    u_alu/u_algorithm/u_div/y20_carry__0_n_0
    SLICE_X107Y8         CARRY4 (Prop_carry4_CI_CO[3])
                                                      0.114     7.584 r  u_alu/u_algorithm/u_div/y20_carry__1/CO[3]
                         net (fo=1, routed)           0.000     7.584    u_alu/u_algorithm/u_div/y20_carry__1_n_0
    SLICE_X107Y9         CARRY4 (Prop_carry4_CI_CO[0])
                                                      0.271     7.855 r  u_alu/u_algorithm/u_div/y1__925_i_9/CO[0]
                         net (fo=528, routed)         0.879     8.734    u_alu/u_algorithm/u_div/y1__925_i_9_n_3
    SLICE_X106Y6         LUT2 (Prop_lut2_I0_O)        0.373     9.107 r  u_alu/u_algorithm/u_div/y1__926_i_7/O
                         net (fo=1, routed)           0.000     9.107    u_alu/u_algorithm/u_div/y1__926_i_7_n_0
    SLICE_X106Y6         CARRY4 (Prop_carry4_S[1]_CO[3])
                                                      0.550     9.657 r  u_alu/u_algorithm/u_div/y1__926/CO[3]
                         net (fo=1, routed)           0.000     9.657    u_alu/u_algorithm/u_div/y1__926_n_0
    SLICE_X106Y7         CARRY4 (Prop_carry4_CI_CO[3])
                                                      0.114     9.771 r  u_alu/u_algorithm/u_div/y1__927/CO[3]
                         net (fo=1, routed)           0.000     9.771    u_alu/u_algorithm/u_div/y1__927_n_0
    SLICE_X106Y8         CARRY4 (Prop_carry4_CI_CO[3])
                                                      0.114     9.885 r  u_alu/u_algorithm/u_div/y1__928/CO[3]
                         net (fo=1, routed)           0.000     9.885    u_alu/u_algorithm/u_div/y1__928_n_0
    SLICE_X106Y9         CARRY4 (Prop_carry4_CI_CO[2])
                                                      0.228    10.113 r  u_alu/u_algorithm/u_div/y1__929/CO[2]
                         net (fo=33, routed)          1.062    11.175    u_alu/u_algorithm/u_div/y1__929_n_1
    SLICE_X105Y4         LUT5 (Prop_lut5_I0_O)        0.313    11.488 r  u_alu/u_algorithm/u_div/y1__931_i_3/O
                         net (fo=1, routed)           0.000    11.488    u_alu/u_algorithm/u_div/y1__931_i_3_n_0
    SLICE_X105Y4         CARRY4 (Prop_carry4_S[1]_CO[3])
                                                      0.550    12.038 r  u_alu/u_algorithm/u_div/y1__931/CO[3]
                         net (fo=1, routed)           0.000    12.038    u_alu/u_algorithm/u_div/y1__931_n_0
    SLICE_X105Y5         CARRY4 (Prop_carry4_CI_CO[3])
                                                      0.114    12.152 r  u_alu/u_algorithm/u_div/y1__932/CO[3]
                         net (fo=1, routed)           0.000    12.152    u_alu/u_algorithm/u_div/y1__932_n_0
    SLICE_X105Y6         CARRY4 (Prop_carry4_CI_CO[3])
                                                      0.114    12.266 r  u_alu/u_algorithm/u_div/y1__933/CO[3]
                         net (fo=1, routed)           0.000    12.266    u_alu/u_algorithm/u_div/y1__933_n_0
    SLICE_X105Y7         CARRY4 (Prop_carry4_CI_CO[3])
                                                      0.114    12.380 r  u_alu/u_algorithm/u_div/y1__934/CO[3]
                         net (fo=1, routed)           0.000    12.380    u_alu/u_algorithm/u_div/y1__934_n_0
    SLICE_X105Y8         CARRY4 (Prop_carry4_CI_CO[3])
                                                      0.114    12.494 r  u_alu/u_algorithm/u_div/y1__935/CO[3]
                         net (fo=1, routed)           0.000    12.494    u_alu/u_algorithm/u_div/y1__935_n_0
    SLICE_X105Y9         CARRY4 (Prop_carry4_CI_CO[3])
                                                      0.114    12.608 r  u_alu/u_algorithm/u_div/y1__936/CO[3]
                         net (fo=1, routed)           0.000    12.608    u_alu/u_algorithm/u_div/y1__936_n_0
    SLICE_X105Y10        CARRY4 (Prop_carry4_CI_CO[0])
                                                      0.271    12.879 r  u_alu/u_algorithm/u_div/y1__937/CO[0]
                         net (fo=33, routed)          0.688    13.567    u_alu/u_algorithm/u_div/y1__937_n_3
    SLICE_X104Y8         LUT4 (Prop_lut4_I3_O)        0.373    13.940 r  u_alu/u_algorithm/u_div/y1__938_i_5/O
                         net (fo=1, routed)           0.000    13.940    u_alu/u_algorithm/u_div/y1__938_i_5_n_0
    SLICE_X104Y8         CARRY4 (Prop_carry4_S[0]_CO[3])
                                                      0.513    14.453 r  u_alu/u_algorithm/u_div/y1__938/CO[3]
                         net (fo=1, routed)           0.000    14.453    u_alu/u_algorithm/u_div/y1__938_n_0
    SLICE_X104Y9         CARRY4 (Prop_carry4_CI_CO[3])
                                                      0.117    14.570 r  u_alu/u_algorithm/u_div/y1__939/CO[3]
                         net (fo=1, routed)           0.000    14.570    u_alu/u_algorithm/u_div/y1__939_n_0
    SLICE_X104Y10        CARRY4 (Prop_carry4_CI_CO[3])
                                                      0.117    14.687 r  u_alu/u_algorithm/u_div/y1__940/CO[3]
                         net (fo=1, routed)           0.000    14.687    u_alu/u_algorithm/u_div/y1__940_n_0
    SLICE_X104Y11        CARRY4 (Prop_carry4_CI_CO[3])
                                                      0.117    14.804 r  u_alu/u_algorithm/u_div/y1__941/CO[3]
                         net (fo=1, routed)           0.000    14.804    u_alu/u_algorithm/u_div/y1__941_n_0
    SLICE_X104Y12        CARRY4 (Prop_carry4_CI_CO[3])
                                                      0.117    14.921 r  u_alu/u_algorithm/u_div/y1__942/CO[3]
                         net (fo=1, routed)           0.000    14.921    u_alu/u_algorithm/u_div/y1__942_n_0
    SLICE_X104Y13        CARRY4 (Prop_carry4_CI_CO[3])
                                                      0.117    15.038 r  u_alu/u_algorithm/u_div/y1__943/CO[3]
                         net (fo=1, routed)           0.000    15.038    u_alu/u_algorithm/u_div/y1__943_n_0
    SLICE_X104Y14        CARRY4 (Prop_carry4_CI_CO[3])
                                                      0.117    15.155 r  u_alu/u_algorithm/u_div/y1__944/CO[3]
                         net (fo=1, routed)           0.000    15.155    u_alu/u_algorithm/u_div/y1__944_n_0
    SLICE_X104Y15        CARRY4 (Prop_carry4_CI_CO[0])
                                                      0.254    15.409 r  u_alu/u_algorithm/u_div/y1__945/CO[0]
                         net (fo=33, routed)          1.164    16.573    u_alu/u_algorithm/u_div/y1__945_n_3
    SLICE_X103Y3         LUT4 (Prop_lut4_I3_O)        0.367    16.940 r  u_alu/u_algorithm/u_div/y1__946_i_5/O
                         net (fo=1, routed)           0.000    16.940    u_alu/u_algorithm/u_div/y1__946_i_5_n_0
    SLICE_X103Y3         CARRY4 (Prop_carry4_S[0]_CO[3])
                                                      0.532    17.472 r  u_alu/u_algorithm/u_div/y1__946/CO[3]
                         net (fo=1, routed)           0.000    17.472    u_alu/u_algorithm/u_div/y1__946_n_0
    SLICE_X103Y4         CARRY4 (Prop_carry4_CI_CO[3])
                                                      0.114    17.586 r  u_alu/u_algorithm/u_div/y1__947/CO[3]
                         net (fo=1, routed)           0.000    17.586    u_alu/u_algorithm/u_div/y1__947_n_0
    SLICE_X103Y5         CARRY4 (Prop_carry4_CI_CO[3])
                                                      0.114    17.700 r  u_alu/u_algorithm/u_div/y1__948/CO[3]
                         net (fo=1, routed)           0.000    17.700    u_alu/u_algorithm/u_div/y1__948_n_0
    SLICE_X103Y6         CARRY4 (Prop_carry4_CI_CO[3])
                                                      0.114    17.814 r  u_alu/u_algorithm/u_div/y1__949/CO[3]
                         net (fo=1, routed)           0.000    17.814    u_alu/u_algorithm/u_div/y1__949_n_0
    SLICE_X103Y7         CARRY4 (Prop_carry4_CI_CO[3])
                                                      0.114    17.928 r  u_alu/u_algorithm/u_div/y1__950/CO[3]
                         net (fo=1, routed)           0.000    17.928    u_alu/u_algorithm/u_div/y1__950_n_0
    SLICE_X103Y8         CARRY4 (Prop_carry4_CI_CO[3])
                                                      0.114    18.042 r  u_alu/u_algorithm/u_div/y1__951/CO[3]
                         net (fo=1, routed)           0.000    18.042    u_alu/u_algorithm/u_div/y1__951_n_0
    SLICE_X103Y9         CARRY4 (Prop_carry4_CI_CO[3])
                                                      0.114    18.156 r  u_alu/u_algorithm/u_div/y1__952/CO[3]
                         net (fo=1, routed)           0.000    18.156    u_alu/u_algorithm/u_div/y1__952_n_0
    SLICE_X103Y10        CARRY4 (Prop_carry4_CI_CO[0])
                                                      0.271    18.427 r  u_alu/u_algorithm/u_div/y1__953/CO[0]
                         net (fo=32, routed)          0.629    19.056    u_alu/u_algorithm/u_div/y1__953_n_3
    SLICE_X103Y2         LUT6 (Prop_lut6_I5_O)        0.373    19.429 r  u_alu/u_algorithm/u_div/y1__954_i_5/O
                         net (fo=1, routed)           0.711    20.140    u_alu/u_algorithm/u_div/y1__954_i_5_n_0
    SLICE_X104Y0         CARRY4 (Prop_carry4_S[0]_CO[3])
                                                      0.637    20.777 r  u_alu/u_algorithm/u_div/y1__954/CO[3]
                         net (fo=1, routed)           0.000    20.777    u_alu/u_algorithm/u_div/y1__954_n_0
    SLICE_X104Y1         CARRY4 (Prop_carry4_CI_CO[3])
                                                      0.117    20.894 r  u_alu/u_algorithm/u_div/y1__955/CO[3]
                         net (fo=1, routed)           0.000    20.894    u_alu/u_algorithm/u_div/y1__955_n_0
    SLICE_X104Y2         CARRY4 (Prop_carry4_CI_CO[3])
                                                      0.117    21.011 r  u_alu/u_algorithm/u_div/y1__956/CO[3]
                         net (fo=1, routed)           0.000    21.011    u_alu/u_algorithm/u_div/y1__956_n_0
    SLICE_X104Y3         CARRY4 (Prop_carry4_CI_CO[3])
                                                      0.117    21.128 r  u_alu/u_algorithm/u_div/y1__957/CO[3]
                         net (fo=1, routed)           0.000    21.128    u_alu/u_algorithm/u_div/y1__957_n_0
    SLICE_X104Y4         CARRY4 (Prop_carry4_CI_CO[3])
                                                      0.117    21.245 r  u_alu/u_algorithm/u_div/y1__958/CO[3]
                         net (fo=1, routed)           0.000    21.245    u_alu/u_algorithm/u_div/y1__958_n_0
    SLICE_X104Y5         CARRY4 (Prop_carry4_CI_CO[3])
                                                      0.117    21.362 r  u_alu/u_algorithm/u_div/y1__959/CO[3]
                         net (fo=1, routed)           0.000    21.362    u_alu/u_algorithm/u_div/y1__959_n_0
    SLICE_X104Y6         CARRY4 (Prop_carry4_CI_CO[3])
                                                      0.117    21.479 r  u_alu/u_algorithm/u_div/y1__960/CO[3]
                         net (fo=1, routed)           0.000    21.479    u_alu/u_algorithm/u_div/y1__960_n_0
    SLICE_X104Y7         CARRY4 (Prop_carry4_CI_CO[0])
                                                      0.254    21.733 r  u_alu/u_algorithm/u_div/y1__961/CO[0]
                         net (fo=32, routed)          0.922    22.655    u_alu/u_algorithm/u_div/y1__961_n_3
    SLICE_X102Y2         LUT5 (Prop_lut5_I3_O)        0.367    23.022 r  u_alu/u_algorithm/u_div/y1__962_i_5/O
                         net (fo=1, routed)           0.000    23.022    u_alu/u_algorithm/u_div/y1__962_i_5_n_0
    SLICE_X102Y2         CARRY4 (Prop_carry4_S[0]_CO[3])
                                                      0.513    23.535 r  u_alu/u_algorithm/u_div/y1__962/CO[3]
                         net (fo=1, routed)           0.000    23.535    u_alu/u_algorithm/u_div/y1__962_n_0
    SLICE_X102Y3         CARRY4 (Prop_carry4_CI_CO[3])
                                                      0.117    23.652 r  u_alu/u_algorithm/u_div/y1__963/CO[3]
                         net (fo=1, routed)           0.000    23.652    u_alu/u_algorithm/u_div/y1__963_n_0
    SLICE_X102Y4         CARRY4 (Prop_carry4_CI_CO[3])
                                                      0.117    23.769 r  u_alu/u_algorithm/u_div/y1__964/CO[3]
                         net (fo=1, routed)           0.000    23.769    u_alu/u_algorithm/u_div/y1__964_n_0
    SLICE_X102Y5         CARRY4 (Prop_carry4_CI_CO[3])
                                                      0.117    23.886 r  u_alu/u_algorithm/u_div/y1__965/CO[3]
                         net (fo=1, routed)           0.000    23.886    u_alu/u_algorithm/u_div/y1__965_n_0
    SLICE_X102Y6         CARRY4 (Prop_carry4_CI_CO[3])
                                                      0.117    24.003 r  u_alu/u_algorithm/u_div/y1__966/CO[3]
                         net (fo=1, routed)           0.000    24.003    u_alu/u_algorithm/u_div/y1__966_n_0
    SLICE_X102Y7         CARRY4 (Prop_carry4_CI_CO[3])
                                                      0.117    24.120 r  u_alu/u_algorithm/u_div/y1__967/CO[3]
                         net (fo=1, routed)           0.000    24.120    u_alu/u_algorithm/u_div/y1__967_n_0
    SLICE_X102Y8         CARRY4 (Prop_carry4_CI_CO[3])
                                                      0.117    24.237 r  u_alu/u_algorithm/u_div/y1__968/CO[3]
                         net (fo=1, routed)           0.000    24.237    u_alu/u_algorithm/u_div/y1__968_n_0
    SLICE_X102Y9         CARRY4 (Prop_carry4_CI_CO[0])
                                                      0.254    24.491 r  u_alu/u_algorithm/u_div/y1__969/CO[0]
                         net (fo=32, routed)          1.118    25.608    u_alu/u_algorithm/u_div/y1__969_n_3
    SLICE_X101Y2         LUT5 (Prop_lut5_I3_O)        0.367    25.975 r  u_alu/u_algorithm/u_div/y1__970_i_5/O
                         net (fo=1, routed)           0.000    25.975    u_alu/u_algorithm/u_div/y1__970_i_5_n_0
    SLICE_X101Y2         CARRY4 (Prop_carry4_S[0]_CO[3])
                                                      0.532    26.507 r  u_alu/u_algorithm/u_div/y1__970/CO[3]
                         net (fo=1, routed)           0.000    26.507    u_alu/u_algorithm/u_div/y1__970_n_0
    SLICE_X101Y3         CARRY4 (Prop_carry4_CI_CO[3])
                                                      0.114    26.621 r  u_alu/u_algorithm/u_div/y1__971/CO[3]
                         net (fo=1, routed)           0.000    26.621    u_alu/u_algorithm/u_div/y1__971_n_0
    SLICE_X101Y4         CARRY4 (Prop_carry4_CI_CO[3])
                                                      0.114    26.735 r  u_alu/u_algorithm/u_div/y1__972/CO[3]
                         net (fo=1, routed)           0.000    26.735    u_alu/u_algorithm/u_div/y1__972_n_0
    SLICE_X101Y5         CARRY4 (Prop_carry4_CI_CO[3])
                                                      0.114    26.849 r  u_alu/u_algorithm/u_div/y1__973/CO[3]
                         net (fo=1, routed)           0.000    26.849    u_alu/u_algorithm/u_div/y1__973_n_0
    SLICE_X101Y6         CARRY4 (Prop_carry4_CI_CO[3])
                                                      0.114    26.963 r  u_alu/u_algorithm/u_div/y1__974/CO[3]
                         net (fo=1, routed)           0.000    26.963    u_alu/u_algorithm/u_div/y1__974_n_0
    SLICE_X101Y7         CARRY4 (Prop_carry4_CI_CO[3])
                                                      0.114    27.077 r  u_alu/u_algorithm/u_div/y1__975/CO[3]
                         net (fo=1, routed)           0.000    27.077    u_alu/u_algorithm/u_div/y1__975_n_0
    SLICE_X101Y8         CARRY4 (Prop_carry4_CI_CO[3])
                                                      0.114    27.191 r  u_alu/u_algorithm/u_div/y1__976/CO[3]
                         net (fo=1, routed)           0.000    27.191    u_alu/u_algorithm/u_div/y1__976_n_0
    SLICE_X101Y9         CARRY4 (Prop_carry4_CI_CO[0])
                                                      0.271    27.462 r  u_alu/u_algorithm/u_div/y1__977/CO[0]
                         net (fo=32, routed)          0.945    28.407    u_alu/u_algorithm/u_div/y1__977_n_3
    SLICE_X100Y1         CARRY4 (Prop_carry4_CYINIT_CO[3])
                                                      0.844    29.251 r  u_alu/u_algorithm/u_div/y1__978/CO[3]
                         net (fo=1, routed)           0.000    29.251    u_alu/u_algorithm/u_div/y1__978_n_0
    SLICE_X100Y2         CARRY4 (Prop_carry4_CI_CO[3])
                                                      0.117    29.368 r  u_alu/u_algorithm/u_div/y1__979/CO[3]
                         net (fo=1, routed)           0.000    29.368    u_alu/u_algorithm/u_div/y1__979_n_0
    SLICE_X100Y3         CARRY4 (Prop_carry4_CI_CO[3])
                                                      0.117    29.485 r  u_alu/u_algorithm/u_div/y1__980/CO[3]
                         net (fo=1, routed)           0.000    29.485    u_alu/u_algorithm/u_div/y1__980_n_0
    SLICE_X100Y4         CARRY4 (Prop_carry4_CI_CO[3])
                                                      0.117    29.602 r  u_alu/u_algorithm/u_div/y1__981/CO[3]
                         net (fo=1, routed)           0.000    29.602    u_alu/u_algorithm/u_div/y1__981_n_0
    SLICE_X100Y5         CARRY4 (Prop_carry4_CI_CO[3])
                                                      0.117    29.719 r  u_alu/u_algorithm/u_div/y1__982/CO[3]
                         net (fo=1, routed)           0.000    29.719    u_alu/u_algorithm/u_div/y1__982_n_0
    SLICE_X100Y6         CARRY4 (Prop_carry4_CI_CO[3])
                                                      0.117    29.836 r  u_alu/u_algorithm/u_div/y1__983/CO[3]
                         net (fo=1, routed)           0.000    29.836    u_alu/u_algorithm/u_div/y1__983_n_0
    SLICE_X100Y7         CARRY4 (Prop_carry4_CI_CO[3])
                                                      0.117    29.953 r  u_alu/u_algorithm/u_div/y1__984/CO[3]
                         net (fo=1, routed)           0.000    29.953    u_alu/u_algorithm/u_div/y1__984_n_0
    SLICE_X100Y8         CARRY4 (Prop_carry4_CI_CO[0])
                                                      0.254    30.207 r  u_alu/u_algorithm/u_div/y1__985/CO[0]
                         net (fo=32, routed)          1.112    31.319    u_alu/u_algorithm/u_div/y1__985_n_3
    SLICE_X98Y0          LUT5 (Prop_lut5_I3_O)        0.367    31.686 r  u_alu/u_algorithm/u_div/y1__986_i_5/O
                         net (fo=1, routed)           0.000    31.686    u_alu/u_algorithm/u_div/y1__986_i_5_n_0
    SLICE_X98Y0          CARRY4 (Prop_carry4_S[0]_CO[3])
                                                      0.513    32.199 r  u_alu/u_algorithm/u_div/y1__986/CO[3]
                         net (fo=1, routed)           0.000    32.199    u_alu/u_algorithm/u_div/y1__986_n_0
    SLICE_X98Y1          CARRY4 (Prop_carry4_CI_CO[3])
                                                      0.117    32.316 r  u_alu/u_algorithm/u_div/y1__987/CO[3]
                         net (fo=1, routed)           0.000    32.316    u_alu/u_algorithm/u_div/y1__987_n_0
    SLICE_X98Y2          CARRY4 (Prop_carry4_CI_CO[3])
                                                      0.117    32.433 r  u_alu/u_algorithm/u_div/y1__988/CO[3]
                         net (fo=1, routed)           0.000    32.433    u_alu/u_algorithm/u_div/y1__988_n_0
    SLICE_X98Y3          CARRY4 (Prop_carry4_CI_CO[3])
                                                      0.117    32.550 r  u_alu/u_algorithm/u_div/y1__989/CO[3]
                         net (fo=1, routed)           0.000    32.550    u_alu/u_algorithm/u_div/y1__989_n_0
    SLICE_X98Y4          CARRY4 (Prop_carry4_CI_CO[3])
                                                      0.117    32.667 r  u_alu/u_algorithm/u_div/y1__990/CO[3]
                         net (fo=1, routed)           0.000    32.667    u_alu/u_algorithm/u_div/y1__990_n_0
    SLICE_X98Y5          CARRY4 (Prop_carry4_CI_CO[3])
                                                      0.117    32.784 r  u_alu/u_algorithm/u_div/y1__991/CO[3]
                         net (fo=1, routed)           0.000    32.784    u_alu/u_algorithm/u_div/y1__991_n_0
    SLICE_X98Y6          CARRY4 (Prop_carry4_CI_CO[3])
                                                      0.117    32.901 r  u_alu/u_algorithm/u_div/y1__992/CO[3]
                         net (fo=1, routed)           0.000    32.901    u_alu/u_algorithm/u_div/y1__992_n_0
    SLICE_X98Y7          CARRY4 (Prop_carry4_CI_CO[0])
                                                      0.254    33.155 r  u_alu/u_algorithm/u_div/y1__993/CO[0]
                         net (fo=32, routed)          0.951    34.105    u_alu/u_algorithm/u_div/y1__993_n_3
    SLICE_X96Y1          LUT5 (Prop_lut5_I3_O)        0.367    34.472 r  u_alu/u_algorithm/u_div/y1__994_i_5/O
                         net (fo=1, routed)           0.000    34.472    u_alu/u_algorithm/u_div/y1__994_i_5_n_0
    SLICE_X96Y1          CARRY4 (Prop_carry4_S[0]_CO[3])
                                                      0.513    34.985 r  u_alu/u_algorithm/u_div/y1__994/CO[3]
                         net (fo=1, routed)           0.000    34.985    u_alu/u_algorithm/u_div/y1__994_n_0
    SLICE_X96Y2          CARRY4 (Prop_carry4_CI_CO[3])
                                                      0.117    35.102 r  u_alu/u_algorithm/u_div/y1__995/CO[3]
                         net (fo=1, routed)           0.000    35.102    u_alu/u_algorithm/u_div/y1__995_n_0
    SLICE_X96Y3          CARRY4 (Prop_carry4_CI_CO[3])
                                                      0.117    35.219 r  u_alu/u_algorithm/u_div/y1__996/CO[3]
                         net (fo=1, routed)           0.000    35.219    u_alu/u_algorithm/u_div/y1__996_n_0
    SLICE_X96Y4          CARRY4 (Prop_carry4_CI_CO[3])
                                                      0.117    35.336 r  u_alu/u_algorithm/u_div/y1__997/CO[3]
                         net (fo=1, routed)           0.000    35.336    u_alu/u_algorithm/u_div/y1__997_n_0
    SLICE_X96Y5          CARRY4 (Prop_carry4_CI_CO[3])
                                                      0.117    35.453 r  u_alu/u_algorithm/u_div/y1__998/CO[3]
                         net (fo=1, routed)           0.000    35.453    u_alu/u_algorithm/u_div/y1__998_n_0
    SLICE_X96Y6          CARRY4 (Prop_carry4_CI_CO[3])
                                                      0.117    35.570 r  u_alu/u_algorithm/u_div/y1__999/CO[3]
                         net (fo=1, routed)           0.000    35.570    u_alu/u_algorithm/u_div/y1__999_n_0
    SLICE_X96Y7          CARRY4 (Prop_carry4_CI_CO[3])
                                                      0.117    35.687 r  u_alu/u_algorithm/u_div/y1__1000/CO[3]
                         net (fo=1, routed)           0.000    35.687    u_alu/u_algorithm/u_div/y1__1000_n_0
    SLICE_X96Y8          CARRY4 (Prop_carry4_CI_CO[0])
                                                      0.254    35.941 r  u_alu/u_algorithm/u_div/y1__1001/CO[0]
                         net (fo=32, routed)          0.985    36.926    u_alu/u_algorithm/u_div/y1__1001_n_3
    SLICE_X95Y3          LUT5 (Prop_lut5_I3_O)        0.367    37.293 r  u_alu/u_algorithm/u_div/y1__1002_i_5/O
                         net (fo=1, routed)           0.000    37.293    u_alu/u_algorithm/u_div/y1__1002_i_5_n_0
    SLICE_X95Y3          CARRY4 (Prop_carry4_S[0]_CO[3])
                                                      0.532    37.825 r  u_alu/u_algorithm/u_div/y1__1002/CO[3]
                         net (fo=1, routed)           0.000    37.825    u_alu/u_algorithm/u_div/y1__1002_n_0
    SLICE_X95Y4          CARRY4 (Prop_carry4_CI_CO[3])
                                                      0.114    37.939 r  u_alu/u_algorithm/u_div/y1__1003/CO[3]
                         net (fo=1, routed)           0.000    37.939    u_alu/u_algorithm/u_div/y1__1003_n_0
    SLICE_X95Y5          CARRY4 (Prop_carry4_CI_CO[3])
                                                      0.114    38.053 r  u_alu/u_algorithm/u_div/y1__1004/CO[3]
                         net (fo=1, routed)           0.000    38.053    u_alu/u_algorithm/u_div/y1__1004_n_0
    SLICE_X95Y6          CARRY4 (Prop_carry4_CI_CO[3])
                                                      0.114    38.167 r  u_alu/u_algorithm/u_div/y1__1005/CO[3]
                         net (fo=1, routed)           0.000    38.167    u_alu/u_algorithm/u_div/y1__1005_n_0
    SLICE_X95Y7          CARRY4 (Prop_carry4_CI_CO[3])
                                                      0.114    38.281 r  u_alu/u_algorithm/u_div/y1__1006/CO[3]
                         net (fo=1, routed)           0.000    38.281    u_alu/u_algorithm/u_div/y1__1006_n_0
    SLICE_X95Y8          CARRY4 (Prop_carry4_CI_CO[3])
                                                      0.114    38.395 r  u_alu/u_algorithm/u_div/y1__1007/CO[3]
                         net (fo=1, routed)           0.000    38.395    u_alu/u_algorithm/u_div/y1__1007_n_0
    SLICE_X95Y9          CARRY4 (Prop_carry4_CI_CO[3])
                                                      0.114    38.509 r  u_alu/u_algorithm/u_div/y1__1008/CO[3]
                         net (fo=1, routed)           0.000    38.509    u_alu/u_algorithm/u_div/y1__1008_n_0
    SLICE_X95Y10         CARRY4 (Prop_carry4_CI_CO[0])
                                                      0.271    38.780 r  u_alu/u_algorithm/u_div/y1__1009/CO[0]
                         net (fo=32, routed)          0.863    39.643    u_alu/u_algorithm/u_div/y1__1009_n_3
    SLICE_X97Y7          LUT5 (Prop_lut5_I3_O)        0.373    40.016 r  u_alu/u_algorithm/u_div/y1__1010_i_5/O
                         net (fo=1, routed)           0.000    40.016    u_alu/u_algorithm/u_div/y1__1010_i_5_n_0
    SLICE_X97Y7          CARRY4 (Prop_carry4_S[0]_CO[3])
                                                      0.532    40.548 r  u_alu/u_algorithm/u_div/y1__1010/CO[3]
                         net (fo=1, routed)           0.000    40.548    u_alu/u_algorithm/u_div/y1__1010_n_0
    SLICE_X97Y8          CARRY4 (Prop_carry4_CI_CO[3])
                                                      0.114    40.662 r  u_alu/u_algorithm/u_div/y1__1011/CO[3]
                         net (fo=1, routed)           0.000    40.662    u_alu/u_algorithm/u_div/y1__1011_n_0
    SLICE_X97Y9          CARRY4 (Prop_carry4_CI_CO[3])
                                                      0.114    40.776 r  u_alu/u_algorithm/u_div/y1__1012/CO[3]
                         net (fo=1, routed)           0.000    40.776    u_alu/u_algorithm/u_div/y1__1012_n_0
    SLICE_X97Y10         CARRY4 (Prop_carry4_CI_CO[3])
                                                      0.114    40.890 r  u_alu/u_algorithm/u_div/y1__1013/CO[3]
                         net (fo=1, routed)           0.000    40.890    u_alu/u_algorithm/u_div/y1__1013_n_0
    SLICE_X97Y11         CARRY4 (Prop_carry4_CI_CO[3])
                                                      0.114    41.004 r  u_alu/u_algorithm/u_div/y1__1014/CO[3]
                         net (fo=1, routed)           0.000    41.004    u_alu/u_algorithm/u_div/y1__1014_n_0
    SLICE_X97Y12         CARRY4 (Prop_carry4_CI_CO[3])
                                                      0.114    41.118 r  u_alu/u_algorithm/u_div/y1__1015/CO[3]
                         net (fo=1, routed)           0.000    41.118    u_alu/u_algorithm/u_div/y1__1015_n_0
    SLICE_X97Y13         CARRY4 (Prop_carry4_CI_CO[3])
                                                      0.114    41.232 r  u_alu/u_algorithm/u_div/y1__1016/CO[3]
                         net (fo=1, routed)           0.000    41.232    u_alu/u_algorithm/u_div/y1__1016_n_0
    SLICE_X97Y14         CARRY4 (Prop_carry4_CI_CO[0])
                                                      0.271    41.503 r  u_alu/u_algorithm/u_div/y1__1017/CO[0]
                         net (fo=32, routed)          0.457    41.960    u_alu/u_algorithm/u_div/y1__1017_n_3
    SLICE_X100Y14        LUT5 (Prop_lut5_I3_O)        0.373    42.333 r  u_alu/u_algorithm/u_div/y1__1018_i_5/O
                         net (fo=1, routed)           0.402    42.736    u_alu/u_algorithm/u_div/y1__1018_i_5_n_0
    SLICE_X101Y13        CARRY4 (Prop_carry4_S[0]_CO[3])
                                                      0.656    43.392 r  u_alu/u_algorithm/u_div/y1__1018/CO[3]
                         net (fo=1, routed)           0.000    43.392    u_alu/u_algorithm/u_div/y1__1018_n_0
    SLICE_X101Y14        CARRY4 (Prop_carry4_CI_CO[3])
                                                      0.114    43.506 r  u_alu/u_algorithm/u_div/y1__1019/CO[3]
                         net (fo=1, routed)           0.000    43.506    u_alu/u_algorithm/u_div/y1__1019_n_0
    SLICE_X101Y15        CARRY4 (Prop_carry4_CI_CO[3])
                                                      0.114    43.620 r  u_alu/u_algorithm/u_div/y1__1020/CO[3]
                         net (fo=1, routed)           0.000    43.620    u_alu/u_algorithm/u_div/y1__1020_n_0
    SLICE_X101Y16        CARRY4 (Prop_carry4_CI_CO[3])
                                                      0.114    43.734 r  u_alu/u_algorithm/u_div/y1__1021/CO[3]
                         net (fo=1, routed)           0.000    43.734    u_alu/u_algorithm/u_div/y1__1021_n_0
    SLICE_X101Y17        CARRY4 (Prop_carry4_CI_CO[3])
                                                      0.114    43.848 r  u_alu/u_algorithm/u_div/y1__1022/CO[3]
                         net (fo=1, routed)           0.000    43.848    u_alu/u_algorithm/u_div/y1__1022_n_0
    SLICE_X101Y18        CARRY4 (Prop_carry4_CI_CO[3])
                                                      0.114    43.962 r  u_alu/u_algorithm/u_div/y1__1023/CO[3]
                         net (fo=1, routed)           0.000    43.962    u_alu/u_algorithm/u_div/y1__1023_n_0
    SLICE_X101Y19        CARRY4 (Prop_carry4_CI_CO[3])
                                                      0.114    44.076 r  u_alu/u_algorithm/u_div/y1__1024/CO[3]
                         net (fo=1, routed)           0.000    44.076    u_alu/u_algorithm/u_div/y1__1024_n_0
    SLICE_X101Y20        CARRY4 (Prop_carry4_CI_CO[0])
                                                      0.271    44.347 r  u_alu/u_algorithm/u_div/y1__1025/CO[0]
                         net (fo=32, routed)          0.826    45.173    u_alu/u_algorithm/u_div/y1__1025_n_3
    SLICE_X102Y19        LUT5 (Prop_lut5_I3_O)        0.373    45.546 r  u_alu/u_algorithm/u_div/y1__1026_i_5/O
                         net (fo=1, routed)           0.000    45.546    u_alu/u_algorithm/u_div/y1__1026_i_5_n_0
    SLICE_X102Y19        CARRY4 (Prop_carry4_S[0]_CO[3])
                                                      0.513    46.059 r  u_alu/u_algorithm/u_div/y1__1026/CO[3]
                         net (fo=1, routed)           0.000    46.059    u_alu/u_algorithm/u_div/y1__1026_n_0
    SLICE_X102Y20        CARRY4 (Prop_carry4_CI_CO[3])
                                                      0.117    46.176 r  u_alu/u_algorithm/u_div/y1__1027/CO[3]
                         net (fo=1, routed)           0.000    46.176    u_alu/u_algorithm/u_div/y1__1027_n_0
    SLICE_X102Y21        CARRY4 (Prop_carry4_CI_CO[3])
                                                      0.117    46.293 r  u_alu/u_algorithm/u_div/y1__1028/CO[3]
                         net (fo=1, routed)           0.000    46.293    u_alu/u_algorithm/u_div/y1__1028_n_0
    SLICE_X102Y22        CARRY4 (Prop_carry4_CI_CO[3])
                                                      0.117    46.410 r  u_alu/u_algorithm/u_div/y1__1029/CO[3]
                         net (fo=1, routed)           0.000    46.410    u_alu/u_algorithm/u_div/y1__1029_n_0
    SLICE_X102Y23        CARRY4 (Prop_carry4_CI_CO[3])
                                                      0.117    46.527 r  u_alu/u_algorithm/u_div/y1__1030/CO[3]
                         net (fo=1, routed)           0.000    46.527    u_alu/u_algorithm/u_div/y1__1030_n_0
    SLICE_X102Y24        CARRY4 (Prop_carry4_CI_CO[3])
                                                      0.117    46.644 r  u_alu/u_algorithm/u_div/y1__1031/CO[3]
                         net (fo=1, routed)           0.009    46.653    u_alu/u_algorithm/u_div/y1__1031_n_0
    SLICE_X102Y25        CARRY4 (Prop_carry4_CI_CO[3])
                                                      0.117    46.770 r  u_alu/u_algorithm/u_div/y1__1032/CO[3]
                         net (fo=1, routed)           0.000    46.770    u_alu/u_algorithm/u_div/y1__1032_n_0
    SLICE_X102Y26        CARRY4 (Prop_carry4_CI_CO[0])
                                                      0.254    47.024 r  u_alu/u_algorithm/u_div/y1__1033/CO[0]
                         net (fo=32, routed)          0.740    47.764    u_alu/u_algorithm/u_div/y1__1033_n_3
    SLICE_X103Y26        LUT5 (Prop_lut5_I3_O)        0.367    48.131 r  u_alu/u_algorithm/u_div/y1__1034_i_5/O
                         net (fo=1, routed)           0.000    48.131    u_alu/u_algorithm/u_div/y1__1034_i_5_n_0
    SLICE_X103Y26        CARRY4 (Prop_carry4_S[0]_CO[3])
                                                      0.532    48.663 r  u_alu/u_algorithm/u_div/y1__1034/CO[3]
                         net (fo=1, routed)           0.000    48.663    u_alu/u_algorithm/u_div/y1__1034_n_0
    SLICE_X103Y27        CARRY4 (Prop_carry4_CI_CO[3])
                                                      0.114    48.777 r  u_alu/u_algorithm/u_div/y1__1035/CO[3]
                         net (fo=1, routed)           0.000    48.777    u_alu/u_algorithm/u_div/y1__1035_n_0
    SLICE_X103Y28        CARRY4 (Prop_carry4_CI_CO[3])
                                                      0.114    48.891 r  u_alu/u_algorithm/u_div/y1__1036/CO[3]
                         net (fo=1, routed)           0.000    48.891    u_alu/u_algorithm/u_div/y1__1036_n_0
    SLICE_X103Y29        CARRY4 (Prop_carry4_CI_CO[3])
                                                      0.114    49.005 r  u_alu/u_algorithm/u_div/y1__1037/CO[3]
                         net (fo=1, routed)           0.000    49.005    u_alu/u_algorithm/u_div/y1__1037_n_0
    SLICE_X103Y30        CARRY4 (Prop_carry4_CI_CO[3])
                                                      0.114    49.119 r  u_alu/u_algorithm/u_div/y1__1038/CO[3]
                         net (fo=1, routed)           0.000    49.119    u_alu/u_algorithm/u_div/y1__1038_n_0
    SLICE_X103Y31        CARRY4 (Prop_carry4_CI_CO[3])
                                                      0.114    49.233 r  u_alu/u_algorithm/u_div/y1__1039/CO[3]
                         net (fo=1, routed)           0.000    49.233    u_alu/u_algorithm/u_div/y1__1039_n_0
    SLICE_X103Y32        CARRY4 (Prop_carry4_CI_CO[3])
                                                      0.114    49.347 r  u_alu/u_algorithm/u_div/y1__1040/CO[3]
                         net (fo=1, routed)           0.000    49.347    u_alu/u_algorithm/u_div/y1__1040_n_0
    SLICE_X103Y33        CARRY4 (Prop_carry4_CI_CO[0])
                                                      0.271    49.618 r  u_alu/u_algorithm/u_div/y1__1041/CO[0]
                         net (fo=32, routed)          0.528    50.146    u_alu/u_algorithm/u_div/y1__1041_n_3
    SLICE_X102Y33        LUT5 (Prop_lut5_I0_O)        0.373    50.519 r  u_alu/u_algorithm/u_div/y1__1042_i_4/O
                         net (fo=1, routed)           0.000    50.519    u_alu/u_algorithm/u_div/y1__1042_i_4_n_0
    SLICE_X102Y33        CARRY4 (Prop_carry4_S[1]_CO[3])
                                                      0.533    51.052 r  u_alu/u_algorithm/u_div/y1__1042/CO[3]
                         net (fo=1, routed)           0.000    51.052    u_alu/u_algorithm/u_div/y1__1042_n_0
    SLICE_X102Y34        CARRY4 (Prop_carry4_CI_CO[3])
                                                      0.117    51.169 r  u_alu/u_algorithm/u_div/y1__1043/CO[3]
                         net (fo=1, routed)           0.000    51.169    u_alu/u_algorithm/u_div/y1__1043_n_0
    SLICE_X102Y35        CARRY4 (Prop_carry4_CI_CO[3])
                                                      0.117    51.286 r  u_alu/u_algorithm/u_div/y1__1044/CO[3]
                         net (fo=1, routed)           0.000    51.286    u_alu/u_algorithm/u_div/y1__1044_n_0
    SLICE_X102Y36        CARRY4 (Prop_carry4_CI_CO[3])
                                                      0.117    51.403 r  u_alu/u_algorithm/u_div/y1__1045/CO[3]
                         net (fo=1, routed)           0.000    51.403    u_alu/u_algorithm/u_div/y1__1045_n_0
    SLICE_X102Y37        CARRY4 (Prop_carry4_CI_CO[3])
                                                      0.117    51.520 r  u_alu/u_algorithm/u_div/y1__1046/CO[3]
                         net (fo=1, routed)           0.000    51.520    u_alu/u_algorithm/u_div/y1__1046_n_0
    SLICE_X102Y38        CARRY4 (Prop_carry4_CI_CO[3])
                                                      0.117    51.637 r  u_alu/u_algorithm/u_div/y1__1047/CO[3]
                         net (fo=1, routed)           0.000    51.637    u_alu/u_algorithm/u_div/y1__1047_n_0
    SLICE_X102Y39        CARRY4 (Prop_carry4_CI_CO[3])
                                                      0.117    51.754 r  u_alu/u_algorithm/u_div/y1__1048/CO[3]
                         net (fo=1, routed)           0.000    51.754    u_alu/u_algorithm/u_div/y1__1048_n_0
    SLICE_X102Y40        CARRY4 (Prop_carry4_CI_CO[0])
                                                      0.254    52.008 r  u_alu/u_algorithm/u_div/y1__1049/CO[0]
                         net (fo=32, routed)          0.672    52.680    u_alu/u_algorithm/u_div/y1__1049_n_3
    SLICE_X103Y39        LUT5 (Prop_lut5_I3_O)        0.367    53.047 r  u_alu/u_algorithm/u_div/y1__1050_i_5/O
                         net (fo=1, routed)           0.000    53.047    u_alu/u_algorithm/u_div/y1__1050_i_5_n_0
    SLICE_X103Y39        CARRY4 (Prop_carry4_S[0]_CO[3])
                                                      0.532    53.579 r  u_alu/u_algorithm/u_div/y1__1050/CO[3]
                         net (fo=1, routed)           0.000    53.579    u_alu/u_algorithm/u_div/y1__1050_n_0
    SLICE_X103Y40        CARRY4 (Prop_carry4_CI_CO[3])
                                                      0.114    53.693 r  u_alu/u_algorithm/u_div/y1__1051/CO[3]
                         net (fo=1, routed)           0.000    53.693    u_alu/u_algorithm/u_div/y1__1051_n_0
    SLICE_X103Y41        CARRY4 (Prop_carry4_CI_CO[3])
                                                      0.114    53.807 r  u_alu/u_algorithm/u_div/y1__1052/CO[3]
                         net (fo=1, routed)           0.000    53.807    u_alu/u_algorithm/u_div/y1__1052_n_0
    SLICE_X103Y42        CARRY4 (Prop_carry4_CI_CO[3])
                                                      0.114    53.921 r  u_alu/u_algorithm/u_div/y1__1053/CO[3]
                         net (fo=1, routed)           0.000    53.921    u_alu/u_algorithm/u_div/y1__1053_n_0
    SLICE_X103Y43        CARRY4 (Prop_carry4_CI_CO[3])
                                                      0.114    54.035 r  u_alu/u_algorithm/u_div/y1__1054/CO[3]
                         net (fo=1, routed)           0.000    54.035    u_alu/u_algorithm/u_div/y1__1054_n_0
    SLICE_X103Y44        CARRY4 (Prop_carry4_CI_CO[3])
                                                      0.114    54.149 r  u_alu/u_algorithm/u_div/y1__1055/CO[3]
                         net (fo=1, routed)           0.000    54.149    u_alu/u_algorithm/u_div/y1__1055_n_0
    SLICE_X103Y45        CARRY4 (Prop_carry4_CI_CO[3])
                                                      0.114    54.263 r  u_alu/u_algorithm/u_div/y1__1056/CO[3]
                         net (fo=1, routed)           0.000    54.263    u_alu/u_algorithm/u_div/y1__1056_n_0
    SLICE_X103Y46        CARRY4 (Prop_carry4_CI_CO[0])
                                                      0.271    54.534 r  u_alu/u_algorithm/u_div/y1__1057/CO[0]
                         net (fo=34, routed)          0.528    55.061    u_alu/u_algorithm/u_div/y10_in[15]
    SLICE_X102Y46        LUT5 (Prop_lut5_I0_O)        0.373    55.434 r  u_alu/u_algorithm/u_div/y1__1058_i_4/O
                         net (fo=1, routed)           0.000    55.434    u_alu/u_algorithm/u_div/y1__1058_i_4_n_0
    SLICE_X102Y46        CARRY4 (Prop_carry4_S[1]_CO[3])
                                                      0.533    55.967 r  u_alu/u_algorithm/u_div/y1__1058/CO[3]
                         net (fo=1, routed)           0.000    55.967    u_alu/u_algorithm/u_div/y1__1058_n_0
    SLICE_X102Y47        CARRY4 (Prop_carry4_CI_CO[3])
                                                      0.117    56.084 r  u_alu/u_algorithm/u_div/y1__1059/CO[3]
                         net (fo=1, routed)           0.000    56.084    u_alu/u_algorithm/u_div/y1__1059_n_0
    SLICE_X102Y48        CARRY4 (Prop_carry4_CI_CO[3])
                                                      0.117    56.201 r  u_alu/u_algorithm/u_div/y1__1060/CO[3]
                         net (fo=1, routed)           0.000    56.201    u_alu/u_algorithm/u_div/y1__1060_n_0
    SLICE_X102Y49        CARRY4 (Prop_carry4_CI_CO[3])
                                                      0.117    56.318 r  u_alu/u_algorithm/u_div/y1__1061/CO[3]
                         net (fo=1, routed)           0.001    56.319    u_alu/u_algorithm/u_div/y1__1061_n_0
    SLICE_X102Y50        CARRY4 (Prop_carry4_CI_CO[3])
                                                      0.117    56.436 r  u_alu/u_algorithm/u_div/y1__1062/CO[3]
                         net (fo=1, routed)           0.000    56.436    u_alu/u_algorithm/u_div/y1__1062_n_0
    SLICE_X102Y51        CARRY4 (Prop_carry4_CI_CO[3])
                                                      0.117    56.553 r  u_alu/u_algorithm/u_div/y1__1063/CO[3]
                         net (fo=1, routed)           0.000    56.553    u_alu/u_algorithm/u_div/y1__1063_n_0
    SLICE_X102Y52        CARRY4 (Prop_carry4_CI_CO[3])
                                                      0.117    56.670 r  u_alu/u_algorithm/u_div/y1__1064/CO[3]
                         net (fo=1, routed)           0.000    56.670    u_alu/u_algorithm/u_div/y1__1064_n_0
    SLICE_X102Y53        CARRY4 (Prop_carry4_CI_CO[0])
                                                      0.254    56.924 r  u_alu/u_algorithm/u_div/y1__1065/CO[0]
                         net (fo=34, routed)          0.771    57.695    u_alu/u_algorithm/u_div/y10_in[14]
    SLICE_X103Y53        LUT5 (Prop_lut5_I3_O)        0.367    58.062 r  u_alu/u_algorithm/u_div/y1__1066_i_5/O
                         net (fo=1, routed)           0.000    58.062    u_alu/u_algorithm/u_div/y1__1066_i_5_n_0
    SLICE_X103Y53        CARRY4 (Prop_carry4_S[0]_CO[3])
                                                      0.532    58.594 r  u_alu/u_algorithm/u_div/y1__1066/CO[3]
                         net (fo=1, routed)           0.000    58.594    u_alu/u_algorithm/u_div/y1__1066_n_0
    SLICE_X103Y54        CARRY4 (Prop_carry4_CI_CO[3])
                                                      0.114    58.708 r  u_alu/u_algorithm/u_div/y1__1067/CO[3]
                         net (fo=1, routed)           0.000    58.708    u_alu/u_algorithm/u_div/y1__1067_n_0
    SLICE_X103Y55        CARRY4 (Prop_carry4_CI_CO[3])
                                                      0.114    58.822 r  u_alu/u_algorithm/u_div/y1__1068/CO[3]
                         net (fo=1, routed)           0.000    58.822    u_alu/u_algorithm/u_div/y1__1068_n_0
    SLICE_X103Y56        CARRY4 (Prop_carry4_CI_CO[3])
                                                      0.114    58.936 r  u_alu/u_algorithm/u_div/y1__1069/CO[3]
                         net (fo=1, routed)           0.000    58.936    u_alu/u_algorithm/u_div/y1__1069_n_0
    SLICE_X103Y57        CARRY4 (Prop_carry4_CI_CO[3])
                                                      0.114    59.050 r  u_alu/u_algorithm/u_div/y1__1070/CO[3]
                         net (fo=1, routed)           0.000    59.050    u_alu/u_algorithm/u_div/y1__1070_n_0
    SLICE_X103Y58        CARRY4 (Prop_carry4_CI_CO[3])
                                                      0.114    59.164 r  u_alu/u_algorithm/u_div/y1__1071/CO[3]
                         net (fo=1, routed)           0.000    59.164    u_alu/u_algorithm/u_div/y1__1071_n_0
    SLICE_X103Y59        CARRY4 (Prop_carry4_CI_CO[3])
                                                      0.114    59.278 r  u_alu/u_algorithm/u_div/y1__1072/CO[3]
                         net (fo=1, routed)           0.000    59.278    u_alu/u_algorithm/u_div/y1__1072_n_0
    SLICE_X103Y60        CARRY4 (Prop_carry4_CI_CO[0])
                                                      0.271    59.549 r  u_alu/u_algorithm/u_div/y1__1073/CO[0]
                         net (fo=34, routed)          0.680    60.228    u_alu/u_algorithm/u_div/y10_in[13]
    SLICE_X102Y59        LUT5 (Prop_lut5_I3_O)        0.373    60.601 r  u_alu/u_algorithm/u_div/y1__1074_i_5/O
                         net (fo=1, routed)           0.000    60.601    u_alu/u_algorithm/u_div/y1__1074_i_5_n_0
    SLICE_X102Y59        CARRY4 (Prop_carry4_S[0]_CO[3])
                                                      0.513    61.114 r  u_alu/u_algorithm/u_div/y1__1074/CO[3]
                         net (fo=1, routed)           0.000    61.114    u_alu/u_algorithm/u_div/y1__1074_n_0
    SLICE_X102Y60        CARRY4 (Prop_carry4_CI_CO[3])
                                                      0.117    61.231 r  u_alu/u_algorithm/u_div/y1__1075/CO[3]
                         net (fo=1, routed)           0.000    61.231    u_alu/u_algorithm/u_div/y1__1075_n_0
    SLICE_X102Y61        CARRY4 (Prop_carry4_CI_CO[3])
                                                      0.117    61.348 r  u_alu/u_algorithm/u_div/y1__1076/CO[3]
                         net (fo=1, routed)           0.000    61.348    u_alu/u_algorithm/u_div/y1__1076_n_0
    SLICE_X102Y62        CARRY4 (Prop_carry4_CI_CO[3])
                                                      0.117    61.465 r  u_alu/u_algorithm/u_div/y1__1077/CO[3]
                         net (fo=1, routed)           0.000    61.465    u_alu/u_algorithm/u_div/y1__1077_n_0
    SLICE_X102Y63        CARRY4 (Prop_carry4_CI_CO[3])
                                                      0.117    61.582 r  u_alu/u_algorithm/u_div/y1__1078/CO[3]
                         net (fo=1, routed)           0.000    61.582    u_alu/u_algorithm/u_div/y1__1078_n_0
    SLICE_X102Y64        CARRY4 (Prop_carry4_CI_CO[3])
                                                      0.117    61.699 r  u_alu/u_algorithm/u_div/y1__1079/CO[3]
                         net (fo=1, routed)           0.000    61.699    u_alu/u_algorithm/u_div/y1__1079_n_0
    SLICE_X102Y65        CARRY4 (Prop_carry4_CI_CO[3])
                                                      0.117    61.816 r  u_alu/u_algorithm/u_div/y1__1080/CO[3]
                         net (fo=1, routed)           0.000    61.816    u_alu/u_algorithm/u_div/y1__1080_n_0
    SLICE_X102Y66        CARRY4 (Prop_carry4_CI_CO[0])
                                                      0.254    62.070 r  u_alu/u_algorithm/u_div/y1__1081/CO[0]
                         net (fo=34, routed)          0.733    62.804    u_alu/u_algorithm/u_div/y10_in[12]
    SLICE_X103Y66        LUT5 (Prop_lut5_I3_O)        0.367    63.171 r  u_alu/u_algorithm/u_div/y1__1082_i_5/O
                         net (fo=1, routed)           0.000    63.171    u_alu/u_algorithm/u_div/y1__1082_i_5_n_0
    SLICE_X103Y66        CARRY4 (Prop_carry4_S[0]_CO[3])
                                                      0.532    63.703 r  u_alu/u_algorithm/u_div/y1__1082/CO[3]
                         net (fo=1, routed)           0.000    63.703    u_alu/u_algorithm/u_div/y1__1082_n_0
    SLICE_X103Y67        CARRY4 (Prop_carry4_CI_CO[3])
                                                      0.114    63.817 r  u_alu/u_algorithm/u_div/y1__1083/CO[3]
                         net (fo=1, routed)           0.000    63.817    u_alu/u_algorithm/u_div/y1__1083_n_0
    SLICE_X103Y68        CARRY4 (Prop_carry4_CI_CO[3])
                                                      0.114    63.931 r  u_alu/u_algorithm/u_div/y1__1084/CO[3]
                         net (fo=1, routed)           0.000    63.931    u_alu/u_algorithm/u_div/y1__1084_n_0
    SLICE_X103Y69        CARRY4 (Prop_carry4_CI_CO[3])
                                                      0.114    64.045 r  u_alu/u_algorithm/u_div/y1__1085/CO[3]
                         net (fo=1, routed)           0.000    64.045    u_alu/u_algorithm/u_div/y1__1085_n_0
    SLICE_X103Y70        CARRY4 (Prop_carry4_CI_CO[3])
                                                      0.114    64.159 r  u_alu/u_algorithm/u_div/y1__1086/CO[3]
                         net (fo=1, routed)           0.000    64.159    u_alu/u_algorithm/u_div/y1__1086_n_0
    SLICE_X103Y71        CARRY4 (Prop_carry4_CI_CO[3])
                                                      0.114    64.273 r  u_alu/u_algorithm/u_div/y1__1087/CO[3]
                         net (fo=1, routed)           0.000    64.273    u_alu/u_algorithm/u_div/y1__1087_n_0
    SLICE_X103Y72        CARRY4 (Prop_carry4_CI_CO[3])
                                                      0.114    64.387 r  u_alu/u_algorithm/u_div/y1__1088/CO[3]
                         net (fo=1, routed)           0.000    64.387    u_alu/u_algorithm/u_div/y1__1088_n_0
    SLICE_X103Y73        CARRY4 (Prop_carry4_CI_CO[0])
                                                      0.271    64.658 r  u_alu/u_algorithm/u_div/y1__1089/CO[0]
                         net (fo=34, routed)          0.528    65.185    u_alu/u_algorithm/u_div/y10_in[11]
    SLICE_X102Y73        LUT5 (Prop_lut5_I0_O)        0.373    65.558 r  u_alu/u_algorithm/u_div/y1__1090_i_4/O
                         net (fo=1, routed)           0.000    65.558    u_alu/u_algorithm/u_div/y1__1090_i_4_n_0
    SLICE_X102Y73        CARRY4 (Prop_carry4_S[1]_CO[3])
                                                      0.533    66.091 r  u_alu/u_algorithm/u_div/y1__1090/CO[3]
                         net (fo=1, routed)           0.000    66.091    u_alu/u_algorithm/u_div/y1__1090_n_0
    SLICE_X102Y74        CARRY4 (Prop_carry4_CI_CO[3])
                                                      0.117    66.208 r  u_alu/u_algorithm/u_div/y1__1091/CO[3]
                         net (fo=1, routed)           0.009    66.217    u_alu/u_algorithm/u_div/y1__1091_n_0
    SLICE_X102Y75        CARRY4 (Prop_carry4_CI_CO[3])
                                                      0.117    66.334 r  u_alu/u_algorithm/u_div/y1__1092/CO[3]
                         net (fo=1, routed)           0.000    66.334    u_alu/u_algorithm/u_div/y1__1092_n_0
    SLICE_X102Y76        CARRY4 (Prop_carry4_CI_CO[3])
                                                      0.117    66.451 r  u_alu/u_algorithm/u_div/y1__1093/CO[3]
                         net (fo=1, routed)           0.000    66.451    u_alu/u_algorithm/u_div/y1__1093_n_0
    SLICE_X102Y77        CARRY4 (Prop_carry4_CI_CO[3])
                                                      0.117    66.568 r  u_alu/u_algorithm/u_div/y1__1094/CO[3]
                         net (fo=1, routed)           0.000    66.568    u_alu/u_algorithm/u_div/y1__1094_n_0
    SLICE_X102Y78        CARRY4 (Prop_carry4_CI_CO[3])
                                                      0.117    66.685 r  u_alu/u_algorithm/u_div/y1__1095/CO[3]
                         net (fo=1, routed)           0.000    66.685    u_alu/u_algorithm/u_div/y1__1095_n_0
    SLICE_X102Y79        CARRY4 (Prop_carry4_CI_CO[3])
                                                      0.117    66.802 r  u_alu/u_algorithm/u_div/y1__1096/CO[3]
                         net (fo=1, routed)           0.000    66.802    u_alu/u_algorithm/u_div/y1__1096_n_0
    SLICE_X102Y80        CARRY4 (Prop_carry4_CI_CO[0])
                                                      0.254    67.056 r  u_alu/u_algorithm/u_div/y1__1097/CO[0]
                         net (fo=34, routed)          0.650    67.706    u_alu/u_algorithm/u_div/y10_in[10]
    SLICE_X103Y79        LUT5 (Prop_lut5_I3_O)        0.367    68.073 r  u_alu/u_algorithm/u_div/y1__1098_i_5/O
                         net (fo=1, routed)           0.000    68.073    u_alu/u_algorithm/u_div/y1__1098_i_5_n_0
    SLICE_X103Y79        CARRY4 (Prop_carry4_S[0]_CO[3])
                                                      0.532    68.605 r  u_alu/u_algorithm/u_div/y1__1098/CO[3]
                         net (fo=1, routed)           0.000    68.605    u_alu/u_algorithm/u_div/y1__1098_n_0
    SLICE_X103Y80        CARRY4 (Prop_carry4_CI_CO[3])
                                                      0.114    68.719 r  u_alu/u_algorithm/u_div/y1__1099/CO[3]
                         net (fo=1, routed)           0.000    68.719    u_alu/u_algorithm/u_div/y1__1099_n_0
    SLICE_X103Y81        CARRY4 (Prop_carry4_CI_CO[3])
                                                      0.114    68.833 r  u_alu/u_algorithm/u_div/y1__1100/CO[3]
                         net (fo=1, routed)           0.000    68.833    u_alu/u_algorithm/u_div/y1__1100_n_0
    SLICE_X103Y82        CARRY4 (Prop_carry4_CI_CO[3])
                                                      0.114    68.947 r  u_alu/u_algorithm/u_div/y1__1101/CO[3]
                         net (fo=1, routed)           0.000    68.947    u_alu/u_algorithm/u_div/y1__1101_n_0
    SLICE_X103Y83        CARRY4 (Prop_carry4_CI_CO[3])
                                                      0.114    69.061 r  u_alu/u_algorithm/u_div/y1__1102/CO[3]
                         net (fo=1, routed)           0.000    69.061    u_alu/u_algorithm/u_div/y1__1102_n_0
    SLICE_X103Y84        CARRY4 (Prop_carry4_CI_CO[3])
                                                      0.114    69.175 r  u_alu/u_algorithm/u_div/y1__1103/CO[3]
                         net (fo=1, routed)           0.000    69.175    u_alu/u_algorithm/u_div/y1__1103_n_0
    SLICE_X103Y85        CARRY4 (Prop_carry4_CI_CO[3])
                                                      0.114    69.289 r  u_alu/u_algorithm/u_div/y1__1104/CO[3]
                         net (fo=1, routed)           0.000    69.289    u_alu/u_algorithm/u_div/y1__1104_n_0
    SLICE_X103Y86        CARRY4 (Prop_carry4_CI_CO[0])
                                                      0.271    69.560 r  u_alu/u_algorithm/u_div/y1__1105/CO[0]
                         net (fo=34, routed)          0.545    70.105    u_alu/u_algorithm/u_div/y10_in[9]
    SLICE_X102Y86        LUT5 (Prop_lut5_I0_O)        0.373    70.478 r  u_alu/u_algorithm/u_div/y1__1106_i_4/O
                         net (fo=1, routed)           0.000    70.478    u_alu/u_algorithm/u_div/y1__1106_i_4_n_0
    SLICE_X102Y86        CARRY4 (Prop_carry4_S[1]_CO[3])
                                                      0.533    71.011 r  u_alu/u_algorithm/u_div/y1__1106/CO[3]
                         net (fo=1, routed)           0.000    71.011    u_alu/u_algorithm/u_div/y1__1106_n_0
    SLICE_X102Y87        CARRY4 (Prop_carry4_CI_CO[3])
                                                      0.117    71.128 r  u_alu/u_algorithm/u_div/y1__1107/CO[3]
                         net (fo=1, routed)           0.000    71.128    u_alu/u_algorithm/u_div/y1__1107_n_0
    SLICE_X102Y88        CARRY4 (Prop_carry4_CI_CO[3])
                                                      0.117    71.245 r  u_alu/u_algorithm/u_div/y1__1108/CO[3]
                         net (fo=1, routed)           0.000    71.245    u_alu/u_algorithm/u_div/y1__1108_n_0
    SLICE_X102Y89        CARRY4 (Prop_carry4_CI_CO[3])
                                                      0.117    71.362 r  u_alu/u_algorithm/u_div/y1__1109/CO[3]
                         net (fo=1, routed)           0.000    71.362    u_alu/u_algorithm/u_div/y1__1109_n_0
    SLICE_X102Y90        CARRY4 (Prop_carry4_CI_CO[3])
                                                      0.117    71.479 r  u_alu/u_algorithm/u_div/y1__1110/CO[3]
                         net (fo=1, routed)           0.000    71.479    u_alu/u_algorithm/u_div/y1__1110_n_0
    SLICE_X102Y91        CARRY4 (Prop_carry4_CI_CO[3])
                                                      0.117    71.595 r  u_alu/u_algorithm/u_div/y1__1111/CO[3]
                         net (fo=1, routed)           0.000    71.595    u_alu/u_algorithm/u_div/y1__1111_n_0
    SLICE_X102Y92        CARRY4 (Prop_carry4_CI_CO[3])
                                                      0.117    71.712 r  u_alu/u_algorithm/u_div/y1__1112/CO[3]
                         net (fo=1, routed)           0.000    71.712    u_alu/u_algorithm/u_div/y1__1112_n_0
    SLICE_X102Y93        CARRY4 (Prop_carry4_CI_CO[0])
                                                      0.254    71.966 r  u_alu/u_algorithm/u_div/y1__1113/CO[0]
                         net (fo=34, routed)          0.735    72.701    u_alu/u_algorithm/u_div/y10_in[8]
    SLICE_X103Y93        LUT5 (Prop_lut5_I3_O)        0.367    73.068 r  u_alu/u_algorithm/u_div/y1__1114_i_5/O
                         net (fo=1, routed)           0.000    73.068    u_alu/u_algorithm/u_div/y1__1114_i_5_n_0
    SLICE_X103Y93        CARRY4 (Prop_carry4_S[0]_CO[3])
                                                      0.532    73.600 r  u_alu/u_algorithm/u_div/y1__1114/CO[3]
                         net (fo=1, routed)           0.000    73.600    u_alu/u_algorithm/u_div/y1__1114_n_0
    SLICE_X103Y94        CARRY4 (Prop_carry4_CI_CO[3])
                                                      0.114    73.714 r  u_alu/u_algorithm/u_div/y1__1115/CO[3]
                         net (fo=1, routed)           0.000    73.714    u_alu/u_algorithm/u_div/y1__1115_n_0
    SLICE_X103Y95        CARRY4 (Prop_carry4_CI_CO[3])
                                                      0.114    73.828 r  u_alu/u_algorithm/u_div/y1__1116/CO[3]
                         net (fo=1, routed)           0.000    73.828    u_alu/u_algorithm/u_div/y1__1116_n_0
    SLICE_X103Y96        CARRY4 (Prop_carry4_CI_CO[3])
                                                      0.114    73.942 r  u_alu/u_algorithm/u_div/y1__1117/CO[3]
                         net (fo=1, routed)           0.000    73.942    u_alu/u_algorithm/u_div/y1__1117_n_0
    SLICE_X103Y97        CARRY4 (Prop_carry4_CI_CO[3])
                                                      0.114    74.056 r  u_alu/u_algorithm/u_div/y1__1118/CO[3]
                         net (fo=1, routed)           0.000    74.056    u_alu/u_algorithm/u_div/y1__1118_n_0
    SLICE_X103Y98        CARRY4 (Prop_carry4_CI_CO[3])
                                                      0.114    74.170 r  u_alu/u_algorithm/u_div/y1__1119/CO[3]
                         net (fo=1, routed)           0.000    74.170    u_alu/u_algorithm/u_div/y1__1119_n_0
    SLICE_X103Y99        CARRY4 (Prop_carry4_CI_CO[3])
                                                      0.114    74.284 r  u_alu/u_algorithm/u_div/y1__1120/CO[3]
                         net (fo=1, routed)           0.001    74.285    u_alu/u_algorithm/u_div/y1__1120_n_0
    SLICE_X103Y100       CARRY4 (Prop_carry4_CI_CO[0])
                                                      0.271    74.556 r  u_alu/u_algorithm/u_div/y1__1121/CO[0]
                         net (fo=34, routed)          0.731    75.287    u_alu/u_algorithm/u_div/y10_in[7]
    SLICE_X102Y100       LUT5 (Prop_lut5_I0_O)        0.373    75.660 r  u_alu/u_algorithm/u_div/y1__1122_i_4/O
                         net (fo=1, routed)           0.000    75.660    u_alu/u_algorithm/u_div/y1__1122_i_4_n_0
    SLICE_X102Y100       CARRY4 (Prop_carry4_S[1]_CO[3])
                                                      0.533    76.193 r  u_alu/u_algorithm/u_div/y1__1122/CO[3]
                         net (fo=1, routed)           0.000    76.193    u_alu/u_algorithm/u_div/y1__1122_n_0
    SLICE_X102Y101       CARRY4 (Prop_carry4_CI_CO[3])
                                                      0.117    76.310 r  u_alu/u_algorithm/u_div/y1__1123/CO[3]
                         net (fo=1, routed)           0.000    76.310    u_alu/u_algorithm/u_div/y1__1123_n_0
    SLICE_X102Y102       CARRY4 (Prop_carry4_CI_CO[3])
                                                      0.117    76.427 r  u_alu/u_algorithm/u_div/y1__1124/CO[3]
                         net (fo=1, routed)           0.000    76.427    u_alu/u_algorithm/u_div/y1__1124_n_0
    SLICE_X102Y103       CARRY4 (Prop_carry4_CI_CO[3])
                                                      0.117    76.544 r  u_alu/u_algorithm/u_div/y1__1125/CO[3]
                         net (fo=1, routed)           0.000    76.544    u_alu/u_algorithm/u_div/y1__1125_n_0
    SLICE_X102Y104       CARRY4 (Prop_carry4_CI_CO[3])
                                                      0.117    76.661 r  u_alu/u_algorithm/u_div/y1__1126/CO[3]
                         net (fo=1, routed)           0.000    76.661    u_alu/u_algorithm/u_div/y1__1126_n_0
    SLICE_X102Y105       CARRY4 (Prop_carry4_CI_CO[3])
                                                      0.117    76.778 r  u_alu/u_algorithm/u_div/y1__1127/CO[3]
                         net (fo=1, routed)           0.000    76.778    u_alu/u_algorithm/u_div/y1__1127_n_0
    SLICE_X102Y106       CARRY4 (Prop_carry4_CI_CO[3])
                                                      0.117    76.895 r  u_alu/u_algorithm/u_div/y1__1128/CO[3]
                         net (fo=1, routed)           0.000    76.895    u_alu/u_algorithm/u_div/y1__1128_n_0
    SLICE_X102Y107       CARRY4 (Prop_carry4_CI_CO[0])
                                                      0.254    77.149 r  u_alu/u_algorithm/u_div/y1__1129/CO[0]
                         net (fo=33, routed)          0.660    77.809    u_alu/u_algorithm/u_div/y10_in[6]
    SLICE_X103Y106       LUT5 (Prop_lut5_I3_O)        0.367    78.176 r  u_alu/u_algorithm/u_div/y1__1130_i_5/O
                         net (fo=1, routed)           0.000    78.176    u_alu/u_algorithm/u_div/y1__1130_i_5_n_0
    SLICE_X103Y106       CARRY4 (Prop_carry4_S[0]_CO[3])
                                                      0.532    78.708 r  u_alu/u_algorithm/u_div/y1__1130/CO[3]
                         net (fo=1, routed)           0.000    78.708    u_alu/u_algorithm/u_div/y1__1130_n_0
    SLICE_X103Y107       CARRY4 (Prop_carry4_CI_CO[3])
                                                      0.114    78.822 r  u_alu/u_algorithm/u_div/y1__1131/CO[3]
                         net (fo=1, routed)           0.000    78.822    u_alu/u_algorithm/u_div/y1__1131_n_0
    SLICE_X103Y108       CARRY4 (Prop_carry4_CI_CO[3])
                                                      0.114    78.936 r  u_alu/u_algorithm/u_div/y1__1132/CO[3]
                         net (fo=1, routed)           0.000    78.936    u_alu/u_algorithm/u_div/y1__1132_n_0
    SLICE_X103Y109       CARRY4 (Prop_carry4_CI_CO[3])
                                                      0.114    79.050 r  u_alu/u_algorithm/u_div/y1__1133/CO[3]
                         net (fo=1, routed)           0.000    79.050    u_alu/u_algorithm/u_div/y1__1133_n_0
    SLICE_X103Y110       CARRY4 (Prop_carry4_CI_CO[3])
                                                      0.114    79.164 r  u_alu/u_algorithm/u_div/y1__1134/CO[3]
                         net (fo=1, routed)           0.000    79.164    u_alu/u_algorithm/u_div/y1__1134_n_0
    SLICE_X103Y111       CARRY4 (Prop_carry4_CI_CO[3])
                                                      0.114    79.278 r  u_alu/u_algorithm/u_div/y1__1135/CO[3]
                         net (fo=1, routed)           0.000    79.278    u_alu/u_algorithm/u_div/y1__1135_n_0
    SLICE_X103Y112       CARRY4 (Prop_carry4_CI_CO[3])
                                                      0.114    79.392 r  u_alu/u_algorithm/u_div/y1__1136/CO[3]
                         net (fo=1, routed)           0.000    79.392    u_alu/u_algorithm/u_div/y1__1136_n_0
    SLICE_X103Y113       CARRY4 (Prop_carry4_CI_CO[0])
                                                      0.271    79.663 r  u_alu/u_algorithm/u_div/y1__1137/CO[0]
                         net (fo=33, routed)          0.644    80.307    u_alu/u_algorithm/u_div/y10_in[5]
    SLICE_X104Y112       CARRY4 (Prop_carry4_CYINIT_CO[3])
                                                      0.844    81.151 r  u_alu/u_algorithm/u_div/y1__1138/CO[3]
                         net (fo=1, routed)           0.000    81.151    u_alu/u_algorithm/u_div/y1__1138_n_0
    SLICE_X104Y113       CARRY4 (Prop_carry4_CI_CO[3])
                                                      0.117    81.268 r  u_alu/u_algorithm/u_div/y1__1139/CO[3]
                         net (fo=1, routed)           0.000    81.268    u_alu/u_algorithm/u_div/y1__1139_n_0
    SLICE_X104Y114       CARRY4 (Prop_carry4_CI_CO[3])
                                                      0.117    81.385 r  u_alu/u_algorithm/u_div/y1__1140/CO[3]
                         net (fo=1, routed)           0.000    81.385    u_alu/u_algorithm/u_div/y1__1140_n_0
    SLICE_X104Y115       CARRY4 (Prop_carry4_CI_CO[3])
                                                      0.117    81.502 r  u_alu/u_algorithm/u_div/y1__1141/CO[3]
                         net (fo=1, routed)           0.000    81.502    u_alu/u_algorithm/u_div/y1__1141_n_0
    SLICE_X104Y116       CARRY4 (Prop_carry4_CI_CO[3])
                                                      0.117    81.619 r  u_alu/u_algorithm/u_div/y1__1142/CO[3]
                         net (fo=1, routed)           0.000    81.619    u_alu/u_algorithm/u_div/y1__1142_n_0
    SLICE_X104Y117       CARRY4 (Prop_carry4_CI_CO[3])
                                                      0.117    81.736 r  u_alu/u_algorithm/u_div/y1__1143/CO[3]
                         net (fo=1, routed)           0.000    81.736    u_alu/u_algorithm/u_div/y1__1143_n_0
    SLICE_X104Y118       CARRY4 (Prop_carry4_CI_CO[3])
                                                      0.117    81.853 r  u_alu/u_algorithm/u_div/y1__1144/CO[3]
                         net (fo=1, routed)           0.000    81.853    u_alu/u_algorithm/u_div/y1__1144_n_0
    SLICE_X104Y119       CARRY4 (Prop_carry4_CI_CO[1])
                                                      0.157    82.010 r  u_alu/u_algorithm/u_div/y1__1145/CO[1]
                         net (fo=34, routed)          0.729    82.739    u_alu/u_algorithm/u_div/y10_in[4]
    SLICE_X103Y119       LUT4 (Prop_lut4_I3_O)        0.332    83.071 r  u_alu/u_algorithm/u_div/y1__1146_i_4/O
                         net (fo=1, routed)           0.000    83.071    u_alu/u_algorithm/u_div/y1__1146_i_4_n_0
    SLICE_X103Y119       CARRY4 (Prop_carry4_S[1]_CO[3])
                                                      0.550    83.621 r  u_alu/u_algorithm/u_div/y1__1146/CO[3]
                         net (fo=1, routed)           0.000    83.621    u_alu/u_algorithm/u_div/y1__1146_n_0
    SLICE_X103Y120       CARRY4 (Prop_carry4_CI_CO[3])
                                                      0.114    83.735 r  u_alu/u_algorithm/u_div/y1__1147/CO[3]
                         net (fo=1, routed)           0.000    83.735    u_alu/u_algorithm/u_div/y1__1147_n_0
    SLICE_X103Y121       CARRY4 (Prop_carry4_CI_CO[3])
                                                      0.114    83.849 r  u_alu/u_algorithm/u_div/y1__1148/CO[3]
                         net (fo=1, routed)           0.000    83.849    u_alu/u_algorithm/u_div/y1__1148_n_0
    SLICE_X103Y122       CARRY4 (Prop_carry4_CI_CO[3])
                                                      0.114    83.963 r  u_alu/u_algorithm/u_div/y1__1149/CO[3]
                         net (fo=1, routed)           0.000    83.963    u_alu/u_algorithm/u_div/y1__1149_n_0
    SLICE_X103Y123       CARRY4 (Prop_carry4_CI_CO[3])
                                                      0.114    84.077 r  u_alu/u_algorithm/u_div/y1__1150/CO[3]
                         net (fo=1, routed)           0.000    84.077    u_alu/u_algorithm/u_div/y1__1150_n_0
    SLICE_X103Y124       CARRY4 (Prop_carry4_CI_CO[3])
                                                      0.114    84.191 r  u_alu/u_algorithm/u_div/y1__1151/CO[3]
                         net (fo=1, routed)           0.009    84.200    u_alu/u_algorithm/u_div/y1__1151_n_0
    SLICE_X103Y125       CARRY4 (Prop_carry4_CI_CO[3])
                                                      0.114    84.314 r  u_alu/u_algorithm/u_div/y1__1152/CO[3]
                         net (fo=1, routed)           0.000    84.314    u_alu/u_algorithm/u_div/y1__1152_n_0
    SLICE_X103Y126       CARRY4 (Prop_carry4_CI_CO[1])
                                                      0.157    84.471 r  u_alu/u_algorithm/u_div/y1__1153/CO[1]
                         net (fo=34, routed)          0.699    85.170    u_alu/u_algorithm/u_div/y10_in[3]
    SLICE_X102Y126       LUT4 (Prop_lut4_I3_O)        0.329    85.499 r  u_alu/u_algorithm/u_div/y1__1154_i_4/O
                         net (fo=1, routed)           0.000    85.499    u_alu/u_algorithm/u_div/y1__1154_i_4_n_0
    SLICE_X102Y126       CARRY4 (Prop_carry4_S[1]_CO[3])
                                                      0.533    86.032 r  u_alu/u_algorithm/u_div/y1__1154/CO[3]
                         net (fo=1, routed)           0.000    86.032    u_alu/u_algorithm/u_div/y1__1154_n_0
    SLICE_X102Y127       CARRY4 (Prop_carry4_CI_CO[3])
                                                      0.117    86.149 r  u_alu/u_algorithm/u_div/y1__1155/CO[3]
                         net (fo=1, routed)           0.000    86.149    u_alu/u_algorithm/u_div/y1__1155_n_0
    SLICE_X102Y128       CARRY4 (Prop_carry4_CI_CO[3])
                                                      0.117    86.266 r  u_alu/u_algorithm/u_div/y1__1156/CO[3]
                         net (fo=1, routed)           0.000    86.266    u_alu/u_algorithm/u_div/y1__1156_n_0
    SLICE_X102Y129       CARRY4 (Prop_carry4_CI_CO[3])
                                                      0.117    86.383 r  u_alu/u_algorithm/u_div/y1__1157/CO[3]
                         net (fo=1, routed)           0.000    86.383    u_alu/u_algorithm/u_div/y1__1157_n_0
    SLICE_X102Y130       CARRY4 (Prop_carry4_CI_CO[3])
                                                      0.117    86.500 r  u_alu/u_algorithm/u_div/y1__1158/CO[3]
                         net (fo=1, routed)           0.000    86.500    u_alu/u_algorithm/u_div/y1__1158_n_0
    SLICE_X102Y131       CARRY4 (Prop_carry4_CI_CO[3])
                                                      0.117    86.617 r  u_alu/u_algorithm/u_div/y1__1159/CO[3]
                         net (fo=1, routed)           0.000    86.617    u_alu/u_algorithm/u_div/y1__1159_n_0
    SLICE_X102Y132       CARRY4 (Prop_carry4_CI_CO[3])
                                                      0.117    86.734 r  u_alu/u_algorithm/u_div/y1__1160/CO[3]
                         net (fo=1, routed)           0.000    86.734    u_alu/u_algorithm/u_div/y1__1160_n_0
    SLICE_X102Y133       CARRY4 (Prop_carry4_CI_CO[1])
                                                      0.157    86.891 r  u_alu/u_algorithm/u_div/y1__1161/CO[1]
                         net (fo=34, routed)          0.701    87.592    u_alu/u_algorithm/u_div/y10_in[2]
    SLICE_X103Y131       LUT4 (Prop_lut4_I3_O)        0.332    87.924 r  u_alu/u_algorithm/u_div/y1__1162_i_4/O
                         net (fo=1, routed)           0.000    87.924    u_alu/u_algorithm/u_div/y1__1162_i_4_n_0
    SLICE_X103Y131       CARRY4 (Prop_carry4_S[1]_CO[3])
                                                      0.550    88.474 r  u_alu/u_algorithm/u_div/y1__1162/CO[3]
                         net (fo=1, routed)           0.000    88.474    u_alu/u_algorithm/u_div/y1__1162_n_0
    SLICE_X103Y132       CARRY4 (Prop_carry4_CI_CO[3])
                                                      0.114    88.588 r  u_alu/u_algorithm/u_div/y1__1163/CO[3]
                         net (fo=1, routed)           0.000    88.588    u_alu/u_algorithm/u_div/y1__1163_n_0
    SLICE_X103Y133       CARRY4 (Prop_carry4_CI_CO[3])
                                                      0.114    88.702 r  u_alu/u_algorithm/u_div/y1__1164/CO[3]
                         net (fo=1, routed)           0.000    88.702    u_alu/u_algorithm/u_div/y1__1164_n_0
    SLICE_X103Y134       CARRY4 (Prop_carry4_CI_CO[3])
                                                      0.114    88.816 r  u_alu/u_algorithm/u_div/y1__1165/CO[3]
                         net (fo=1, routed)           0.000    88.816    u_alu/u_algorithm/u_div/y1__1165_n_0
    SLICE_X103Y135       CARRY4 (Prop_carry4_CI_CO[3])
                                                      0.114    88.930 r  u_alu/u_algorithm/u_div/y1__1166/CO[3]
                         net (fo=1, routed)           0.000    88.930    u_alu/u_algorithm/u_div/y1__1166_n_0
    SLICE_X103Y136       CARRY4 (Prop_carry4_CI_CO[3])
                                                      0.114    89.044 r  u_alu/u_algorithm/u_div/y1__1167/CO[3]
                         net (fo=1, routed)           0.000    89.044    u_alu/u_algorithm/u_div/y1__1167_n_0
    SLICE_X103Y137       CARRY4 (Prop_carry4_CI_CO[3])
                                                      0.114    89.158 r  u_alu/u_algorithm/u_div/y1__1168/CO[3]
                         net (fo=1, routed)           0.000    89.158    u_alu/u_algorithm/u_div/y1__1168_n_0
    SLICE_X103Y138       CARRY4 (Prop_carry4_CI_CO[1])
                                                      0.157    89.315 r  u_alu/u_algorithm/u_div/y1__1169/CO[1]
                         net (fo=34, routed)          0.926    90.241    u_alu/u_algorithm/u_div/y10_in[1]
    SLICE_X102Y134       LUT5 (Prop_lut5_I0_O)        0.329    90.570 r  u_alu/u_algorithm/u_div/y1__1170_i_4/O
                         net (fo=1, routed)           0.000    90.570    u_alu/u_algorithm/u_div/y1__1170_i_4_n_0
    SLICE_X102Y134       CARRY4 (Prop_carry4_S[1]_CO[3])
                                                      0.533    91.103 r  u_alu/u_algorithm/u_div/y1__1170/CO[3]
                         net (fo=1, routed)           0.000    91.103    u_alu/u_algorithm/u_div/y1__1170_n_0
    SLICE_X102Y135       CARRY4 (Prop_carry4_CI_CO[3])
                                                      0.117    91.220 r  u_alu/u_algorithm/u_div/y1__1171/CO[3]
                         net (fo=1, routed)           0.000    91.220    u_alu/u_algorithm/u_div/y1__1171_n_0
    SLICE_X102Y136       CARRY4 (Prop_carry4_CI_CO[3])
                                                      0.117    91.337 r  u_alu/u_algorithm/u_div/y1__1172/CO[3]
                         net (fo=1, routed)           0.000    91.337    u_alu/u_algorithm/u_div/y1__1172_n_0
    SLICE_X102Y137       CARRY4 (Prop_carry4_CI_CO[3])
                                                      0.117    91.454 r  u_alu/u_algorithm/u_div/y1__1173/CO[3]
                         net (fo=1, routed)           0.000    91.454    u_alu/u_algorithm/u_div/y1__1173_n_0
    SLICE_X102Y138       CARRY4 (Prop_carry4_CI_CO[3])
                                                      0.117    91.571 r  u_alu/u_algorithm/u_div/y1__1174/CO[3]
                         net (fo=1, routed)           0.000    91.571    u_alu/u_algorithm/u_div/y1__1174_n_0
    SLICE_X102Y139       CARRY4 (Prop_carry4_CI_CO[3])
                                                      0.117    91.688 r  u_alu/u_algorithm/u_div/y1__1175/CO[3]
                         net (fo=1, routed)           0.000    91.688    u_alu/u_algorithm/u_div/y1__1175_n_0
    SLICE_X102Y140       CARRY4 (Prop_carry4_CI_CO[3])
                                                      0.117    91.805 r  u_alu/u_algorithm/u_div/y1__1176/CO[3]
                         net (fo=1, routed)           0.000    91.805    u_alu/u_algorithm/u_div/y1__1176_n_0
    SLICE_X102Y141       CARRY4 (Prop_carry4_CI_CO[0])
                                                      0.254    92.059 f  u_alu/u_algorithm/u_div/y1__1177/CO[0]
                         net (fo=2, routed)           0.308    92.367    u_alu/u_algorithm/u_div/y10_in[0]
    SLICE_X103Y143       LUT1 (Prop_lut1_I0_O)        0.367    92.734 r  u_alu/u_algorithm/u_div/y[4]_i_3/O
                         net (fo=1, routed)           0.332    93.066    u_alu/u_algorithm/u_div/p_0_in[0]
    SLICE_X102Y145       CARRY4 (Prop_carry4_CYINIT_CO[3])
                                                      0.595    93.661 r  u_alu/u_algorithm/u_div/y_reg[4]_i_2/CO[3]
                         net (fo=1, routed)           0.000    93.661    u_alu/u_algorithm/u_div/y_reg[4]_i_2_n_0
    SLICE_X102Y146       CARRY4 (Prop_carry4_CI_CO[3])
                                                      0.117    93.778 r  u_alu/u_algorithm/u_div/y_reg[8]_i_2/CO[3]
                         net (fo=1, routed)           0.000    93.778    u_alu/u_algorithm/u_div/y_reg[8]_i_2_n_0
    SLICE_X102Y147       CARRY4 (Prop_carry4_CI_O[1])
                                                      0.323    94.101 r  u_alu/u_algorithm/u_div/y_reg[12]_i_2/O[1]
                         net (fo=1, routed)           0.295    94.396    u_alu/u_algorithm/u_div/y1[10]
    SLICE_X103Y147       LUT5 (Prop_lut5_I1_O)        0.306    94.702 r  u_alu/u_algorithm/u_div/y[10]_i_1/O
                         net (fo=1, routed)           0.000    94.702    u_alu/u_algorithm/u_div/y[10]_i_1_n_0
    SLICE_X103Y147       FDCE                                         r  u_alu/u_algorithm/u_div/y_reg[10]/D
  -------------------------------------------------------------------    -------------------

                         (clock sys_clk_pin rise edge)
                                                      8.000     8.000 r  
    H16                                               0.000     8.000 r  clk (IN)
                         net (fo=0)                   0.000     8.000    clk
    H16                  IBUF (Prop_ibuf_I_O)         1.380     9.380 r  clk_IBUF_inst/O
                         net (fo=1, routed)           2.293    11.673    clk_IBUF
    BUFGCTRL_X0Y16       BUFG (Prop_bufg_I_O)         0.091    11.764 r  clk_IBUF_BUFG_inst/O
                         net (fo=126, routed)         1.784    13.549    u_alu/u_algorithm/u_div/clk_IBUF_BUFG
    SLICE_X103Y147       FDCE                                         r  u_alu/u_algorithm/u_div/y_reg[10]/C
                         clock pessimism              0.309    13.858    
                         clock uncertainty           -0.035    13.822    
    SLICE_X103Y147       FDCE (Setup_fdce_C_D)        0.031    13.853    u_alu/u_algorithm/u_div/y_reg[10]
  -------------------------------------------------------------------
                         required time                         13.853    
                         arrival time                         -94.702    
  -------------------------------------------------------------------
                         slack                                -80.849    

Slack (VIOLATED) :        -80.846ns  (required time - arrival time)
  Source:                 B_in_reg[4]_replica_8/C
                            (rising edge-triggered cell FDCE clocked by sys_clk_pin  {rise@0.000ns fall@4.000ns period=8.000ns})
  Destination:            u_alu/u_algorithm/u_div/y_reg[12]/D
                            (rising edge-triggered cell FDCE clocked by sys_clk_pin  {rise@0.000ns fall@4.000ns period=8.000ns})
  Path Group:             sys_clk_pin
  Path Type:              Setup (Max at Slow Process Corner)
  Requirement:            8.000ns  (sys_clk_pin rise@8.000ns - sys_clk_pin rise@0.000ns)
  Data Path Delay:        88.744ns  (logic 61.463ns (69.258%)  route 27.281ns (30.742%))
  Logic Levels:           290  (CARRY4=257 LUT1=2 LUT2=1 LUT4=5 LUT5=24 LUT6=1)
  Clock Path Skew:        -0.098ns (DCD - SCD + CPR)
    Destination Clock Delay (DCD):    5.548ns = ( 13.548 - 8.000 ) 
    Source Clock Delay      (SCD):    5.955ns
    Clock Pessimism Removal (CPR):    0.309ns
  Clock Uncertainty:      0.035ns  ((TSJ^2 + TIJ^2)^1/2 + DJ) / 2 + PE
    Total System Jitter     (TSJ):    0.071ns
    Total Input Jitter      (TIJ):    0.000ns
    Discrete Jitter          (DJ):    0.000ns
    Phase Error              (PE):    0.000ns

    Location             Delay type                Incr(ns)  Path(ns)    Netlist Resource(s)
  -------------------------------------------------------------------    -------------------
                         (clock sys_clk_pin rise edge)
                                                      0.000     0.000 r  
    H16                                               0.000     0.000 r  clk (IN)
                         net (fo=0)                   0.000     0.000    clk
    H16                  IBUF (Prop_ibuf_I_O)         1.451     1.451 r  clk_IBUF_inst/O
                         net (fo=1, routed)           2.522     3.973    clk_IBUF
    BUFGCTRL_X0Y16       BUFG (Prop_bufg_I_O)         0.101     4.074 r  clk_IBUF_BUFG_inst/O
                         net (fo=126, routed)         1.881     5.955    clk_IBUF_BUFG
    SLICE_X107Y6         FDCE                                         r  B_in_reg[4]_replica_8/C
  -------------------------------------------------------------------    -------------------
    SLICE_X107Y6         FDCE (Prop_fdce_C_Q)         0.456     6.411 f  B_in_reg[4]_replica_8/Q
                         net (fo=1, routed)           0.403     6.814    u_alu/u_algorithm/u_div/B_in_reg_n_0_[4]_repN_8_alias
    SLICE_X107Y7         LUT1 (Prop_lut1_I0_O)        0.124     6.938 r  u_alu/u_algorithm/u_div/y20_carry__0_i_4/O
                         net (fo=1, routed)           0.000     6.938    u_alu/u_algorithm/u_div/y20_carry__0_i_4_n_0
    SLICE_X107Y7         CARRY4 (Prop_carry4_S[0]_CO[3])
                                                      0.532     7.470 r  u_alu/u_algorithm/u_div/y20_carry__0/CO[3]
                         net (fo=1, routed)           0.000     7.470    u_alu/u_algorithm/u_div/y20_carry__0_n_0
    SLICE_X107Y8         CARRY4 (Prop_carry4_CI_CO[3])
                                                      0.114     7.584 r  u_alu/u_algorithm/u_div/y20_carry__1/CO[3]
                         net (fo=1, routed)           0.000     7.584    u_alu/u_algorithm/u_div/y20_carry__1_n_0
    SLICE_X107Y9         CARRY4 (Prop_carry4_CI_CO[0])
                                                      0.271     7.855 r  u_alu/u_algorithm/u_div/y1__925_i_9/CO[0]
                         net (fo=528, routed)         0.879     8.734    u_alu/u_algorithm/u_div/y1__925_i_9_n_3
    SLICE_X106Y6         LUT2 (Prop_lut2_I0_O)        0.373     9.107 r  u_alu/u_algorithm/u_div/y1__926_i_7/O
                         net (fo=1, routed)           0.000     9.107    u_alu/u_algorithm/u_div/y1__926_i_7_n_0
    SLICE_X106Y6         CARRY4 (Prop_carry4_S[1]_CO[3])
                                                      0.550     9.657 r  u_alu/u_algorithm/u_div/y1__926/CO[3]
                         net (fo=1, routed)           0.000     9.657    u_alu/u_algorithm/u_div/y1__926_n_0
    SLICE_X106Y7         CARRY4 (Prop_carry4_CI_CO[3])
                                                      0.114     9.771 r  u_alu/u_algorithm/u_div/y1__927/CO[3]
                         net (fo=1, routed)           0.000     9.771    u_alu/u_algorithm/u_div/y1__927_n_0
    SLICE_X106Y8         CARRY4 (Prop_carry4_CI_CO[3])
                                                      0.114     9.885 r  u_alu/u_algorithm/u_div/y1__928/CO[3]
                         net (fo=1, routed)           0.000     9.885    u_alu/u_algorithm/u_div/y1__928_n_0
    SLICE_X106Y9         CARRY4 (Prop_carry4_CI_CO[2])
                                                      0.228    10.113 r  u_alu/u_algorithm/u_div/y1__929/CO[2]
                         net (fo=33, routed)          1.062    11.175    u_alu/u_algorithm/u_div/y1__929_n_1
    SLICE_X105Y4         LUT5 (Prop_lut5_I0_O)        0.313    11.488 r  u_alu/u_algorithm/u_div/y1__931_i_3/O
                         net (fo=1, routed)           0.000    11.488    u_alu/u_algorithm/u_div/y1__931_i_3_n_0
    SLICE_X105Y4         CARRY4 (Prop_carry4_S[1]_CO[3])
                                                      0.550    12.038 r  u_alu/u_algorithm/u_div/y1__931/CO[3]
                         net (fo=1, routed)           0.000    12.038    u_alu/u_algorithm/u_div/y1__931_n_0
    SLICE_X105Y5         CARRY4 (Prop_carry4_CI_CO[3])
                                                      0.114    12.152 r  u_alu/u_algorithm/u_div/y1__932/CO[3]
                         net (fo=1, routed)           0.000    12.152    u_alu/u_algorithm/u_div/y1__932_n_0
    SLICE_X105Y6         CARRY4 (Prop_carry4_CI_CO[3])
                                                      0.114    12.266 r  u_alu/u_algorithm/u_div/y1__933/CO[3]
                         net (fo=1, routed)           0.000    12.266    u_alu/u_algorithm/u_div/y1__933_n_0
    SLICE_X105Y7         CARRY4 (Prop_carry4_CI_CO[3])
                                                      0.114    12.380 r  u_alu/u_algorithm/u_div/y1__934/CO[3]
                         net (fo=1, routed)           0.000    12.380    u_alu/u_algorithm/u_div/y1__934_n_0
    SLICE_X105Y8         CARRY4 (Prop_carry4_CI_CO[3])
                                                      0.114    12.494 r  u_alu/u_algorithm/u_div/y1__935/CO[3]
                         net (fo=1, routed)           0.000    12.494    u_alu/u_algorithm/u_div/y1__935_n_0
    SLICE_X105Y9         CARRY4 (Prop_carry4_CI_CO[3])
                                                      0.114    12.608 r  u_alu/u_algorithm/u_div/y1__936/CO[3]
                         net (fo=1, routed)           0.000    12.608    u_alu/u_algorithm/u_div/y1__936_n_0
    SLICE_X105Y10        CARRY4 (Prop_carry4_CI_CO[0])
                                                      0.271    12.879 r  u_alu/u_algorithm/u_div/y1__937/CO[0]
                         net (fo=33, routed)          0.688    13.567    u_alu/u_algorithm/u_div/y1__937_n_3
    SLICE_X104Y8         LUT4 (Prop_lut4_I3_O)        0.373    13.940 r  u_alu/u_algorithm/u_div/y1__938_i_5/O
                         net (fo=1, routed)           0.000    13.940    u_alu/u_algorithm/u_div/y1__938_i_5_n_0
    SLICE_X104Y8         CARRY4 (Prop_carry4_S[0]_CO[3])
                                                      0.513    14.453 r  u_alu/u_algorithm/u_div/y1__938/CO[3]
                         net (fo=1, routed)           0.000    14.453    u_alu/u_algorithm/u_div/y1__938_n_0
    SLICE_X104Y9         CARRY4 (Prop_carry4_CI_CO[3])
                                                      0.117    14.570 r  u_alu/u_algorithm/u_div/y1__939/CO[3]
                         net (fo=1, routed)           0.000    14.570    u_alu/u_algorithm/u_div/y1__939_n_0
    SLICE_X104Y10        CARRY4 (Prop_carry4_CI_CO[3])
                                                      0.117    14.687 r  u_alu/u_algorithm/u_div/y1__940/CO[3]
                         net (fo=1, routed)           0.000    14.687    u_alu/u_algorithm/u_div/y1__940_n_0
    SLICE_X104Y11        CARRY4 (Prop_carry4_CI_CO[3])
                                                      0.117    14.804 r  u_alu/u_algorithm/u_div/y1__941/CO[3]
                         net (fo=1, routed)           0.000    14.804    u_alu/u_algorithm/u_div/y1__941_n_0
    SLICE_X104Y12        CARRY4 (Prop_carry4_CI_CO[3])
                                                      0.117    14.921 r  u_alu/u_algorithm/u_div/y1__942/CO[3]
                         net (fo=1, routed)           0.000    14.921    u_alu/u_algorithm/u_div/y1__942_n_0
    SLICE_X104Y13        CARRY4 (Prop_carry4_CI_CO[3])
                                                      0.117    15.038 r  u_alu/u_algorithm/u_div/y1__943/CO[3]
                         net (fo=1, routed)           0.000    15.038    u_alu/u_algorithm/u_div/y1__943_n_0
    SLICE_X104Y14        CARRY4 (Prop_carry4_CI_CO[3])
                                                      0.117    15.155 r  u_alu/u_algorithm/u_div/y1__944/CO[3]
                         net (fo=1, routed)           0.000    15.155    u_alu/u_algorithm/u_div/y1__944_n_0
    SLICE_X104Y15        CARRY4 (Prop_carry4_CI_CO[0])
                                                      0.254    15.409 r  u_alu/u_algorithm/u_div/y1__945/CO[0]
                         net (fo=33, routed)          1.164    16.573    u_alu/u_algorithm/u_div/y1__945_n_3
    SLICE_X103Y3         LUT4 (Prop_lut4_I3_O)        0.367    16.940 r  u_alu/u_algorithm/u_div/y1__946_i_5/O
                         net (fo=1, routed)           0.000    16.940    u_alu/u_algorithm/u_div/y1__946_i_5_n_0
    SLICE_X103Y3         CARRY4 (Prop_carry4_S[0]_CO[3])
                                                      0.532    17.472 r  u_alu/u_algorithm/u_div/y1__946/CO[3]
                         net (fo=1, routed)           0.000    17.472    u_alu/u_algorithm/u_div/y1__946_n_0
    SLICE_X103Y4         CARRY4 (Prop_carry4_CI_CO[3])
                                                      0.114    17.586 r  u_alu/u_algorithm/u_div/y1__947/CO[3]
                         net (fo=1, routed)           0.000    17.586    u_alu/u_algorithm/u_div/y1__947_n_0
    SLICE_X103Y5         CARRY4 (Prop_carry4_CI_CO[3])
                                                      0.114    17.700 r  u_alu/u_algorithm/u_div/y1__948/CO[3]
                         net (fo=1, routed)           0.000    17.700    u_alu/u_algorithm/u_div/y1__948_n_0
    SLICE_X103Y6         CARRY4 (Prop_carry4_CI_CO[3])
                                                      0.114    17.814 r  u_alu/u_algorithm/u_div/y1__949/CO[3]
                         net (fo=1, routed)           0.000    17.814    u_alu/u_algorithm/u_div/y1__949_n_0
    SLICE_X103Y7         CARRY4 (Prop_carry4_CI_CO[3])
                                                      0.114    17.928 r  u_alu/u_algorithm/u_div/y1__950/CO[3]
                         net (fo=1, routed)           0.000    17.928    u_alu/u_algorithm/u_div/y1__950_n_0
    SLICE_X103Y8         CARRY4 (Prop_carry4_CI_CO[3])
                                                      0.114    18.042 r  u_alu/u_algorithm/u_div/y1__951/CO[3]
                         net (fo=1, routed)           0.000    18.042    u_alu/u_algorithm/u_div/y1__951_n_0
    SLICE_X103Y9         CARRY4 (Prop_carry4_CI_CO[3])
                                                      0.114    18.156 r  u_alu/u_algorithm/u_div/y1__952/CO[3]
                         net (fo=1, routed)           0.000    18.156    u_alu/u_algorithm/u_div/y1__952_n_0
    SLICE_X103Y10        CARRY4 (Prop_carry4_CI_CO[0])
                                                      0.271    18.427 r  u_alu/u_algorithm/u_div/y1__953/CO[0]
                         net (fo=32, routed)          0.629    19.056    u_alu/u_algorithm/u_div/y1__953_n_3
    SLICE_X103Y2         LUT6 (Prop_lut6_I5_O)        0.373    19.429 r  u_alu/u_algorithm/u_div/y1__954_i_5/O
                         net (fo=1, routed)           0.711    20.140    u_alu/u_algorithm/u_div/y1__954_i_5_n_0
    SLICE_X104Y0         CARRY4 (Prop_carry4_S[0]_CO[3])
                                                      0.637    20.777 r  u_alu/u_algorithm/u_div/y1__954/CO[3]
                         net (fo=1, routed)           0.000    20.777    u_alu/u_algorithm/u_div/y1__954_n_0
    SLICE_X104Y1         CARRY4 (Prop_carry4_CI_CO[3])
                                                      0.117    20.894 r  u_alu/u_algorithm/u_div/y1__955/CO[3]
                         net (fo=1, routed)           0.000    20.894    u_alu/u_algorithm/u_div/y1__955_n_0
    SLICE_X104Y2         CARRY4 (Prop_carry4_CI_CO[3])
                                                      0.117    21.011 r  u_alu/u_algorithm/u_div/y1__956/CO[3]
                         net (fo=1, routed)           0.000    21.011    u_alu/u_algorithm/u_div/y1__956_n_0
    SLICE_X104Y3         CARRY4 (Prop_carry4_CI_CO[3])
                                                      0.117    21.128 r  u_alu/u_algorithm/u_div/y1__957/CO[3]
                         net (fo=1, routed)           0.000    21.128    u_alu/u_algorithm/u_div/y1__957_n_0
    SLICE_X104Y4         CARRY4 (Prop_carry4_CI_CO[3])
                                                      0.117    21.245 r  u_alu/u_algorithm/u_div/y1__958/CO[3]
                         net (fo=1, routed)           0.000    21.245    u_alu/u_algorithm/u_div/y1__958_n_0
    SLICE_X104Y5         CARRY4 (Prop_carry4_CI_CO[3])
                                                      0.117    21.362 r  u_alu/u_algorithm/u_div/y1__959/CO[3]
                         net (fo=1, routed)           0.000    21.362    u_alu/u_algorithm/u_div/y1__959_n_0
    SLICE_X104Y6         CARRY4 (Prop_carry4_CI_CO[3])
                                                      0.117    21.479 r  u_alu/u_algorithm/u_div/y1__960/CO[3]
                         net (fo=1, routed)           0.000    21.479    u_alu/u_algorithm/u_div/y1__960_n_0
    SLICE_X104Y7         CARRY4 (Prop_carry4_CI_CO[0])
                                                      0.254    21.733 r  u_alu/u_algorithm/u_div/y1__961/CO[0]
                         net (fo=32, routed)          0.922    22.655    u_alu/u_algorithm/u_div/y1__961_n_3
    SLICE_X102Y2         LUT5 (Prop_lut5_I3_O)        0.367    23.022 r  u_alu/u_algorithm/u_div/y1__962_i_5/O
                         net (fo=1, routed)           0.000    23.022    u_alu/u_algorithm/u_div/y1__962_i_5_n_0
    SLICE_X102Y2         CARRY4 (Prop_carry4_S[0]_CO[3])
                                                      0.513    23.535 r  u_alu/u_algorithm/u_div/y1__962/CO[3]
                         net (fo=1, routed)           0.000    23.535    u_alu/u_algorithm/u_div/y1__962_n_0
    SLICE_X102Y3         CARRY4 (Prop_carry4_CI_CO[3])
                                                      0.117    23.652 r  u_alu/u_algorithm/u_div/y1__963/CO[3]
                         net (fo=1, routed)           0.000    23.652    u_alu/u_algorithm/u_div/y1__963_n_0
    SLICE_X102Y4         CARRY4 (Prop_carry4_CI_CO[3])
                                                      0.117    23.769 r  u_alu/u_algorithm/u_div/y1__964/CO[3]
                         net (fo=1, routed)           0.000    23.769    u_alu/u_algorithm/u_div/y1__964_n_0
    SLICE_X102Y5         CARRY4 (Prop_carry4_CI_CO[3])
                                                      0.117    23.886 r  u_alu/u_algorithm/u_div/y1__965/CO[3]
                         net (fo=1, routed)           0.000    23.886    u_alu/u_algorithm/u_div/y1__965_n_0
    SLICE_X102Y6         CARRY4 (Prop_carry4_CI_CO[3])
                                                      0.117    24.003 r  u_alu/u_algorithm/u_div/y1__966/CO[3]
                         net (fo=1, routed)           0.000    24.003    u_alu/u_algorithm/u_div/y1__966_n_0
    SLICE_X102Y7         CARRY4 (Prop_carry4_CI_CO[3])
                                                      0.117    24.120 r  u_alu/u_algorithm/u_div/y1__967/CO[3]
                         net (fo=1, routed)           0.000    24.120    u_alu/u_algorithm/u_div/y1__967_n_0
    SLICE_X102Y8         CARRY4 (Prop_carry4_CI_CO[3])
                                                      0.117    24.237 r  u_alu/u_algorithm/u_div/y1__968/CO[3]
                         net (fo=1, routed)           0.000    24.237    u_alu/u_algorithm/u_div/y1__968_n_0
    SLICE_X102Y9         CARRY4 (Prop_carry4_CI_CO[0])
                                                      0.254    24.491 r  u_alu/u_algorithm/u_div/y1__969/CO[0]
                         net (fo=32, routed)          1.118    25.608    u_alu/u_algorithm/u_div/y1__969_n_3
    SLICE_X101Y2         LUT5 (Prop_lut5_I3_O)        0.367    25.975 r  u_alu/u_algorithm/u_div/y1__970_i_5/O
                         net (fo=1, routed)           0.000    25.975    u_alu/u_algorithm/u_div/y1__970_i_5_n_0
    SLICE_X101Y2         CARRY4 (Prop_carry4_S[0]_CO[3])
                                                      0.532    26.507 r  u_alu/u_algorithm/u_div/y1__970/CO[3]
                         net (fo=1, routed)           0.000    26.507    u_alu/u_algorithm/u_div/y1__970_n_0
    SLICE_X101Y3         CARRY4 (Prop_carry4_CI_CO[3])
                                                      0.114    26.621 r  u_alu/u_algorithm/u_div/y1__971/CO[3]
                         net (fo=1, routed)           0.000    26.621    u_alu/u_algorithm/u_div/y1__971_n_0
    SLICE_X101Y4         CARRY4 (Prop_carry4_CI_CO[3])
                                                      0.114    26.735 r  u_alu/u_algorithm/u_div/y1__972/CO[3]
                         net (fo=1, routed)           0.000    26.735    u_alu/u_algorithm/u_div/y1__972_n_0
    SLICE_X101Y5         CARRY4 (Prop_carry4_CI_CO[3])
                                                      0.114    26.849 r  u_alu/u_algorithm/u_div/y1__973/CO[3]
                         net (fo=1, routed)           0.000    26.849    u_alu/u_algorithm/u_div/y1__973_n_0
    SLICE_X101Y6         CARRY4 (Prop_carry4_CI_CO[3])
                                                      0.114    26.963 r  u_alu/u_algorithm/u_div/y1__974/CO[3]
                         net (fo=1, routed)           0.000    26.963    u_alu/u_algorithm/u_div/y1__974_n_0
    SLICE_X101Y7         CARRY4 (Prop_carry4_CI_CO[3])
                                                      0.114    27.077 r  u_alu/u_algorithm/u_div/y1__975/CO[3]
                         net (fo=1, routed)           0.000    27.077    u_alu/u_algorithm/u_div/y1__975_n_0
    SLICE_X101Y8         CARRY4 (Prop_carry4_CI_CO[3])
                                                      0.114    27.191 r  u_alu/u_algorithm/u_div/y1__976/CO[3]
                         net (fo=1, routed)           0.000    27.191    u_alu/u_algorithm/u_div/y1__976_n_0
    SLICE_X101Y9         CARRY4 (Prop_carry4_CI_CO[0])
                                                      0.271    27.462 r  u_alu/u_algorithm/u_div/y1__977/CO[0]
                         net (fo=32, routed)          0.945    28.407    u_alu/u_algorithm/u_div/y1__977_n_3
    SLICE_X100Y1         CARRY4 (Prop_carry4_CYINIT_CO[3])
                                                      0.844    29.251 r  u_alu/u_algorithm/u_div/y1__978/CO[3]
                         net (fo=1, routed)           0.000    29.251    u_alu/u_algorithm/u_div/y1__978_n_0
    SLICE_X100Y2         CARRY4 (Prop_carry4_CI_CO[3])
                                                      0.117    29.368 r  u_alu/u_algorithm/u_div/y1__979/CO[3]
                         net (fo=1, routed)           0.000    29.368    u_alu/u_algorithm/u_div/y1__979_n_0
    SLICE_X100Y3         CARRY4 (Prop_carry4_CI_CO[3])
                                                      0.117    29.485 r  u_alu/u_algorithm/u_div/y1__980/CO[3]
                         net (fo=1, routed)           0.000    29.485    u_alu/u_algorithm/u_div/y1__980_n_0
    SLICE_X100Y4         CARRY4 (Prop_carry4_CI_CO[3])
                                                      0.117    29.602 r  u_alu/u_algorithm/u_div/y1__981/CO[3]
                         net (fo=1, routed)           0.000    29.602    u_alu/u_algorithm/u_div/y1__981_n_0
    SLICE_X100Y5         CARRY4 (Prop_carry4_CI_CO[3])
                                                      0.117    29.719 r  u_alu/u_algorithm/u_div/y1__982/CO[3]
                         net (fo=1, routed)           0.000    29.719    u_alu/u_algorithm/u_div/y1__982_n_0
    SLICE_X100Y6         CARRY4 (Prop_carry4_CI_CO[3])
                                                      0.117    29.836 r  u_alu/u_algorithm/u_div/y1__983/CO[3]
                         net (fo=1, routed)           0.000    29.836    u_alu/u_algorithm/u_div/y1__983_n_0
    SLICE_X100Y7         CARRY4 (Prop_carry4_CI_CO[3])
                                                      0.117    29.953 r  u_alu/u_algorithm/u_div/y1__984/CO[3]
                         net (fo=1, routed)           0.000    29.953    u_alu/u_algorithm/u_div/y1__984_n_0
    SLICE_X100Y8         CARRY4 (Prop_carry4_CI_CO[0])
                                                      0.254    30.207 r  u_alu/u_algorithm/u_div/y1__985/CO[0]
                         net (fo=32, routed)          1.112    31.319    u_alu/u_algorithm/u_div/y1__985_n_3
    SLICE_X98Y0          LUT5 (Prop_lut5_I3_O)        0.367    31.686 r  u_alu/u_algorithm/u_div/y1__986_i_5/O
                         net (fo=1, routed)           0.000    31.686    u_alu/u_algorithm/u_div/y1__986_i_5_n_0
    SLICE_X98Y0          CARRY4 (Prop_carry4_S[0]_CO[3])
                                                      0.513    32.199 r  u_alu/u_algorithm/u_div/y1__986/CO[3]
                         net (fo=1, routed)           0.000    32.199    u_alu/u_algorithm/u_div/y1__986_n_0
    SLICE_X98Y1          CARRY4 (Prop_carry4_CI_CO[3])
                                                      0.117    32.316 r  u_alu/u_algorithm/u_div/y1__987/CO[3]
                         net (fo=1, routed)           0.000    32.316    u_alu/u_algorithm/u_div/y1__987_n_0
    SLICE_X98Y2          CARRY4 (Prop_carry4_CI_CO[3])
                                                      0.117    32.433 r  u_alu/u_algorithm/u_div/y1__988/CO[3]
                         net (fo=1, routed)           0.000    32.433    u_alu/u_algorithm/u_div/y1__988_n_0
    SLICE_X98Y3          CARRY4 (Prop_carry4_CI_CO[3])
                                                      0.117    32.550 r  u_alu/u_algorithm/u_div/y1__989/CO[3]
                         net (fo=1, routed)           0.000    32.550    u_alu/u_algorithm/u_div/y1__989_n_0
    SLICE_X98Y4          CARRY4 (Prop_carry4_CI_CO[3])
                                                      0.117    32.667 r  u_alu/u_algorithm/u_div/y1__990/CO[3]
                         net (fo=1, routed)           0.000    32.667    u_alu/u_algorithm/u_div/y1__990_n_0
    SLICE_X98Y5          CARRY4 (Prop_carry4_CI_CO[3])
                                                      0.117    32.784 r  u_alu/u_algorithm/u_div/y1__991/CO[3]
                         net (fo=1, routed)           0.000    32.784    u_alu/u_algorithm/u_div/y1__991_n_0
    SLICE_X98Y6          CARRY4 (Prop_carry4_CI_CO[3])
                                                      0.117    32.901 r  u_alu/u_algorithm/u_div/y1__992/CO[3]
                         net (fo=1, routed)           0.000    32.901    u_alu/u_algorithm/u_div/y1__992_n_0
    SLICE_X98Y7          CARRY4 (Prop_carry4_CI_CO[0])
                                                      0.254    33.155 r  u_alu/u_algorithm/u_div/y1__993/CO[0]
                         net (fo=32, routed)          0.951    34.105    u_alu/u_algorithm/u_div/y1__993_n_3
    SLICE_X96Y1          LUT5 (Prop_lut5_I3_O)        0.367    34.472 r  u_alu/u_algorithm/u_div/y1__994_i_5/O
                         net (fo=1, routed)           0.000    34.472    u_alu/u_algorithm/u_div/y1__994_i_5_n_0
    SLICE_X96Y1          CARRY4 (Prop_carry4_S[0]_CO[3])
                                                      0.513    34.985 r  u_alu/u_algorithm/u_div/y1__994/CO[3]
                         net (fo=1, routed)           0.000    34.985    u_alu/u_algorithm/u_div/y1__994_n_0
    SLICE_X96Y2          CARRY4 (Prop_carry4_CI_CO[3])
                                                      0.117    35.102 r  u_alu/u_algorithm/u_div/y1__995/CO[3]
                         net (fo=1, routed)           0.000    35.102    u_alu/u_algorithm/u_div/y1__995_n_0
    SLICE_X96Y3          CARRY4 (Prop_carry4_CI_CO[3])
                                                      0.117    35.219 r  u_alu/u_algorithm/u_div/y1__996/CO[3]
                         net (fo=1, routed)           0.000    35.219    u_alu/u_algorithm/u_div/y1__996_n_0
    SLICE_X96Y4          CARRY4 (Prop_carry4_CI_CO[3])
                                                      0.117    35.336 r  u_alu/u_algorithm/u_div/y1__997/CO[3]
                         net (fo=1, routed)           0.000    35.336    u_alu/u_algorithm/u_div/y1__997_n_0
    SLICE_X96Y5          CARRY4 (Prop_carry4_CI_CO[3])
                                                      0.117    35.453 r  u_alu/u_algorithm/u_div/y1__998/CO[3]
                         net (fo=1, routed)           0.000    35.453    u_alu/u_algorithm/u_div/y1__998_n_0
    SLICE_X96Y6          CARRY4 (Prop_carry4_CI_CO[3])
                                                      0.117    35.570 r  u_alu/u_algorithm/u_div/y1__999/CO[3]
                         net (fo=1, routed)           0.000    35.570    u_alu/u_algorithm/u_div/y1__999_n_0
    SLICE_X96Y7          CARRY4 (Prop_carry4_CI_CO[3])
                                                      0.117    35.687 r  u_alu/u_algorithm/u_div/y1__1000/CO[3]
                         net (fo=1, routed)           0.000    35.687    u_alu/u_algorithm/u_div/y1__1000_n_0
    SLICE_X96Y8          CARRY4 (Prop_carry4_CI_CO[0])
                                                      0.254    35.941 r  u_alu/u_algorithm/u_div/y1__1001/CO[0]
                         net (fo=32, routed)          0.985    36.926    u_alu/u_algorithm/u_div/y1__1001_n_3
    SLICE_X95Y3          LUT5 (Prop_lut5_I3_O)        0.367    37.293 r  u_alu/u_algorithm/u_div/y1__1002_i_5/O
                         net (fo=1, routed)           0.000    37.293    u_alu/u_algorithm/u_div/y1__1002_i_5_n_0
    SLICE_X95Y3          CARRY4 (Prop_carry4_S[0]_CO[3])
                                                      0.532    37.825 r  u_alu/u_algorithm/u_div/y1__1002/CO[3]
                         net (fo=1, routed)           0.000    37.825    u_alu/u_algorithm/u_div/y1__1002_n_0
    SLICE_X95Y4          CARRY4 (Prop_carry4_CI_CO[3])
                                                      0.114    37.939 r  u_alu/u_algorithm/u_div/y1__1003/CO[3]
                         net (fo=1, routed)           0.000    37.939    u_alu/u_algorithm/u_div/y1__1003_n_0
    SLICE_X95Y5          CARRY4 (Prop_carry4_CI_CO[3])
                                                      0.114    38.053 r  u_alu/u_algorithm/u_div/y1__1004/CO[3]
                         net (fo=1, routed)           0.000    38.053    u_alu/u_algorithm/u_div/y1__1004_n_0
    SLICE_X95Y6          CARRY4 (Prop_carry4_CI_CO[3])
                                                      0.114    38.167 r  u_alu/u_algorithm/u_div/y1__1005/CO[3]
                         net (fo=1, routed)           0.000    38.167    u_alu/u_algorithm/u_div/y1__1005_n_0
    SLICE_X95Y7          CARRY4 (Prop_carry4_CI_CO[3])
                                                      0.114    38.281 r  u_alu/u_algorithm/u_div/y1__1006/CO[3]
                         net (fo=1, routed)           0.000    38.281    u_alu/u_algorithm/u_div/y1__1006_n_0
    SLICE_X95Y8          CARRY4 (Prop_carry4_CI_CO[3])
                                                      0.114    38.395 r  u_alu/u_algorithm/u_div/y1__1007/CO[3]
                         net (fo=1, routed)           0.000    38.395    u_alu/u_algorithm/u_div/y1__1007_n_0
    SLICE_X95Y9          CARRY4 (Prop_carry4_CI_CO[3])
                                                      0.114    38.509 r  u_alu/u_algorithm/u_div/y1__1008/CO[3]
                         net (fo=1, routed)           0.000    38.509    u_alu/u_algorithm/u_div/y1__1008_n_0
    SLICE_X95Y10         CARRY4 (Prop_carry4_CI_CO[0])
                                                      0.271    38.780 r  u_alu/u_algorithm/u_div/y1__1009/CO[0]
                         net (fo=32, routed)          0.863    39.643    u_alu/u_algorithm/u_div/y1__1009_n_3
    SLICE_X97Y7          LUT5 (Prop_lut5_I3_O)        0.373    40.016 r  u_alu/u_algorithm/u_div/y1__1010_i_5/O
                         net (fo=1, routed)           0.000    40.016    u_alu/u_algorithm/u_div/y1__1010_i_5_n_0
    SLICE_X97Y7          CARRY4 (Prop_carry4_S[0]_CO[3])
                                                      0.532    40.548 r  u_alu/u_algorithm/u_div/y1__1010/CO[3]
                         net (fo=1, routed)           0.000    40.548    u_alu/u_algorithm/u_div/y1__1010_n_0
    SLICE_X97Y8          CARRY4 (Prop_carry4_CI_CO[3])
                                                      0.114    40.662 r  u_alu/u_algorithm/u_div/y1__1011/CO[3]
                         net (fo=1, routed)           0.000    40.662    u_alu/u_algorithm/u_div/y1__1011_n_0
    SLICE_X97Y9          CARRY4 (Prop_carry4_CI_CO[3])
                                                      0.114    40.776 r  u_alu/u_algorithm/u_div/y1__1012/CO[3]
                         net (fo=1, routed)           0.000    40.776    u_alu/u_algorithm/u_div/y1__1012_n_0
    SLICE_X97Y10         CARRY4 (Prop_carry4_CI_CO[3])
                                                      0.114    40.890 r  u_alu/u_algorithm/u_div/y1__1013/CO[3]
                         net (fo=1, routed)           0.000    40.890    u_alu/u_algorithm/u_div/y1__1013_n_0
    SLICE_X97Y11         CARRY4 (Prop_carry4_CI_CO[3])
                                                      0.114    41.004 r  u_alu/u_algorithm/u_div/y1__1014/CO[3]
                         net (fo=1, routed)           0.000    41.004    u_alu/u_algorithm/u_div/y1__1014_n_0
    SLICE_X97Y12         CARRY4 (Prop_carry4_CI_CO[3])
                                                      0.114    41.118 r  u_alu/u_algorithm/u_div/y1__1015/CO[3]
                         net (fo=1, routed)           0.000    41.118    u_alu/u_algorithm/u_div/y1__1015_n_0
    SLICE_X97Y13         CARRY4 (Prop_carry4_CI_CO[3])
                                                      0.114    41.232 r  u_alu/u_algorithm/u_div/y1__1016/CO[3]
                         net (fo=1, routed)           0.000    41.232    u_alu/u_algorithm/u_div/y1__1016_n_0
    SLICE_X97Y14         CARRY4 (Prop_carry4_CI_CO[0])
                                                      0.271    41.503 r  u_alu/u_algorithm/u_div/y1__1017/CO[0]
                         net (fo=32, routed)          0.457    41.960    u_alu/u_algorithm/u_div/y1__1017_n_3
    SLICE_X100Y14        LUT5 (Prop_lut5_I3_O)        0.373    42.333 r  u_alu/u_algorithm/u_div/y1__1018_i_5/O
                         net (fo=1, routed)           0.402    42.736    u_alu/u_algorithm/u_div/y1__1018_i_5_n_0
    SLICE_X101Y13        CARRY4 (Prop_carry4_S[0]_CO[3])
                                                      0.656    43.392 r  u_alu/u_algorithm/u_div/y1__1018/CO[3]
                         net (fo=1, routed)           0.000    43.392    u_alu/u_algorithm/u_div/y1__1018_n_0
    SLICE_X101Y14        CARRY4 (Prop_carry4_CI_CO[3])
                                                      0.114    43.506 r  u_alu/u_algorithm/u_div/y1__1019/CO[3]
                         net (fo=1, routed)           0.000    43.506    u_alu/u_algorithm/u_div/y1__1019_n_0
    SLICE_X101Y15        CARRY4 (Prop_carry4_CI_CO[3])
                                                      0.114    43.620 r  u_alu/u_algorithm/u_div/y1__1020/CO[3]
                         net (fo=1, routed)           0.000    43.620    u_alu/u_algorithm/u_div/y1__1020_n_0
    SLICE_X101Y16        CARRY4 (Prop_carry4_CI_CO[3])
                                                      0.114    43.734 r  u_alu/u_algorithm/u_div/y1__1021/CO[3]
                         net (fo=1, routed)           0.000    43.734    u_alu/u_algorithm/u_div/y1__1021_n_0
    SLICE_X101Y17        CARRY4 (Prop_carry4_CI_CO[3])
                                                      0.114    43.848 r  u_alu/u_algorithm/u_div/y1__1022/CO[3]
                         net (fo=1, routed)           0.000    43.848    u_alu/u_algorithm/u_div/y1__1022_n_0
    SLICE_X101Y18        CARRY4 (Prop_carry4_CI_CO[3])
                                                      0.114    43.962 r  u_alu/u_algorithm/u_div/y1__1023/CO[3]
                         net (fo=1, routed)           0.000    43.962    u_alu/u_algorithm/u_div/y1__1023_n_0
    SLICE_X101Y19        CARRY4 (Prop_carry4_CI_CO[3])
                                                      0.114    44.076 r  u_alu/u_algorithm/u_div/y1__1024/CO[3]
                         net (fo=1, routed)           0.000    44.076    u_alu/u_algorithm/u_div/y1__1024_n_0
    SLICE_X101Y20        CARRY4 (Prop_carry4_CI_CO[0])
                                                      0.271    44.347 r  u_alu/u_algorithm/u_div/y1__1025/CO[0]
                         net (fo=32, routed)          0.826    45.173    u_alu/u_algorithm/u_div/y1__1025_n_3
    SLICE_X102Y19        LUT5 (Prop_lut5_I3_O)        0.373    45.546 r  u_alu/u_algorithm/u_div/y1__1026_i_5/O
                         net (fo=1, routed)           0.000    45.546    u_alu/u_algorithm/u_div/y1__1026_i_5_n_0
    SLICE_X102Y19        CARRY4 (Prop_carry4_S[0]_CO[3])
                                                      0.513    46.059 r  u_alu/u_algorithm/u_div/y1__1026/CO[3]
                         net (fo=1, routed)           0.000    46.059    u_alu/u_algorithm/u_div/y1__1026_n_0
    SLICE_X102Y20        CARRY4 (Prop_carry4_CI_CO[3])
                                                      0.117    46.176 r  u_alu/u_algorithm/u_div/y1__1027/CO[3]
                         net (fo=1, routed)           0.000    46.176    u_alu/u_algorithm/u_div/y1__1027_n_0
    SLICE_X102Y21        CARRY4 (Prop_carry4_CI_CO[3])
                                                      0.117    46.293 r  u_alu/u_algorithm/u_div/y1__1028/CO[3]
                         net (fo=1, routed)           0.000    46.293    u_alu/u_algorithm/u_div/y1__1028_n_0
    SLICE_X102Y22        CARRY4 (Prop_carry4_CI_CO[3])
                                                      0.117    46.410 r  u_alu/u_algorithm/u_div/y1__1029/CO[3]
                         net (fo=1, routed)           0.000    46.410    u_alu/u_algorithm/u_div/y1__1029_n_0
    SLICE_X102Y23        CARRY4 (Prop_carry4_CI_CO[3])
                                                      0.117    46.527 r  u_alu/u_algorithm/u_div/y1__1030/CO[3]
                         net (fo=1, routed)           0.000    46.527    u_alu/u_algorithm/u_div/y1__1030_n_0
    SLICE_X102Y24        CARRY4 (Prop_carry4_CI_CO[3])
                                                      0.117    46.644 r  u_alu/u_algorithm/u_div/y1__1031/CO[3]
                         net (fo=1, routed)           0.009    46.653    u_alu/u_algorithm/u_div/y1__1031_n_0
    SLICE_X102Y25        CARRY4 (Prop_carry4_CI_CO[3])
                                                      0.117    46.770 r  u_alu/u_algorithm/u_div/y1__1032/CO[3]
                         net (fo=1, routed)           0.000    46.770    u_alu/u_algorithm/u_div/y1__1032_n_0
    SLICE_X102Y26        CARRY4 (Prop_carry4_CI_CO[0])
                                                      0.254    47.024 r  u_alu/u_algorithm/u_div/y1__1033/CO[0]
                         net (fo=32, routed)          0.740    47.764    u_alu/u_algorithm/u_div/y1__1033_n_3
    SLICE_X103Y26        LUT5 (Prop_lut5_I3_O)        0.367    48.131 r  u_alu/u_algorithm/u_div/y1__1034_i_5/O
                         net (fo=1, routed)           0.000    48.131    u_alu/u_algorithm/u_div/y1__1034_i_5_n_0
    SLICE_X103Y26        CARRY4 (Prop_carry4_S[0]_CO[3])
                                                      0.532    48.663 r  u_alu/u_algorithm/u_div/y1__1034/CO[3]
                         net (fo=1, routed)           0.000    48.663    u_alu/u_algorithm/u_div/y1__1034_n_0
    SLICE_X103Y27        CARRY4 (Prop_carry4_CI_CO[3])
                                                      0.114    48.777 r  u_alu/u_algorithm/u_div/y1__1035/CO[3]
                         net (fo=1, routed)           0.000    48.777    u_alu/u_algorithm/u_div/y1__1035_n_0
    SLICE_X103Y28        CARRY4 (Prop_carry4_CI_CO[3])
                                                      0.114    48.891 r  u_alu/u_algorithm/u_div/y1__1036/CO[3]
                         net (fo=1, routed)           0.000    48.891    u_alu/u_algorithm/u_div/y1__1036_n_0
    SLICE_X103Y29        CARRY4 (Prop_carry4_CI_CO[3])
                                                      0.114    49.005 r  u_alu/u_algorithm/u_div/y1__1037/CO[3]
                         net (fo=1, routed)           0.000    49.005    u_alu/u_algorithm/u_div/y1__1037_n_0
    SLICE_X103Y30        CARRY4 (Prop_carry4_CI_CO[3])
                                                      0.114    49.119 r  u_alu/u_algorithm/u_div/y1__1038/CO[3]
                         net (fo=1, routed)           0.000    49.119    u_alu/u_algorithm/u_div/y1__1038_n_0
    SLICE_X103Y31        CARRY4 (Prop_carry4_CI_CO[3])
                                                      0.114    49.233 r  u_alu/u_algorithm/u_div/y1__1039/CO[3]
                         net (fo=1, routed)           0.000    49.233    u_alu/u_algorithm/u_div/y1__1039_n_0
    SLICE_X103Y32        CARRY4 (Prop_carry4_CI_CO[3])
                                                      0.114    49.347 r  u_alu/u_algorithm/u_div/y1__1040/CO[3]
                         net (fo=1, routed)           0.000    49.347    u_alu/u_algorithm/u_div/y1__1040_n_0
    SLICE_X103Y33        CARRY4 (Prop_carry4_CI_CO[0])
                                                      0.271    49.618 r  u_alu/u_algorithm/u_div/y1__1041/CO[0]
                         net (fo=32, routed)          0.528    50.146    u_alu/u_algorithm/u_div/y1__1041_n_3
    SLICE_X102Y33        LUT5 (Prop_lut5_I0_O)        0.373    50.519 r  u_alu/u_algorithm/u_div/y1__1042_i_4/O
                         net (fo=1, routed)           0.000    50.519    u_alu/u_algorithm/u_div/y1__1042_i_4_n_0
    SLICE_X102Y33        CARRY4 (Prop_carry4_S[1]_CO[3])
                                                      0.533    51.052 r  u_alu/u_algorithm/u_div/y1__1042/CO[3]
                         net (fo=1, routed)           0.000    51.052    u_alu/u_algorithm/u_div/y1__1042_n_0
    SLICE_X102Y34        CARRY4 (Prop_carry4_CI_CO[3])
                                                      0.117    51.169 r  u_alu/u_algorithm/u_div/y1__1043/CO[3]
                         net (fo=1, routed)           0.000    51.169    u_alu/u_algorithm/u_div/y1__1043_n_0
    SLICE_X102Y35        CARRY4 (Prop_carry4_CI_CO[3])
                                                      0.117    51.286 r  u_alu/u_algorithm/u_div/y1__1044/CO[3]
                         net (fo=1, routed)           0.000    51.286    u_alu/u_algorithm/u_div/y1__1044_n_0
    SLICE_X102Y36        CARRY4 (Prop_carry4_CI_CO[3])
                                                      0.117    51.403 r  u_alu/u_algorithm/u_div/y1__1045/CO[3]
                         net (fo=1, routed)           0.000    51.403    u_alu/u_algorithm/u_div/y1__1045_n_0
    SLICE_X102Y37        CARRY4 (Prop_carry4_CI_CO[3])
                                                      0.117    51.520 r  u_alu/u_algorithm/u_div/y1__1046/CO[3]
                         net (fo=1, routed)           0.000    51.520    u_alu/u_algorithm/u_div/y1__1046_n_0
    SLICE_X102Y38        CARRY4 (Prop_carry4_CI_CO[3])
                                                      0.117    51.637 r  u_alu/u_algorithm/u_div/y1__1047/CO[3]
                         net (fo=1, routed)           0.000    51.637    u_alu/u_algorithm/u_div/y1__1047_n_0
    SLICE_X102Y39        CARRY4 (Prop_carry4_CI_CO[3])
                                                      0.117    51.754 r  u_alu/u_algorithm/u_div/y1__1048/CO[3]
                         net (fo=1, routed)           0.000    51.754    u_alu/u_algorithm/u_div/y1__1048_n_0
    SLICE_X102Y40        CARRY4 (Prop_carry4_CI_CO[0])
                                                      0.254    52.008 r  u_alu/u_algorithm/u_div/y1__1049/CO[0]
                         net (fo=32, routed)          0.672    52.680    u_alu/u_algorithm/u_div/y1__1049_n_3
    SLICE_X103Y39        LUT5 (Prop_lut5_I3_O)        0.367    53.047 r  u_alu/u_algorithm/u_div/y1__1050_i_5/O
                         net (fo=1, routed)           0.000    53.047    u_alu/u_algorithm/u_div/y1__1050_i_5_n_0
    SLICE_X103Y39        CARRY4 (Prop_carry4_S[0]_CO[3])
                                                      0.532    53.579 r  u_alu/u_algorithm/u_div/y1__1050/CO[3]
                         net (fo=1, routed)           0.000    53.579    u_alu/u_algorithm/u_div/y1__1050_n_0
    SLICE_X103Y40        CARRY4 (Prop_carry4_CI_CO[3])
                                                      0.114    53.693 r  u_alu/u_algorithm/u_div/y1__1051/CO[3]
                         net (fo=1, routed)           0.000    53.693    u_alu/u_algorithm/u_div/y1__1051_n_0
    SLICE_X103Y41        CARRY4 (Prop_carry4_CI_CO[3])
                                                      0.114    53.807 r  u_alu/u_algorithm/u_div/y1__1052/CO[3]
                         net (fo=1, routed)           0.000    53.807    u_alu/u_algorithm/u_div/y1__1052_n_0
    SLICE_X103Y42        CARRY4 (Prop_carry4_CI_CO[3])
                                                      0.114    53.921 r  u_alu/u_algorithm/u_div/y1__1053/CO[3]
                         net (fo=1, routed)           0.000    53.921    u_alu/u_algorithm/u_div/y1__1053_n_0
    SLICE_X103Y43        CARRY4 (Prop_carry4_CI_CO[3])
                                                      0.114    54.035 r  u_alu/u_algorithm/u_div/y1__1054/CO[3]
                         net (fo=1, routed)           0.000    54.035    u_alu/u_algorithm/u_div/y1__1054_n_0
    SLICE_X103Y44        CARRY4 (Prop_carry4_CI_CO[3])
                                                      0.114    54.149 r  u_alu/u_algorithm/u_div/y1__1055/CO[3]
                         net (fo=1, routed)           0.000    54.149    u_alu/u_algorithm/u_div/y1__1055_n_0
    SLICE_X103Y45        CARRY4 (Prop_carry4_CI_CO[3])
                                                      0.114    54.263 r  u_alu/u_algorithm/u_div/y1__1056/CO[3]
                         net (fo=1, routed)           0.000    54.263    u_alu/u_algorithm/u_div/y1__1056_n_0
    SLICE_X103Y46        CARRY4 (Prop_carry4_CI_CO[0])
                                                      0.271    54.534 r  u_alu/u_algorithm/u_div/y1__1057/CO[0]
                         net (fo=34, routed)          0.528    55.061    u_alu/u_algorithm/u_div/y10_in[15]
    SLICE_X102Y46        LUT5 (Prop_lut5_I0_O)        0.373    55.434 r  u_alu/u_algorithm/u_div/y1__1058_i_4/O
                         net (fo=1, routed)           0.000    55.434    u_alu/u_algorithm/u_div/y1__1058_i_4_n_0
    SLICE_X102Y46        CARRY4 (Prop_carry4_S[1]_CO[3])
                                                      0.533    55.967 r  u_alu/u_algorithm/u_div/y1__1058/CO[3]
                         net (fo=1, routed)           0.000    55.967    u_alu/u_algorithm/u_div/y1__1058_n_0
    SLICE_X102Y47        CARRY4 (Prop_carry4_CI_CO[3])
                                                      0.117    56.084 r  u_alu/u_algorithm/u_div/y1__1059/CO[3]
                         net (fo=1, routed)           0.000    56.084    u_alu/u_algorithm/u_div/y1__1059_n_0
    SLICE_X102Y48        CARRY4 (Prop_carry4_CI_CO[3])
                                                      0.117    56.201 r  u_alu/u_algorithm/u_div/y1__1060/CO[3]
                         net (fo=1, routed)           0.000    56.201    u_alu/u_algorithm/u_div/y1__1060_n_0
    SLICE_X102Y49        CARRY4 (Prop_carry4_CI_CO[3])
                                                      0.117    56.318 r  u_alu/u_algorithm/u_div/y1__1061/CO[3]
                         net (fo=1, routed)           0.001    56.319    u_alu/u_algorithm/u_div/y1__1061_n_0
    SLICE_X102Y50        CARRY4 (Prop_carry4_CI_CO[3])
                                                      0.117    56.436 r  u_alu/u_algorithm/u_div/y1__1062/CO[3]
                         net (fo=1, routed)           0.000    56.436    u_alu/u_algorithm/u_div/y1__1062_n_0
    SLICE_X102Y51        CARRY4 (Prop_carry4_CI_CO[3])
                                                      0.117    56.553 r  u_alu/u_algorithm/u_div/y1__1063/CO[3]
                         net (fo=1, routed)           0.000    56.553    u_alu/u_algorithm/u_div/y1__1063_n_0
    SLICE_X102Y52        CARRY4 (Prop_carry4_CI_CO[3])
                                                      0.117    56.670 r  u_alu/u_algorithm/u_div/y1__1064/CO[3]
                         net (fo=1, routed)           0.000    56.670    u_alu/u_algorithm/u_div/y1__1064_n_0
    SLICE_X102Y53        CARRY4 (Prop_carry4_CI_CO[0])
                                                      0.254    56.924 r  u_alu/u_algorithm/u_div/y1__1065/CO[0]
                         net (fo=34, routed)          0.771    57.695    u_alu/u_algorithm/u_div/y10_in[14]
    SLICE_X103Y53        LUT5 (Prop_lut5_I3_O)        0.367    58.062 r  u_alu/u_algorithm/u_div/y1__1066_i_5/O
                         net (fo=1, routed)           0.000    58.062    u_alu/u_algorithm/u_div/y1__1066_i_5_n_0
    SLICE_X103Y53        CARRY4 (Prop_carry4_S[0]_CO[3])
                                                      0.532    58.594 r  u_alu/u_algorithm/u_div/y1__1066/CO[3]
                         net (fo=1, routed)           0.000    58.594    u_alu/u_algorithm/u_div/y1__1066_n_0
    SLICE_X103Y54        CARRY4 (Prop_carry4_CI_CO[3])
                                                      0.114    58.708 r  u_alu/u_algorithm/u_div/y1__1067/CO[3]
                         net (fo=1, routed)           0.000    58.708    u_alu/u_algorithm/u_div/y1__1067_n_0
    SLICE_X103Y55        CARRY4 (Prop_carry4_CI_CO[3])
                                                      0.114    58.822 r  u_alu/u_algorithm/u_div/y1__1068/CO[3]
                         net (fo=1, routed)           0.000    58.822    u_alu/u_algorithm/u_div/y1__1068_n_0
    SLICE_X103Y56        CARRY4 (Prop_carry4_CI_CO[3])
                                                      0.114    58.936 r  u_alu/u_algorithm/u_div/y1__1069/CO[3]
                         net (fo=1, routed)           0.000    58.936    u_alu/u_algorithm/u_div/y1__1069_n_0
    SLICE_X103Y57        CARRY4 (Prop_carry4_CI_CO[3])
                                                      0.114    59.050 r  u_alu/u_algorithm/u_div/y1__1070/CO[3]
                         net (fo=1, routed)           0.000    59.050    u_alu/u_algorithm/u_div/y1__1070_n_0
    SLICE_X103Y58        CARRY4 (Prop_carry4_CI_CO[3])
                                                      0.114    59.164 r  u_alu/u_algorithm/u_div/y1__1071/CO[3]
                         net (fo=1, routed)           0.000    59.164    u_alu/u_algorithm/u_div/y1__1071_n_0
    SLICE_X103Y59        CARRY4 (Prop_carry4_CI_CO[3])
                                                      0.114    59.278 r  u_alu/u_algorithm/u_div/y1__1072/CO[3]
                         net (fo=1, routed)           0.000    59.278    u_alu/u_algorithm/u_div/y1__1072_n_0
    SLICE_X103Y60        CARRY4 (Prop_carry4_CI_CO[0])
                                                      0.271    59.549 r  u_alu/u_algorithm/u_div/y1__1073/CO[0]
                         net (fo=34, routed)          0.680    60.228    u_alu/u_algorithm/u_div/y10_in[13]
    SLICE_X102Y59        LUT5 (Prop_lut5_I3_O)        0.373    60.601 r  u_alu/u_algorithm/u_div/y1__1074_i_5/O
                         net (fo=1, routed)           0.000    60.601    u_alu/u_algorithm/u_div/y1__1074_i_5_n_0
    SLICE_X102Y59        CARRY4 (Prop_carry4_S[0]_CO[3])
                                                      0.513    61.114 r  u_alu/u_algorithm/u_div/y1__1074/CO[3]
                         net (fo=1, routed)           0.000    61.114    u_alu/u_algorithm/u_div/y1__1074_n_0
    SLICE_X102Y60        CARRY4 (Prop_carry4_CI_CO[3])
                                                      0.117    61.231 r  u_alu/u_algorithm/u_div/y1__1075/CO[3]
                         net (fo=1, routed)           0.000    61.231    u_alu/u_algorithm/u_div/y1__1075_n_0
    SLICE_X102Y61        CARRY4 (Prop_carry4_CI_CO[3])
                                                      0.117    61.348 r  u_alu/u_algorithm/u_div/y1__1076/CO[3]
                         net (fo=1, routed)           0.000    61.348    u_alu/u_algorithm/u_div/y1__1076_n_0
    SLICE_X102Y62        CARRY4 (Prop_carry4_CI_CO[3])
                                                      0.117    61.465 r  u_alu/u_algorithm/u_div/y1__1077/CO[3]
                         net (fo=1, routed)           0.000    61.465    u_alu/u_algorithm/u_div/y1__1077_n_0
    SLICE_X102Y63        CARRY4 (Prop_carry4_CI_CO[3])
                                                      0.117    61.582 r  u_alu/u_algorithm/u_div/y1__1078/CO[3]
                         net (fo=1, routed)           0.000    61.582    u_alu/u_algorithm/u_div/y1__1078_n_0
    SLICE_X102Y64        CARRY4 (Prop_carry4_CI_CO[3])
                                                      0.117    61.699 r  u_alu/u_algorithm/u_div/y1__1079/CO[3]
                         net (fo=1, routed)           0.000    61.699    u_alu/u_algorithm/u_div/y1__1079_n_0
    SLICE_X102Y65        CARRY4 (Prop_carry4_CI_CO[3])
                                                      0.117    61.816 r  u_alu/u_algorithm/u_div/y1__1080/CO[3]
                         net (fo=1, routed)           0.000    61.816    u_alu/u_algorithm/u_div/y1__1080_n_0
    SLICE_X102Y66        CARRY4 (Prop_carry4_CI_CO[0])
                                                      0.254    62.070 r  u_alu/u_algorithm/u_div/y1__1081/CO[0]
                         net (fo=34, routed)          0.733    62.804    u_alu/u_algorithm/u_div/y10_in[12]
    SLICE_X103Y66        LUT5 (Prop_lut5_I3_O)        0.367    63.171 r  u_alu/u_algorithm/u_div/y1__1082_i_5/O
                         net (fo=1, routed)           0.000    63.171    u_alu/u_algorithm/u_div/y1__1082_i_5_n_0
    SLICE_X103Y66        CARRY4 (Prop_carry4_S[0]_CO[3])
                                                      0.532    63.703 r  u_alu/u_algorithm/u_div/y1__1082/CO[3]
                         net (fo=1, routed)           0.000    63.703    u_alu/u_algorithm/u_div/y1__1082_n_0
    SLICE_X103Y67        CARRY4 (Prop_carry4_CI_CO[3])
                                                      0.114    63.817 r  u_alu/u_algorithm/u_div/y1__1083/CO[3]
                         net (fo=1, routed)           0.000    63.817    u_alu/u_algorithm/u_div/y1__1083_n_0
    SLICE_X103Y68        CARRY4 (Prop_carry4_CI_CO[3])
                                                      0.114    63.931 r  u_alu/u_algorithm/u_div/y1__1084/CO[3]
                         net (fo=1, routed)           0.000    63.931    u_alu/u_algorithm/u_div/y1__1084_n_0
    SLICE_X103Y69        CARRY4 (Prop_carry4_CI_CO[3])
                                                      0.114    64.045 r  u_alu/u_algorithm/u_div/y1__1085/CO[3]
                         net (fo=1, routed)           0.000    64.045    u_alu/u_algorithm/u_div/y1__1085_n_0
    SLICE_X103Y70        CARRY4 (Prop_carry4_CI_CO[3])
                                                      0.114    64.159 r  u_alu/u_algorithm/u_div/y1__1086/CO[3]
                         net (fo=1, routed)           0.000    64.159    u_alu/u_algorithm/u_div/y1__1086_n_0
    SLICE_X103Y71        CARRY4 (Prop_carry4_CI_CO[3])
                                                      0.114    64.273 r  u_alu/u_algorithm/u_div/y1__1087/CO[3]
                         net (fo=1, routed)           0.000    64.273    u_alu/u_algorithm/u_div/y1__1087_n_0
    SLICE_X103Y72        CARRY4 (Prop_carry4_CI_CO[3])
                                                      0.114    64.387 r  u_alu/u_algorithm/u_div/y1__1088/CO[3]
                         net (fo=1, routed)           0.000    64.387    u_alu/u_algorithm/u_div/y1__1088_n_0
    SLICE_X103Y73        CARRY4 (Prop_carry4_CI_CO[0])
                                                      0.271    64.658 r  u_alu/u_algorithm/u_div/y1__1089/CO[0]
                         net (fo=34, routed)          0.528    65.185    u_alu/u_algorithm/u_div/y10_in[11]
    SLICE_X102Y73        LUT5 (Prop_lut5_I0_O)        0.373    65.558 r  u_alu/u_algorithm/u_div/y1__1090_i_4/O
                         net (fo=1, routed)           0.000    65.558    u_alu/u_algorithm/u_div/y1__1090_i_4_n_0
    SLICE_X102Y73        CARRY4 (Prop_carry4_S[1]_CO[3])
                                                      0.533    66.091 r  u_alu/u_algorithm/u_div/y1__1090/CO[3]
                         net (fo=1, routed)           0.000    66.091    u_alu/u_algorithm/u_div/y1__1090_n_0
    SLICE_X102Y74        CARRY4 (Prop_carry4_CI_CO[3])
                                                      0.117    66.208 r  u_alu/u_algorithm/u_div/y1__1091/CO[3]
                         net (fo=1, routed)           0.009    66.217    u_alu/u_algorithm/u_div/y1__1091_n_0
    SLICE_X102Y75        CARRY4 (Prop_carry4_CI_CO[3])
                                                      0.117    66.334 r  u_alu/u_algorithm/u_div/y1__1092/CO[3]
                         net (fo=1, routed)           0.000    66.334    u_alu/u_algorithm/u_div/y1__1092_n_0
    SLICE_X102Y76        CARRY4 (Prop_carry4_CI_CO[3])
                                                      0.117    66.451 r  u_alu/u_algorithm/u_div/y1__1093/CO[3]
                         net (fo=1, routed)           0.000    66.451    u_alu/u_algorithm/u_div/y1__1093_n_0
    SLICE_X102Y77        CARRY4 (Prop_carry4_CI_CO[3])
                                                      0.117    66.568 r  u_alu/u_algorithm/u_div/y1__1094/CO[3]
                         net (fo=1, routed)           0.000    66.568    u_alu/u_algorithm/u_div/y1__1094_n_0
    SLICE_X102Y78        CARRY4 (Prop_carry4_CI_CO[3])
                                                      0.117    66.685 r  u_alu/u_algorithm/u_div/y1__1095/CO[3]
                         net (fo=1, routed)           0.000    66.685    u_alu/u_algorithm/u_div/y1__1095_n_0
    SLICE_X102Y79        CARRY4 (Prop_carry4_CI_CO[3])
                                                      0.117    66.802 r  u_alu/u_algorithm/u_div/y1__1096/CO[3]
                         net (fo=1, routed)           0.000    66.802    u_alu/u_algorithm/u_div/y1__1096_n_0
    SLICE_X102Y80        CARRY4 (Prop_carry4_CI_CO[0])
                                                      0.254    67.056 r  u_alu/u_algorithm/u_div/y1__1097/CO[0]
                         net (fo=34, routed)          0.650    67.706    u_alu/u_algorithm/u_div/y10_in[10]
    SLICE_X103Y79        LUT5 (Prop_lut5_I3_O)        0.367    68.073 r  u_alu/u_algorithm/u_div/y1__1098_i_5/O
                         net (fo=1, routed)           0.000    68.073    u_alu/u_algorithm/u_div/y1__1098_i_5_n_0
    SLICE_X103Y79        CARRY4 (Prop_carry4_S[0]_CO[3])
                                                      0.532    68.605 r  u_alu/u_algorithm/u_div/y1__1098/CO[3]
                         net (fo=1, routed)           0.000    68.605    u_alu/u_algorithm/u_div/y1__1098_n_0
    SLICE_X103Y80        CARRY4 (Prop_carry4_CI_CO[3])
                                                      0.114    68.719 r  u_alu/u_algorithm/u_div/y1__1099/CO[3]
                         net (fo=1, routed)           0.000    68.719    u_alu/u_algorithm/u_div/y1__1099_n_0
    SLICE_X103Y81        CARRY4 (Prop_carry4_CI_CO[3])
                                                      0.114    68.833 r  u_alu/u_algorithm/u_div/y1__1100/CO[3]
                         net (fo=1, routed)           0.000    68.833    u_alu/u_algorithm/u_div/y1__1100_n_0
    SLICE_X103Y82        CARRY4 (Prop_carry4_CI_CO[3])
                                                      0.114    68.947 r  u_alu/u_algorithm/u_div/y1__1101/CO[3]
                         net (fo=1, routed)           0.000    68.947    u_alu/u_algorithm/u_div/y1__1101_n_0
    SLICE_X103Y83        CARRY4 (Prop_carry4_CI_CO[3])
                                                      0.114    69.061 r  u_alu/u_algorithm/u_div/y1__1102/CO[3]
                         net (fo=1, routed)           0.000    69.061    u_alu/u_algorithm/u_div/y1__1102_n_0
    SLICE_X103Y84        CARRY4 (Prop_carry4_CI_CO[3])
                                                      0.114    69.175 r  u_alu/u_algorithm/u_div/y1__1103/CO[3]
                         net (fo=1, routed)           0.000    69.175    u_alu/u_algorithm/u_div/y1__1103_n_0
    SLICE_X103Y85        CARRY4 (Prop_carry4_CI_CO[3])
                                                      0.114    69.289 r  u_alu/u_algorithm/u_div/y1__1104/CO[3]
                         net (fo=1, routed)           0.000    69.289    u_alu/u_algorithm/u_div/y1__1104_n_0
    SLICE_X103Y86        CARRY4 (Prop_carry4_CI_CO[0])
                                                      0.271    69.560 r  u_alu/u_algorithm/u_div/y1__1105/CO[0]
                         net (fo=34, routed)          0.545    70.105    u_alu/u_algorithm/u_div/y10_in[9]
    SLICE_X102Y86        LUT5 (Prop_lut5_I0_O)        0.373    70.478 r  u_alu/u_algorithm/u_div/y1__1106_i_4/O
                         net (fo=1, routed)           0.000    70.478    u_alu/u_algorithm/u_div/y1__1106_i_4_n_0
    SLICE_X102Y86        CARRY4 (Prop_carry4_S[1]_CO[3])
                                                      0.533    71.011 r  u_alu/u_algorithm/u_div/y1__1106/CO[3]
                         net (fo=1, routed)           0.000    71.011    u_alu/u_algorithm/u_div/y1__1106_n_0
    SLICE_X102Y87        CARRY4 (Prop_carry4_CI_CO[3])
                                                      0.117    71.128 r  u_alu/u_algorithm/u_div/y1__1107/CO[3]
                         net (fo=1, routed)           0.000    71.128    u_alu/u_algorithm/u_div/y1__1107_n_0
    SLICE_X102Y88        CARRY4 (Prop_carry4_CI_CO[3])
                                                      0.117    71.245 r  u_alu/u_algorithm/u_div/y1__1108/CO[3]
                         net (fo=1, routed)           0.000    71.245    u_alu/u_algorithm/u_div/y1__1108_n_0
    SLICE_X102Y89        CARRY4 (Prop_carry4_CI_CO[3])
                                                      0.117    71.362 r  u_alu/u_algorithm/u_div/y1__1109/CO[3]
                         net (fo=1, routed)           0.000    71.362    u_alu/u_algorithm/u_div/y1__1109_n_0
    SLICE_X102Y90        CARRY4 (Prop_carry4_CI_CO[3])
                                                      0.117    71.479 r  u_alu/u_algorithm/u_div/y1__1110/CO[3]
                         net (fo=1, routed)           0.000    71.479    u_alu/u_algorithm/u_div/y1__1110_n_0
    SLICE_X102Y91        CARRY4 (Prop_carry4_CI_CO[3])
                                                      0.117    71.595 r  u_alu/u_algorithm/u_div/y1__1111/CO[3]
                         net (fo=1, routed)           0.000    71.595    u_alu/u_algorithm/u_div/y1__1111_n_0
    SLICE_X102Y92        CARRY4 (Prop_carry4_CI_CO[3])
                                                      0.117    71.712 r  u_alu/u_algorithm/u_div/y1__1112/CO[3]
                         net (fo=1, routed)           0.000    71.712    u_alu/u_algorithm/u_div/y1__1112_n_0
    SLICE_X102Y93        CARRY4 (Prop_carry4_CI_CO[0])
                                                      0.254    71.966 r  u_alu/u_algorithm/u_div/y1__1113/CO[0]
                         net (fo=34, routed)          0.735    72.701    u_alu/u_algorithm/u_div/y10_in[8]
    SLICE_X103Y93        LUT5 (Prop_lut5_I3_O)        0.367    73.068 r  u_alu/u_algorithm/u_div/y1__1114_i_5/O
                         net (fo=1, routed)           0.000    73.068    u_alu/u_algorithm/u_div/y1__1114_i_5_n_0
    SLICE_X103Y93        CARRY4 (Prop_carry4_S[0]_CO[3])
                                                      0.532    73.600 r  u_alu/u_algorithm/u_div/y1__1114/CO[3]
                         net (fo=1, routed)           0.000    73.600    u_alu/u_algorithm/u_div/y1__1114_n_0
    SLICE_X103Y94        CARRY4 (Prop_carry4_CI_CO[3])
                                                      0.114    73.714 r  u_alu/u_algorithm/u_div/y1__1115/CO[3]
                         net (fo=1, routed)           0.000    73.714    u_alu/u_algorithm/u_div/y1__1115_n_0
    SLICE_X103Y95        CARRY4 (Prop_carry4_CI_CO[3])
                                                      0.114    73.828 r  u_alu/u_algorithm/u_div/y1__1116/CO[3]
                         net (fo=1, routed)           0.000    73.828    u_alu/u_algorithm/u_div/y1__1116_n_0
    SLICE_X103Y96        CARRY4 (Prop_carry4_CI_CO[3])
                                                      0.114    73.942 r  u_alu/u_algorithm/u_div/y1__1117/CO[3]
                         net (fo=1, routed)           0.000    73.942    u_alu/u_algorithm/u_div/y1__1117_n_0
    SLICE_X103Y97        CARRY4 (Prop_carry4_CI_CO[3])
                                                      0.114    74.056 r  u_alu/u_algorithm/u_div/y1__1118/CO[3]
                         net (fo=1, routed)           0.000    74.056    u_alu/u_algorithm/u_div/y1__1118_n_0
    SLICE_X103Y98        CARRY4 (Prop_carry4_CI_CO[3])
                                                      0.114    74.170 r  u_alu/u_algorithm/u_div/y1__1119/CO[3]
                         net (fo=1, routed)           0.000    74.170    u_alu/u_algorithm/u_div/y1__1119_n_0
    SLICE_X103Y99        CARRY4 (Prop_carry4_CI_CO[3])
                                                      0.114    74.284 r  u_alu/u_algorithm/u_div/y1__1120/CO[3]
                         net (fo=1, routed)           0.001    74.285    u_alu/u_algorithm/u_div/y1__1120_n_0
    SLICE_X103Y100       CARRY4 (Prop_carry4_CI_CO[0])
                                                      0.271    74.556 r  u_alu/u_algorithm/u_div/y1__1121/CO[0]
                         net (fo=34, routed)          0.731    75.287    u_alu/u_algorithm/u_div/y10_in[7]
    SLICE_X102Y100       LUT5 (Prop_lut5_I0_O)        0.373    75.660 r  u_alu/u_algorithm/u_div/y1__1122_i_4/O
                         net (fo=1, routed)           0.000    75.660    u_alu/u_algorithm/u_div/y1__1122_i_4_n_0
    SLICE_X102Y100       CARRY4 (Prop_carry4_S[1]_CO[3])
                                                      0.533    76.193 r  u_alu/u_algorithm/u_div/y1__1122/CO[3]
                         net (fo=1, routed)           0.000    76.193    u_alu/u_algorithm/u_div/y1__1122_n_0
    SLICE_X102Y101       CARRY4 (Prop_carry4_CI_CO[3])
                                                      0.117    76.310 r  u_alu/u_algorithm/u_div/y1__1123/CO[3]
                         net (fo=1, routed)           0.000    76.310    u_alu/u_algorithm/u_div/y1__1123_n_0
    SLICE_X102Y102       CARRY4 (Prop_carry4_CI_CO[3])
                                                      0.117    76.427 r  u_alu/u_algorithm/u_div/y1__1124/CO[3]
                         net (fo=1, routed)           0.000    76.427    u_alu/u_algorithm/u_div/y1__1124_n_0
    SLICE_X102Y103       CARRY4 (Prop_carry4_CI_CO[3])
                                                      0.117    76.544 r  u_alu/u_algorithm/u_div/y1__1125/CO[3]
                         net (fo=1, routed)           0.000    76.544    u_alu/u_algorithm/u_div/y1__1125_n_0
    SLICE_X102Y104       CARRY4 (Prop_carry4_CI_CO[3])
                                                      0.117    76.661 r  u_alu/u_algorithm/u_div/y1__1126/CO[3]
                         net (fo=1, routed)           0.000    76.661    u_alu/u_algorithm/u_div/y1__1126_n_0
    SLICE_X102Y105       CARRY4 (Prop_carry4_CI_CO[3])
                                                      0.117    76.778 r  u_alu/u_algorithm/u_div/y1__1127/CO[3]
                         net (fo=1, routed)           0.000    76.778    u_alu/u_algorithm/u_div/y1__1127_n_0
    SLICE_X102Y106       CARRY4 (Prop_carry4_CI_CO[3])
                                                      0.117    76.895 r  u_alu/u_algorithm/u_div/y1__1128/CO[3]
                         net (fo=1, routed)           0.000    76.895    u_alu/u_algorithm/u_div/y1__1128_n_0
    SLICE_X102Y107       CARRY4 (Prop_carry4_CI_CO[0])
                                                      0.254    77.149 r  u_alu/u_algorithm/u_div/y1__1129/CO[0]
                         net (fo=33, routed)          0.660    77.809    u_alu/u_algorithm/u_div/y10_in[6]
    SLICE_X103Y106       LUT5 (Prop_lut5_I3_O)        0.367    78.176 r  u_alu/u_algorithm/u_div/y1__1130_i_5/O
                         net (fo=1, routed)           0.000    78.176    u_alu/u_algorithm/u_div/y1__1130_i_5_n_0
    SLICE_X103Y106       CARRY4 (Prop_carry4_S[0]_CO[3])
                                                      0.532    78.708 r  u_alu/u_algorithm/u_div/y1__1130/CO[3]
                         net (fo=1, routed)           0.000    78.708    u_alu/u_algorithm/u_div/y1__1130_n_0
    SLICE_X103Y107       CARRY4 (Prop_carry4_CI_CO[3])
                                                      0.114    78.822 r  u_alu/u_algorithm/u_div/y1__1131/CO[3]
                         net (fo=1, routed)           0.000    78.822    u_alu/u_algorithm/u_div/y1__1131_n_0
    SLICE_X103Y108       CARRY4 (Prop_carry4_CI_CO[3])
                                                      0.114    78.936 r  u_alu/u_algorithm/u_div/y1__1132/CO[3]
                         net (fo=1, routed)           0.000    78.936    u_alu/u_algorithm/u_div/y1__1132_n_0
    SLICE_X103Y109       CARRY4 (Prop_carry4_CI_CO[3])
                                                      0.114    79.050 r  u_alu/u_algorithm/u_div/y1__1133/CO[3]
                         net (fo=1, routed)           0.000    79.050    u_alu/u_algorithm/u_div/y1__1133_n_0
    SLICE_X103Y110       CARRY4 (Prop_carry4_CI_CO[3])
                                                      0.114    79.164 r  u_alu/u_algorithm/u_div/y1__1134/CO[3]
                         net (fo=1, routed)           0.000    79.164    u_alu/u_algorithm/u_div/y1__1134_n_0
    SLICE_X103Y111       CARRY4 (Prop_carry4_CI_CO[3])
                                                      0.114    79.278 r  u_alu/u_algorithm/u_div/y1__1135/CO[3]
                         net (fo=1, routed)           0.000    79.278    u_alu/u_algorithm/u_div/y1__1135_n_0
    SLICE_X103Y112       CARRY4 (Prop_carry4_CI_CO[3])
                                                      0.114    79.392 r  u_alu/u_algorithm/u_div/y1__1136/CO[3]
                         net (fo=1, routed)           0.000    79.392    u_alu/u_algorithm/u_div/y1__1136_n_0
    SLICE_X103Y113       CARRY4 (Prop_carry4_CI_CO[0])
                                                      0.271    79.663 r  u_alu/u_algorithm/u_div/y1__1137/CO[0]
                         net (fo=33, routed)          0.644    80.307    u_alu/u_algorithm/u_div/y10_in[5]
    SLICE_X104Y112       CARRY4 (Prop_carry4_CYINIT_CO[3])
                                                      0.844    81.151 r  u_alu/u_algorithm/u_div/y1__1138/CO[3]
                         net (fo=1, routed)           0.000    81.151    u_alu/u_algorithm/u_div/y1__1138_n_0
    SLICE_X104Y113       CARRY4 (Prop_carry4_CI_CO[3])
                                                      0.117    81.268 r  u_alu/u_algorithm/u_div/y1__1139/CO[3]
                         net (fo=1, routed)           0.000    81.268    u_alu/u_algorithm/u_div/y1__1139_n_0
    SLICE_X104Y114       CARRY4 (Prop_carry4_CI_CO[3])
                                                      0.117    81.385 r  u_alu/u_algorithm/u_div/y1__1140/CO[3]
                         net (fo=1, routed)           0.000    81.385    u_alu/u_algorithm/u_div/y1__1140_n_0
    SLICE_X104Y115       CARRY4 (Prop_carry4_CI_CO[3])
                                                      0.117    81.502 r  u_alu/u_algorithm/u_div/y1__1141/CO[3]
                         net (fo=1, routed)           0.000    81.502    u_alu/u_algorithm/u_div/y1__1141_n_0
    SLICE_X104Y116       CARRY4 (Prop_carry4_CI_CO[3])
                                                      0.117    81.619 r  u_alu/u_algorithm/u_div/y1__1142/CO[3]
                         net (fo=1, routed)           0.000    81.619    u_alu/u_algorithm/u_div/y1__1142_n_0
    SLICE_X104Y117       CARRY4 (Prop_carry4_CI_CO[3])
                                                      0.117    81.736 r  u_alu/u_algorithm/u_div/y1__1143/CO[3]
                         net (fo=1, routed)           0.000    81.736    u_alu/u_algorithm/u_div/y1__1143_n_0
    SLICE_X104Y118       CARRY4 (Prop_carry4_CI_CO[3])
                                                      0.117    81.853 r  u_alu/u_algorithm/u_div/y1__1144/CO[3]
                         net (fo=1, routed)           0.000    81.853    u_alu/u_algorithm/u_div/y1__1144_n_0
    SLICE_X104Y119       CARRY4 (Prop_carry4_CI_CO[1])
                                                      0.157    82.010 r  u_alu/u_algorithm/u_div/y1__1145/CO[1]
                         net (fo=34, routed)          0.729    82.739    u_alu/u_algorithm/u_div/y10_in[4]
    SLICE_X103Y119       LUT4 (Prop_lut4_I3_O)        0.332    83.071 r  u_alu/u_algorithm/u_div/y1__1146_i_4/O
                         net (fo=1, routed)           0.000    83.071    u_alu/u_algorithm/u_div/y1__1146_i_4_n_0
    SLICE_X103Y119       CARRY4 (Prop_carry4_S[1]_CO[3])
                                                      0.550    83.621 r  u_alu/u_algorithm/u_div/y1__1146/CO[3]
                         net (fo=1, routed)           0.000    83.621    u_alu/u_algorithm/u_div/y1__1146_n_0
    SLICE_X103Y120       CARRY4 (Prop_carry4_CI_CO[3])
                                                      0.114    83.735 r  u_alu/u_algorithm/u_div/y1__1147/CO[3]
                         net (fo=1, routed)           0.000    83.735    u_alu/u_algorithm/u_div/y1__1147_n_0
    SLICE_X103Y121       CARRY4 (Prop_carry4_CI_CO[3])
                                                      0.114    83.849 r  u_alu/u_algorithm/u_div/y1__1148/CO[3]
                         net (fo=1, routed)           0.000    83.849    u_alu/u_algorithm/u_div/y1__1148_n_0
    SLICE_X103Y122       CARRY4 (Prop_carry4_CI_CO[3])
                                                      0.114    83.963 r  u_alu/u_algorithm/u_div/y1__1149/CO[3]
                         net (fo=1, routed)           0.000    83.963    u_alu/u_algorithm/u_div/y1__1149_n_0
    SLICE_X103Y123       CARRY4 (Prop_carry4_CI_CO[3])
                                                      0.114    84.077 r  u_alu/u_algorithm/u_div/y1__1150/CO[3]
                         net (fo=1, routed)           0.000    84.077    u_alu/u_algorithm/u_div/y1__1150_n_0
    SLICE_X103Y124       CARRY4 (Prop_carry4_CI_CO[3])
                                                      0.114    84.191 r  u_alu/u_algorithm/u_div/y1__1151/CO[3]
                         net (fo=1, routed)           0.009    84.200    u_alu/u_algorithm/u_div/y1__1151_n_0
    SLICE_X103Y125       CARRY4 (Prop_carry4_CI_CO[3])
                                                      0.114    84.314 r  u_alu/u_algorithm/u_div/y1__1152/CO[3]
                         net (fo=1, routed)           0.000    84.314    u_alu/u_algorithm/u_div/y1__1152_n_0
    SLICE_X103Y126       CARRY4 (Prop_carry4_CI_CO[1])
                                                      0.157    84.471 r  u_alu/u_algorithm/u_div/y1__1153/CO[1]
                         net (fo=34, routed)          0.699    85.170    u_alu/u_algorithm/u_div/y10_in[3]
    SLICE_X102Y126       LUT4 (Prop_lut4_I3_O)        0.329    85.499 r  u_alu/u_algorithm/u_div/y1__1154_i_4/O
                         net (fo=1, routed)           0.000    85.499    u_alu/u_algorithm/u_div/y1__1154_i_4_n_0
    SLICE_X102Y126       CARRY4 (Prop_carry4_S[1]_CO[3])
                                                      0.533    86.032 r  u_alu/u_algorithm/u_div/y1__1154/CO[3]
                         net (fo=1, routed)           0.000    86.032    u_alu/u_algorithm/u_div/y1__1154_n_0
    SLICE_X102Y127       CARRY4 (Prop_carry4_CI_CO[3])
                                                      0.117    86.149 r  u_alu/u_algorithm/u_div/y1__1155/CO[3]
                         net (fo=1, routed)           0.000    86.149    u_alu/u_algorithm/u_div/y1__1155_n_0
    SLICE_X102Y128       CARRY4 (Prop_carry4_CI_CO[3])
                                                      0.117    86.266 r  u_alu/u_algorithm/u_div/y1__1156/CO[3]
                         net (fo=1, routed)           0.000    86.266    u_alu/u_algorithm/u_div/y1__1156_n_0
    SLICE_X102Y129       CARRY4 (Prop_carry4_CI_CO[3])
                                                      0.117    86.383 r  u_alu/u_algorithm/u_div/y1__1157/CO[3]
                         net (fo=1, routed)           0.000    86.383    u_alu/u_algorithm/u_div/y1__1157_n_0
    SLICE_X102Y130       CARRY4 (Prop_carry4_CI_CO[3])
                                                      0.117    86.500 r  u_alu/u_algorithm/u_div/y1__1158/CO[3]
                         net (fo=1, routed)           0.000    86.500    u_alu/u_algorithm/u_div/y1__1158_n_0
    SLICE_X102Y131       CARRY4 (Prop_carry4_CI_CO[3])
                                                      0.117    86.617 r  u_alu/u_algorithm/u_div/y1__1159/CO[3]
                         net (fo=1, routed)           0.000    86.617    u_alu/u_algorithm/u_div/y1__1159_n_0
    SLICE_X102Y132       CARRY4 (Prop_carry4_CI_CO[3])
                                                      0.117    86.734 r  u_alu/u_algorithm/u_div/y1__1160/CO[3]
                         net (fo=1, routed)           0.000    86.734    u_alu/u_algorithm/u_div/y1__1160_n_0
    SLICE_X102Y133       CARRY4 (Prop_carry4_CI_CO[1])
                                                      0.157    86.891 r  u_alu/u_algorithm/u_div/y1__1161/CO[1]
                         net (fo=34, routed)          0.701    87.592    u_alu/u_algorithm/u_div/y10_in[2]
    SLICE_X103Y131       LUT4 (Prop_lut4_I3_O)        0.332    87.924 r  u_alu/u_algorithm/u_div/y1__1162_i_4/O
                         net (fo=1, routed)           0.000    87.924    u_alu/u_algorithm/u_div/y1__1162_i_4_n_0
    SLICE_X103Y131       CARRY4 (Prop_carry4_S[1]_CO[3])
                                                      0.550    88.474 r  u_alu/u_algorithm/u_div/y1__1162/CO[3]
                         net (fo=1, routed)           0.000    88.474    u_alu/u_algorithm/u_div/y1__1162_n_0
    SLICE_X103Y132       CARRY4 (Prop_carry4_CI_CO[3])
                                                      0.114    88.588 r  u_alu/u_algorithm/u_div/y1__1163/CO[3]
                         net (fo=1, routed)           0.000    88.588    u_alu/u_algorithm/u_div/y1__1163_n_0
    SLICE_X103Y133       CARRY4 (Prop_carry4_CI_CO[3])
                                                      0.114    88.702 r  u_alu/u_algorithm/u_div/y1__1164/CO[3]
                         net (fo=1, routed)           0.000    88.702    u_alu/u_algorithm/u_div/y1__1164_n_0
    SLICE_X103Y134       CARRY4 (Prop_carry4_CI_CO[3])
                                                      0.114    88.816 r  u_alu/u_algorithm/u_div/y1__1165/CO[3]
                         net (fo=1, routed)           0.000    88.816    u_alu/u_algorithm/u_div/y1__1165_n_0
    SLICE_X103Y135       CARRY4 (Prop_carry4_CI_CO[3])
                                                      0.114    88.930 r  u_alu/u_algorithm/u_div/y1__1166/CO[3]
                         net (fo=1, routed)           0.000    88.930    u_alu/u_algorithm/u_div/y1__1166_n_0
    SLICE_X103Y136       CARRY4 (Prop_carry4_CI_CO[3])
                                                      0.114    89.044 r  u_alu/u_algorithm/u_div/y1__1167/CO[3]
                         net (fo=1, routed)           0.000    89.044    u_alu/u_algorithm/u_div/y1__1167_n_0
    SLICE_X103Y137       CARRY4 (Prop_carry4_CI_CO[3])
                                                      0.114    89.158 r  u_alu/u_algorithm/u_div/y1__1168/CO[3]
                         net (fo=1, routed)           0.000    89.158    u_alu/u_algorithm/u_div/y1__1168_n_0
    SLICE_X103Y138       CARRY4 (Prop_carry4_CI_CO[1])
                                                      0.157    89.315 r  u_alu/u_algorithm/u_div/y1__1169/CO[1]
                         net (fo=34, routed)          0.926    90.241    u_alu/u_algorithm/u_div/y10_in[1]
    SLICE_X102Y134       LUT5 (Prop_lut5_I0_O)        0.329    90.570 r  u_alu/u_algorithm/u_div/y1__1170_i_4/O
                         net (fo=1, routed)           0.000    90.570    u_alu/u_algorithm/u_div/y1__1170_i_4_n_0
    SLICE_X102Y134       CARRY4 (Prop_carry4_S[1]_CO[3])
                                                      0.533    91.103 r  u_alu/u_algorithm/u_div/y1__1170/CO[3]
                         net (fo=1, routed)           0.000    91.103    u_alu/u_algorithm/u_div/y1__1170_n_0
    SLICE_X102Y135       CARRY4 (Prop_carry4_CI_CO[3])
                                                      0.117    91.220 r  u_alu/u_algorithm/u_div/y1__1171/CO[3]
                         net (fo=1, routed)           0.000    91.220    u_alu/u_algorithm/u_div/y1__1171_n_0
    SLICE_X102Y136       CARRY4 (Prop_carry4_CI_CO[3])
                                                      0.117    91.337 r  u_alu/u_algorithm/u_div/y1__1172/CO[3]
                         net (fo=1, routed)           0.000    91.337    u_alu/u_algorithm/u_div/y1__1172_n_0
    SLICE_X102Y137       CARRY4 (Prop_carry4_CI_CO[3])
                                                      0.117    91.454 r  u_alu/u_algorithm/u_div/y1__1173/CO[3]
                         net (fo=1, routed)           0.000    91.454    u_alu/u_algorithm/u_div/y1__1173_n_0
    SLICE_X102Y138       CARRY4 (Prop_carry4_CI_CO[3])
                                                      0.117    91.571 r  u_alu/u_algorithm/u_div/y1__1174/CO[3]
                         net (fo=1, routed)           0.000    91.571    u_alu/u_algorithm/u_div/y1__1174_n_0
    SLICE_X102Y139       CARRY4 (Prop_carry4_CI_CO[3])
                                                      0.117    91.688 r  u_alu/u_algorithm/u_div/y1__1175/CO[3]
                         net (fo=1, routed)           0.000    91.688    u_alu/u_algorithm/u_div/y1__1175_n_0
    SLICE_X102Y140       CARRY4 (Prop_carry4_CI_CO[3])
                                                      0.117    91.805 r  u_alu/u_algorithm/u_div/y1__1176/CO[3]
                         net (fo=1, routed)           0.000    91.805    u_alu/u_algorithm/u_div/y1__1176_n_0
    SLICE_X102Y141       CARRY4 (Prop_carry4_CI_CO[0])
                                                      0.254    92.059 f  u_alu/u_algorithm/u_div/y1__1177/CO[0]
                         net (fo=2, routed)           0.308    92.367    u_alu/u_algorithm/u_div/y10_in[0]
    SLICE_X103Y143       LUT1 (Prop_lut1_I0_O)        0.367    92.734 r  u_alu/u_algorithm/u_div/y[4]_i_3/O
                         net (fo=1, routed)           0.332    93.066    u_alu/u_algorithm/u_div/p_0_in[0]
    SLICE_X102Y145       CARRY4 (Prop_carry4_CYINIT_CO[3])
                                                      0.595    93.661 r  u_alu/u_algorithm/u_div/y_reg[4]_i_2/CO[3]
                         net (fo=1, routed)           0.000    93.661    u_alu/u_algorithm/u_div/y_reg[4]_i_2_n_0
    SLICE_X102Y146       CARRY4 (Prop_carry4_CI_CO[3])
                                                      0.117    93.778 r  u_alu/u_algorithm/u_div/y_reg[8]_i_2/CO[3]
                         net (fo=1, routed)           0.000    93.778    u_alu/u_algorithm/u_div/y_reg[8]_i_2_n_0
    SLICE_X102Y147       CARRY4 (Prop_carry4_CI_O[3])
                                                      0.315    94.093 r  u_alu/u_algorithm/u_div/y_reg[12]_i_2/O[3]
                         net (fo=1, routed)           0.299    94.392    u_alu/u_algorithm/u_div/y1[12]
    SLICE_X103Y146       LUT5 (Prop_lut5_I1_O)        0.307    94.699 r  u_alu/u_algorithm/u_div/y[12]_i_1/O
                         net (fo=1, routed)           0.000    94.699    u_alu/u_algorithm/u_div/y[12]_i_1_n_0
    SLICE_X103Y146       FDCE                                         r  u_alu/u_algorithm/u_div/y_reg[12]/D
  -------------------------------------------------------------------    -------------------

                         (clock sys_clk_pin rise edge)
                                                      8.000     8.000 r  
    H16                                               0.000     8.000 r  clk (IN)
                         net (fo=0)                   0.000     8.000    clk
    H16                  IBUF (Prop_ibuf_I_O)         1.380     9.380 r  clk_IBUF_inst/O
                         net (fo=1, routed)           2.293    11.673    clk_IBUF
    BUFGCTRL_X0Y16       BUFG (Prop_bufg_I_O)         0.091    11.764 r  clk_IBUF_BUFG_inst/O
                         net (fo=126, routed)         1.783    13.548    u_alu/u_algorithm/u_div/clk_IBUF_BUFG
    SLICE_X103Y146       FDCE                                         r  u_alu/u_algorithm/u_div/y_reg[12]/C
                         clock pessimism              0.309    13.857    
                         clock uncertainty           -0.035    13.821    
    SLICE_X103Y146       FDCE (Setup_fdce_C_D)        0.032    13.853    u_alu/u_algorithm/u_div/y_reg[12]
  -------------------------------------------------------------------
                         required time                         13.853    
                         arrival time                         -94.699    
  -------------------------------------------------------------------
                         slack                                -80.846    

Slack (VIOLATED) :        -80.766ns  (required time - arrival time)
  Source:                 B_in_reg[4]_replica_8/C
                            (rising edge-triggered cell FDCE clocked by sys_clk_pin  {rise@0.000ns fall@4.000ns period=8.000ns})
  Destination:            u_alu/u_algorithm/u_div/y_reg[11]/D
                            (rising edge-triggered cell FDCE clocked by sys_clk_pin  {rise@0.000ns fall@4.000ns period=8.000ns})
  Path Group:             sys_clk_pin
  Path Type:              Setup (Max at Slow Process Corner)
  Requirement:            8.000ns  (sys_clk_pin rise@8.000ns - sys_clk_pin rise@0.000ns)
  Data Path Delay:        88.665ns  (logic 61.381ns (69.228%)  route 27.284ns (30.772%))
  Logic Levels:           290  (CARRY4=257 LUT1=2 LUT2=1 LUT4=5 LUT5=24 LUT6=1)
  Clock Path Skew:        -0.097ns (DCD - SCD + CPR)
    Destination Clock Delay (DCD):    5.549ns = ( 13.549 - 8.000 ) 
    Source Clock Delay      (SCD):    5.955ns
    Clock Pessimism Removal (CPR):    0.309ns
  Clock Uncertainty:      0.035ns  ((TSJ^2 + TIJ^2)^1/2 + DJ) / 2 + PE
    Total System Jitter     (TSJ):    0.071ns
    Total Input Jitter      (TIJ):    0.000ns
    Discrete Jitter          (DJ):    0.000ns
    Phase Error              (PE):    0.000ns

    Location             Delay type                Incr(ns)  Path(ns)    Netlist Resource(s)
  -------------------------------------------------------------------    -------------------
                         (clock sys_clk_pin rise edge)
                                                      0.000     0.000 r  
    H16                                               0.000     0.000 r  clk (IN)
                         net (fo=0)                   0.000     0.000    clk
    H16                  IBUF (Prop_ibuf_I_O)         1.451     1.451 r  clk_IBUF_inst/O
                         net (fo=1, routed)           2.522     3.973    clk_IBUF
    BUFGCTRL_X0Y16       BUFG (Prop_bufg_I_O)         0.101     4.074 r  clk_IBUF_BUFG_inst/O
                         net (fo=126, routed)         1.881     5.955    clk_IBUF_BUFG
    SLICE_X107Y6         FDCE                                         r  B_in_reg[4]_replica_8/C
  -------------------------------------------------------------------    -------------------
    SLICE_X107Y6         FDCE (Prop_fdce_C_Q)         0.456     6.411 f  B_in_reg[4]_replica_8/Q
                         net (fo=1, routed)           0.403     6.814    u_alu/u_algorithm/u_div/B_in_reg_n_0_[4]_repN_8_alias
    SLICE_X107Y7         LUT1 (Prop_lut1_I0_O)        0.124     6.938 r  u_alu/u_algorithm/u_div/y20_carry__0_i_4/O
                         net (fo=1, routed)           0.000     6.938    u_alu/u_algorithm/u_div/y20_carry__0_i_4_n_0
    SLICE_X107Y7         CARRY4 (Prop_carry4_S[0]_CO[3])
                                                      0.532     7.470 r  u_alu/u_algorithm/u_div/y20_carry__0/CO[3]
                         net (fo=1, routed)           0.000     7.470    u_alu/u_algorithm/u_div/y20_carry__0_n_0
    SLICE_X107Y8         CARRY4 (Prop_carry4_CI_CO[3])
                                                      0.114     7.584 r  u_alu/u_algorithm/u_div/y20_carry__1/CO[3]
                         net (fo=1, routed)           0.000     7.584    u_alu/u_algorithm/u_div/y20_carry__1_n_0
    SLICE_X107Y9         CARRY4 (Prop_carry4_CI_CO[0])
                                                      0.271     7.855 r  u_alu/u_algorithm/u_div/y1__925_i_9/CO[0]
                         net (fo=528, routed)         0.879     8.734    u_alu/u_algorithm/u_div/y1__925_i_9_n_3
    SLICE_X106Y6         LUT2 (Prop_lut2_I0_O)        0.373     9.107 r  u_alu/u_algorithm/u_div/y1__926_i_7/O
                         net (fo=1, routed)           0.000     9.107    u_alu/u_algorithm/u_div/y1__926_i_7_n_0
    SLICE_X106Y6         CARRY4 (Prop_carry4_S[1]_CO[3])
                                                      0.550     9.657 r  u_alu/u_algorithm/u_div/y1__926/CO[3]
                         net (fo=1, routed)           0.000     9.657    u_alu/u_algorithm/u_div/y1__926_n_0
    SLICE_X106Y7         CARRY4 (Prop_carry4_CI_CO[3])
                                                      0.114     9.771 r  u_alu/u_algorithm/u_div/y1__927/CO[3]
                         net (fo=1, routed)           0.000     9.771    u_alu/u_algorithm/u_div/y1__927_n_0
    SLICE_X106Y8         CARRY4 (Prop_carry4_CI_CO[3])
                                                      0.114     9.885 r  u_alu/u_algorithm/u_div/y1__928/CO[3]
                         net (fo=1, routed)           0.000     9.885    u_alu/u_algorithm/u_div/y1__928_n_0
    SLICE_X106Y9         CARRY4 (Prop_carry4_CI_CO[2])
                                                      0.228    10.113 r  u_alu/u_algorithm/u_div/y1__929/CO[2]
                         net (fo=33, routed)          1.062    11.175    u_alu/u_algorithm/u_div/y1__929_n_1
    SLICE_X105Y4         LUT5 (Prop_lut5_I0_O)        0.313    11.488 r  u_alu/u_algorithm/u_div/y1__931_i_3/O
                         net (fo=1, routed)           0.000    11.488    u_alu/u_algorithm/u_div/y1__931_i_3_n_0
    SLICE_X105Y4         CARRY4 (Prop_carry4_S[1]_CO[3])
                                                      0.550    12.038 r  u_alu/u_algorithm/u_div/y1__931/CO[3]
                         net (fo=1, routed)           0.000    12.038    u_alu/u_algorithm/u_div/y1__931_n_0
    SLICE_X105Y5         CARRY4 (Prop_carry4_CI_CO[3])
                                                      0.114    12.152 r  u_alu/u_algorithm/u_div/y1__932/CO[3]
                         net (fo=1, routed)           0.000    12.152    u_alu/u_algorithm/u_div/y1__932_n_0
    SLICE_X105Y6         CARRY4 (Prop_carry4_CI_CO[3])
                                                      0.114    12.266 r  u_alu/u_algorithm/u_div/y1__933/CO[3]
                         net (fo=1, routed)           0.000    12.266    u_alu/u_algorithm/u_div/y1__933_n_0
    SLICE_X105Y7         CARRY4 (Prop_carry4_CI_CO[3])
                                                      0.114    12.380 r  u_alu/u_algorithm/u_div/y1__934/CO[3]
                         net (fo=1, routed)           0.000    12.380    u_alu/u_algorithm/u_div/y1__934_n_0
    SLICE_X105Y8         CARRY4 (Prop_carry4_CI_CO[3])
                                                      0.114    12.494 r  u_alu/u_algorithm/u_div/y1__935/CO[3]
                         net (fo=1, routed)           0.000    12.494    u_alu/u_algorithm/u_div/y1__935_n_0
    SLICE_X105Y9         CARRY4 (Prop_carry4_CI_CO[3])
                                                      0.114    12.608 r  u_alu/u_algorithm/u_div/y1__936/CO[3]
                         net (fo=1, routed)           0.000    12.608    u_alu/u_algorithm/u_div/y1__936_n_0
    SLICE_X105Y10        CARRY4 (Prop_carry4_CI_CO[0])
                                                      0.271    12.879 r  u_alu/u_algorithm/u_div/y1__937/CO[0]
                         net (fo=33, routed)          0.688    13.567    u_alu/u_algorithm/u_div/y1__937_n_3
    SLICE_X104Y8         LUT4 (Prop_lut4_I3_O)        0.373    13.940 r  u_alu/u_algorithm/u_div/y1__938_i_5/O
                         net (fo=1, routed)           0.000    13.940    u_alu/u_algorithm/u_div/y1__938_i_5_n_0
    SLICE_X104Y8         CARRY4 (Prop_carry4_S[0]_CO[3])
                                                      0.513    14.453 r  u_alu/u_algorithm/u_div/y1__938/CO[3]
                         net (fo=1, routed)           0.000    14.453    u_alu/u_algorithm/u_div/y1__938_n_0
    SLICE_X104Y9         CARRY4 (Prop_carry4_CI_CO[3])
                                                      0.117    14.570 r  u_alu/u_algorithm/u_div/y1__939/CO[3]
                         net (fo=1, routed)           0.000    14.570    u_alu/u_algorithm/u_div/y1__939_n_0
    SLICE_X104Y10        CARRY4 (Prop_carry4_CI_CO[3])
                                                      0.117    14.687 r  u_alu/u_algorithm/u_div/y1__940/CO[3]
                         net (fo=1, routed)           0.000    14.687    u_alu/u_algorithm/u_div/y1__940_n_0
    SLICE_X104Y11        CARRY4 (Prop_carry4_CI_CO[3])
                                                      0.117    14.804 r  u_alu/u_algorithm/u_div/y1__941/CO[3]
                         net (fo=1, routed)           0.000    14.804    u_alu/u_algorithm/u_div/y1__941_n_0
    SLICE_X104Y12        CARRY4 (Prop_carry4_CI_CO[3])
                                                      0.117    14.921 r  u_alu/u_algorithm/u_div/y1__942/CO[3]
                         net (fo=1, routed)           0.000    14.921    u_alu/u_algorithm/u_div/y1__942_n_0
    SLICE_X104Y13        CARRY4 (Prop_carry4_CI_CO[3])
                                                      0.117    15.038 r  u_alu/u_algorithm/u_div/y1__943/CO[3]
                         net (fo=1, routed)           0.000    15.038    u_alu/u_algorithm/u_div/y1__943_n_0
    SLICE_X104Y14        CARRY4 (Prop_carry4_CI_CO[3])
                                                      0.117    15.155 r  u_alu/u_algorithm/u_div/y1__944/CO[3]
                         net (fo=1, routed)           0.000    15.155    u_alu/u_algorithm/u_div/y1__944_n_0
    SLICE_X104Y15        CARRY4 (Prop_carry4_CI_CO[0])
                                                      0.254    15.409 r  u_alu/u_algorithm/u_div/y1__945/CO[0]
                         net (fo=33, routed)          1.164    16.573    u_alu/u_algorithm/u_div/y1__945_n_3
    SLICE_X103Y3         LUT4 (Prop_lut4_I3_O)        0.367    16.940 r  u_alu/u_algorithm/u_div/y1__946_i_5/O
                         net (fo=1, routed)           0.000    16.940    u_alu/u_algorithm/u_div/y1__946_i_5_n_0
    SLICE_X103Y3         CARRY4 (Prop_carry4_S[0]_CO[3])
                                                      0.532    17.472 r  u_alu/u_algorithm/u_div/y1__946/CO[3]
                         net (fo=1, routed)           0.000    17.472    u_alu/u_algorithm/u_div/y1__946_n_0
    SLICE_X103Y4         CARRY4 (Prop_carry4_CI_CO[3])
                                                      0.114    17.586 r  u_alu/u_algorithm/u_div/y1__947/CO[3]
                         net (fo=1, routed)           0.000    17.586    u_alu/u_algorithm/u_div/y1__947_n_0
    SLICE_X103Y5         CARRY4 (Prop_carry4_CI_CO[3])
                                                      0.114    17.700 r  u_alu/u_algorithm/u_div/y1__948/CO[3]
                         net (fo=1, routed)           0.000    17.700    u_alu/u_algorithm/u_div/y1__948_n_0
    SLICE_X103Y6         CARRY4 (Prop_carry4_CI_CO[3])
                                                      0.114    17.814 r  u_alu/u_algorithm/u_div/y1__949/CO[3]
                         net (fo=1, routed)           0.000    17.814    u_alu/u_algorithm/u_div/y1__949_n_0
    SLICE_X103Y7         CARRY4 (Prop_carry4_CI_CO[3])
                                                      0.114    17.928 r  u_alu/u_algorithm/u_div/y1__950/CO[3]
                         net (fo=1, routed)           0.000    17.928    u_alu/u_algorithm/u_div/y1__950_n_0
    SLICE_X103Y8         CARRY4 (Prop_carry4_CI_CO[3])
                                                      0.114    18.042 r  u_alu/u_algorithm/u_div/y1__951/CO[3]
                         net (fo=1, routed)           0.000    18.042    u_alu/u_algorithm/u_div/y1__951_n_0
    SLICE_X103Y9         CARRY4 (Prop_carry4_CI_CO[3])
                                                      0.114    18.156 r  u_alu/u_algorithm/u_div/y1__952/CO[3]
                         net (fo=1, routed)           0.000    18.156    u_alu/u_algorithm/u_div/y1__952_n_0
    SLICE_X103Y10        CARRY4 (Prop_carry4_CI_CO[0])
                                                      0.271    18.427 r  u_alu/u_algorithm/u_div/y1__953/CO[0]
                         net (fo=32, routed)          0.629    19.056    u_alu/u_algorithm/u_div/y1__953_n_3
    SLICE_X103Y2         LUT6 (Prop_lut6_I5_O)        0.373    19.429 r  u_alu/u_algorithm/u_div/y1__954_i_5/O
                         net (fo=1, routed)           0.711    20.140    u_alu/u_algorithm/u_div/y1__954_i_5_n_0
    SLICE_X104Y0         CARRY4 (Prop_carry4_S[0]_CO[3])
                                                      0.637    20.777 r  u_alu/u_algorithm/u_div/y1__954/CO[3]
                         net (fo=1, routed)           0.000    20.777    u_alu/u_algorithm/u_div/y1__954_n_0
    SLICE_X104Y1         CARRY4 (Prop_carry4_CI_CO[3])
                                                      0.117    20.894 r  u_alu/u_algorithm/u_div/y1__955/CO[3]
                         net (fo=1, routed)           0.000    20.894    u_alu/u_algorithm/u_div/y1__955_n_0
    SLICE_X104Y2         CARRY4 (Prop_carry4_CI_CO[3])
                                                      0.117    21.011 r  u_alu/u_algorithm/u_div/y1__956/CO[3]
                         net (fo=1, routed)           0.000    21.011    u_alu/u_algorithm/u_div/y1__956_n_0
    SLICE_X104Y3         CARRY4 (Prop_carry4_CI_CO[3])
                                                      0.117    21.128 r  u_alu/u_algorithm/u_div/y1__957/CO[3]
                         net (fo=1, routed)           0.000    21.128    u_alu/u_algorithm/u_div/y1__957_n_0
    SLICE_X104Y4         CARRY4 (Prop_carry4_CI_CO[3])
                                                      0.117    21.245 r  u_alu/u_algorithm/u_div/y1__958/CO[3]
                         net (fo=1, routed)           0.000    21.245    u_alu/u_algorithm/u_div/y1__958_n_0
    SLICE_X104Y5         CARRY4 (Prop_carry4_CI_CO[3])
                                                      0.117    21.362 r  u_alu/u_algorithm/u_div/y1__959/CO[3]
                         net (fo=1, routed)           0.000    21.362    u_alu/u_algorithm/u_div/y1__959_n_0
    SLICE_X104Y6         CARRY4 (Prop_carry4_CI_CO[3])
                                                      0.117    21.479 r  u_alu/u_algorithm/u_div/y1__960/CO[3]
                         net (fo=1, routed)           0.000    21.479    u_alu/u_algorithm/u_div/y1__960_n_0
    SLICE_X104Y7         CARRY4 (Prop_carry4_CI_CO[0])
                                                      0.254    21.733 r  u_alu/u_algorithm/u_div/y1__961/CO[0]
                         net (fo=32, routed)          0.922    22.655    u_alu/u_algorithm/u_div/y1__961_n_3
    SLICE_X102Y2         LUT5 (Prop_lut5_I3_O)        0.367    23.022 r  u_alu/u_algorithm/u_div/y1__962_i_5/O
                         net (fo=1, routed)           0.000    23.022    u_alu/u_algorithm/u_div/y1__962_i_5_n_0
    SLICE_X102Y2         CARRY4 (Prop_carry4_S[0]_CO[3])
                                                      0.513    23.535 r  u_alu/u_algorithm/u_div/y1__962/CO[3]
                         net (fo=1, routed)           0.000    23.535    u_alu/u_algorithm/u_div/y1__962_n_0
    SLICE_X102Y3         CARRY4 (Prop_carry4_CI_CO[3])
                                                      0.117    23.652 r  u_alu/u_algorithm/u_div/y1__963/CO[3]
                         net (fo=1, routed)           0.000    23.652    u_alu/u_algorithm/u_div/y1__963_n_0
    SLICE_X102Y4         CARRY4 (Prop_carry4_CI_CO[3])
                                                      0.117    23.769 r  u_alu/u_algorithm/u_div/y1__964/CO[3]
                         net (fo=1, routed)           0.000    23.769    u_alu/u_algorithm/u_div/y1__964_n_0
    SLICE_X102Y5         CARRY4 (Prop_carry4_CI_CO[3])
                                                      0.117    23.886 r  u_alu/u_algorithm/u_div/y1__965/CO[3]
                         net (fo=1, routed)           0.000    23.886    u_alu/u_algorithm/u_div/y1__965_n_0
    SLICE_X102Y6         CARRY4 (Prop_carry4_CI_CO[3])
                                                      0.117    24.003 r  u_alu/u_algorithm/u_div/y1__966/CO[3]
                         net (fo=1, routed)           0.000    24.003    u_alu/u_algorithm/u_div/y1__966_n_0
    SLICE_X102Y7         CARRY4 (Prop_carry4_CI_CO[3])
                                                      0.117    24.120 r  u_alu/u_algorithm/u_div/y1__967/CO[3]
                         net (fo=1, routed)           0.000    24.120    u_alu/u_algorithm/u_div/y1__967_n_0
    SLICE_X102Y8         CARRY4 (Prop_carry4_CI_CO[3])
                                                      0.117    24.237 r  u_alu/u_algorithm/u_div/y1__968/CO[3]
                         net (fo=1, routed)           0.000    24.237    u_alu/u_algorithm/u_div/y1__968_n_0
    SLICE_X102Y9         CARRY4 (Prop_carry4_CI_CO[0])
                                                      0.254    24.491 r  u_alu/u_algorithm/u_div/y1__969/CO[0]
                         net (fo=32, routed)          1.118    25.608    u_alu/u_algorithm/u_div/y1__969_n_3
    SLICE_X101Y2         LUT5 (Prop_lut5_I3_O)        0.367    25.975 r  u_alu/u_algorithm/u_div/y1__970_i_5/O
                         net (fo=1, routed)           0.000    25.975    u_alu/u_algorithm/u_div/y1__970_i_5_n_0
    SLICE_X101Y2         CARRY4 (Prop_carry4_S[0]_CO[3])
                                                      0.532    26.507 r  u_alu/u_algorithm/u_div/y1__970/CO[3]
                         net (fo=1, routed)           0.000    26.507    u_alu/u_algorithm/u_div/y1__970_n_0
    SLICE_X101Y3         CARRY4 (Prop_carry4_CI_CO[3])
                                                      0.114    26.621 r  u_alu/u_algorithm/u_div/y1__971/CO[3]
                         net (fo=1, routed)           0.000    26.621    u_alu/u_algorithm/u_div/y1__971_n_0
    SLICE_X101Y4         CARRY4 (Prop_carry4_CI_CO[3])
                                                      0.114    26.735 r  u_alu/u_algorithm/u_div/y1__972/CO[3]
                         net (fo=1, routed)           0.000    26.735    u_alu/u_algorithm/u_div/y1__972_n_0
    SLICE_X101Y5         CARRY4 (Prop_carry4_CI_CO[3])
                                                      0.114    26.849 r  u_alu/u_algorithm/u_div/y1__973/CO[3]
                         net (fo=1, routed)           0.000    26.849    u_alu/u_algorithm/u_div/y1__973_n_0
    SLICE_X101Y6         CARRY4 (Prop_carry4_CI_CO[3])
                                                      0.114    26.963 r  u_alu/u_algorithm/u_div/y1__974/CO[3]
                         net (fo=1, routed)           0.000    26.963    u_alu/u_algorithm/u_div/y1__974_n_0
    SLICE_X101Y7         CARRY4 (Prop_carry4_CI_CO[3])
                                                      0.114    27.077 r  u_alu/u_algorithm/u_div/y1__975/CO[3]
                         net (fo=1, routed)           0.000    27.077    u_alu/u_algorithm/u_div/y1__975_n_0
    SLICE_X101Y8         CARRY4 (Prop_carry4_CI_CO[3])
                                                      0.114    27.191 r  u_alu/u_algorithm/u_div/y1__976/CO[3]
                         net (fo=1, routed)           0.000    27.191    u_alu/u_algorithm/u_div/y1__976_n_0
    SLICE_X101Y9         CARRY4 (Prop_carry4_CI_CO[0])
                                                      0.271    27.462 r  u_alu/u_algorithm/u_div/y1__977/CO[0]
                         net (fo=32, routed)          0.945    28.407    u_alu/u_algorithm/u_div/y1__977_n_3
    SLICE_X100Y1         CARRY4 (Prop_carry4_CYINIT_CO[3])
                                                      0.844    29.251 r  u_alu/u_algorithm/u_div/y1__978/CO[3]
                         net (fo=1, routed)           0.000    29.251    u_alu/u_algorithm/u_div/y1__978_n_0
    SLICE_X100Y2         CARRY4 (Prop_carry4_CI_CO[3])
                                                      0.117    29.368 r  u_alu/u_algorithm/u_div/y1__979/CO[3]
                         net (fo=1, routed)           0.000    29.368    u_alu/u_algorithm/u_div/y1__979_n_0
    SLICE_X100Y3         CARRY4 (Prop_carry4_CI_CO[3])
                                                      0.117    29.485 r  u_alu/u_algorithm/u_div/y1__980/CO[3]
                         net (fo=1, routed)           0.000    29.485    u_alu/u_algorithm/u_div/y1__980_n_0
    SLICE_X100Y4         CARRY4 (Prop_carry4_CI_CO[3])
                                                      0.117    29.602 r  u_alu/u_algorithm/u_div/y1__981/CO[3]
                         net (fo=1, routed)           0.000    29.602    u_alu/u_algorithm/u_div/y1__981_n_0
    SLICE_X100Y5         CARRY4 (Prop_carry4_CI_CO[3])
                                                      0.117    29.719 r  u_alu/u_algorithm/u_div/y1__982/CO[3]
                         net (fo=1, routed)           0.000    29.719    u_alu/u_algorithm/u_div/y1__982_n_0
    SLICE_X100Y6         CARRY4 (Prop_carry4_CI_CO[3])
                                                      0.117    29.836 r  u_alu/u_algorithm/u_div/y1__983/CO[3]
                         net (fo=1, routed)           0.000    29.836    u_alu/u_algorithm/u_div/y1__983_n_0
    SLICE_X100Y7         CARRY4 (Prop_carry4_CI_CO[3])
                                                      0.117    29.953 r  u_alu/u_algorithm/u_div/y1__984/CO[3]
                         net (fo=1, routed)           0.000    29.953    u_alu/u_algorithm/u_div/y1__984_n_0
    SLICE_X100Y8         CARRY4 (Prop_carry4_CI_CO[0])
                                                      0.254    30.207 r  u_alu/u_algorithm/u_div/y1__985/CO[0]
                         net (fo=32, routed)          1.112    31.319    u_alu/u_algorithm/u_div/y1__985_n_3
    SLICE_X98Y0          LUT5 (Prop_lut5_I3_O)        0.367    31.686 r  u_alu/u_algorithm/u_div/y1__986_i_5/O
                         net (fo=1, routed)           0.000    31.686    u_alu/u_algorithm/u_div/y1__986_i_5_n_0
    SLICE_X98Y0          CARRY4 (Prop_carry4_S[0]_CO[3])
                                                      0.513    32.199 r  u_alu/u_algorithm/u_div/y1__986/CO[3]
                         net (fo=1, routed)           0.000    32.199    u_alu/u_algorithm/u_div/y1__986_n_0
    SLICE_X98Y1          CARRY4 (Prop_carry4_CI_CO[3])
                                                      0.117    32.316 r  u_alu/u_algorithm/u_div/y1__987/CO[3]
                         net (fo=1, routed)           0.000    32.316    u_alu/u_algorithm/u_div/y1__987_n_0
    SLICE_X98Y2          CARRY4 (Prop_carry4_CI_CO[3])
                                                      0.117    32.433 r  u_alu/u_algorithm/u_div/y1__988/CO[3]
                         net (fo=1, routed)           0.000    32.433    u_alu/u_algorithm/u_div/y1__988_n_0
    SLICE_X98Y3          CARRY4 (Prop_carry4_CI_CO[3])
                                                      0.117    32.550 r  u_alu/u_algorithm/u_div/y1__989/CO[3]
                         net (fo=1, routed)           0.000    32.550    u_alu/u_algorithm/u_div/y1__989_n_0
    SLICE_X98Y4          CARRY4 (Prop_carry4_CI_CO[3])
                                                      0.117    32.667 r  u_alu/u_algorithm/u_div/y1__990/CO[3]
                         net (fo=1, routed)           0.000    32.667    u_alu/u_algorithm/u_div/y1__990_n_0
    SLICE_X98Y5          CARRY4 (Prop_carry4_CI_CO[3])
                                                      0.117    32.784 r  u_alu/u_algorithm/u_div/y1__991/CO[3]
                         net (fo=1, routed)           0.000    32.784    u_alu/u_algorithm/u_div/y1__991_n_0
    SLICE_X98Y6          CARRY4 (Prop_carry4_CI_CO[3])
                                                      0.117    32.901 r  u_alu/u_algorithm/u_div/y1__992/CO[3]
                         net (fo=1, routed)           0.000    32.901    u_alu/u_algorithm/u_div/y1__992_n_0
    SLICE_X98Y7          CARRY4 (Prop_carry4_CI_CO[0])
                                                      0.254    33.155 r  u_alu/u_algorithm/u_div/y1__993/CO[0]
                         net (fo=32, routed)          0.951    34.105    u_alu/u_algorithm/u_div/y1__993_n_3
    SLICE_X96Y1          LUT5 (Prop_lut5_I3_O)        0.367    34.472 r  u_alu/u_algorithm/u_div/y1__994_i_5/O
                         net (fo=1, routed)           0.000    34.472    u_alu/u_algorithm/u_div/y1__994_i_5_n_0
    SLICE_X96Y1          CARRY4 (Prop_carry4_S[0]_CO[3])
                                                      0.513    34.985 r  u_alu/u_algorithm/u_div/y1__994/CO[3]
                         net (fo=1, routed)           0.000    34.985    u_alu/u_algorithm/u_div/y1__994_n_0
    SLICE_X96Y2          CARRY4 (Prop_carry4_CI_CO[3])
                                                      0.117    35.102 r  u_alu/u_algorithm/u_div/y1__995/CO[3]
                         net (fo=1, routed)           0.000    35.102    u_alu/u_algorithm/u_div/y1__995_n_0
    SLICE_X96Y3          CARRY4 (Prop_carry4_CI_CO[3])
                                                      0.117    35.219 r  u_alu/u_algorithm/u_div/y1__996/CO[3]
                         net (fo=1, routed)           0.000    35.219    u_alu/u_algorithm/u_div/y1__996_n_0
    SLICE_X96Y4          CARRY4 (Prop_carry4_CI_CO[3])
                                                      0.117    35.336 r  u_alu/u_algorithm/u_div/y1__997/CO[3]
                         net (fo=1, routed)           0.000    35.336    u_alu/u_algorithm/u_div/y1__997_n_0
    SLICE_X96Y5          CARRY4 (Prop_carry4_CI_CO[3])
                                                      0.117    35.453 r  u_alu/u_algorithm/u_div/y1__998/CO[3]
                         net (fo=1, routed)           0.000    35.453    u_alu/u_algorithm/u_div/y1__998_n_0
    SLICE_X96Y6          CARRY4 (Prop_carry4_CI_CO[3])
                                                      0.117    35.570 r  u_alu/u_algorithm/u_div/y1__999/CO[3]
                         net (fo=1, routed)           0.000    35.570    u_alu/u_algorithm/u_div/y1__999_n_0
    SLICE_X96Y7          CARRY4 (Prop_carry4_CI_CO[3])
                                                      0.117    35.687 r  u_alu/u_algorithm/u_div/y1__1000/CO[3]
                         net (fo=1, routed)           0.000    35.687    u_alu/u_algorithm/u_div/y1__1000_n_0
    SLICE_X96Y8          CARRY4 (Prop_carry4_CI_CO[0])
                                                      0.254    35.941 r  u_alu/u_algorithm/u_div/y1__1001/CO[0]
                         net (fo=32, routed)          0.985    36.926    u_alu/u_algorithm/u_div/y1__1001_n_3
    SLICE_X95Y3          LUT5 (Prop_lut5_I3_O)        0.367    37.293 r  u_alu/u_algorithm/u_div/y1__1002_i_5/O
                         net (fo=1, routed)           0.000    37.293    u_alu/u_algorithm/u_div/y1__1002_i_5_n_0
    SLICE_X95Y3          CARRY4 (Prop_carry4_S[0]_CO[3])
                                                      0.532    37.825 r  u_alu/u_algorithm/u_div/y1__1002/CO[3]
                         net (fo=1, routed)           0.000    37.825    u_alu/u_algorithm/u_div/y1__1002_n_0
    SLICE_X95Y4          CARRY4 (Prop_carry4_CI_CO[3])
                                                      0.114    37.939 r  u_alu/u_algorithm/u_div/y1__1003/CO[3]
                         net (fo=1, routed)           0.000    37.939    u_alu/u_algorithm/u_div/y1__1003_n_0
    SLICE_X95Y5          CARRY4 (Prop_carry4_CI_CO[3])
                                                      0.114    38.053 r  u_alu/u_algorithm/u_div/y1__1004/CO[3]
                         net (fo=1, routed)           0.000    38.053    u_alu/u_algorithm/u_div/y1__1004_n_0
    SLICE_X95Y6          CARRY4 (Prop_carry4_CI_CO[3])
                                                      0.114    38.167 r  u_alu/u_algorithm/u_div/y1__1005/CO[3]
                         net (fo=1, routed)           0.000    38.167    u_alu/u_algorithm/u_div/y1__1005_n_0
    SLICE_X95Y7          CARRY4 (Prop_carry4_CI_CO[3])
                                                      0.114    38.281 r  u_alu/u_algorithm/u_div/y1__1006/CO[3]
                         net (fo=1, routed)           0.000    38.281    u_alu/u_algorithm/u_div/y1__1006_n_0
    SLICE_X95Y8          CARRY4 (Prop_carry4_CI_CO[3])
                                                      0.114    38.395 r  u_alu/u_algorithm/u_div/y1__1007/CO[3]
                         net (fo=1, routed)           0.000    38.395    u_alu/u_algorithm/u_div/y1__1007_n_0
    SLICE_X95Y9          CARRY4 (Prop_carry4_CI_CO[3])
                                                      0.114    38.509 r  u_alu/u_algorithm/u_div/y1__1008/CO[3]
                         net (fo=1, routed)           0.000    38.509    u_alu/u_algorithm/u_div/y1__1008_n_0
    SLICE_X95Y10         CARRY4 (Prop_carry4_CI_CO[0])
                                                      0.271    38.780 r  u_alu/u_algorithm/u_div/y1__1009/CO[0]
                         net (fo=32, routed)          0.863    39.643    u_alu/u_algorithm/u_div/y1__1009_n_3
    SLICE_X97Y7          LUT5 (Prop_lut5_I3_O)        0.373    40.016 r  u_alu/u_algorithm/u_div/y1__1010_i_5/O
                         net (fo=1, routed)           0.000    40.016    u_alu/u_algorithm/u_div/y1__1010_i_5_n_0
    SLICE_X97Y7          CARRY4 (Prop_carry4_S[0]_CO[3])
                                                      0.532    40.548 r  u_alu/u_algorithm/u_div/y1__1010/CO[3]
                         net (fo=1, routed)           0.000    40.548    u_alu/u_algorithm/u_div/y1__1010_n_0
    SLICE_X97Y8          CARRY4 (Prop_carry4_CI_CO[3])
                                                      0.114    40.662 r  u_alu/u_algorithm/u_div/y1__1011/CO[3]
                         net (fo=1, routed)           0.000    40.662    u_alu/u_algorithm/u_div/y1__1011_n_0
    SLICE_X97Y9          CARRY4 (Prop_carry4_CI_CO[3])
                                                      0.114    40.776 r  u_alu/u_algorithm/u_div/y1__1012/CO[3]
                         net (fo=1, routed)           0.000    40.776    u_alu/u_algorithm/u_div/y1__1012_n_0
    SLICE_X97Y10         CARRY4 (Prop_carry4_CI_CO[3])
                                                      0.114    40.890 r  u_alu/u_algorithm/u_div/y1__1013/CO[3]
                         net (fo=1, routed)           0.000    40.890    u_alu/u_algorithm/u_div/y1__1013_n_0
    SLICE_X97Y11         CARRY4 (Prop_carry4_CI_CO[3])
                                                      0.114    41.004 r  u_alu/u_algorithm/u_div/y1__1014/CO[3]
                         net (fo=1, routed)           0.000    41.004    u_alu/u_algorithm/u_div/y1__1014_n_0
    SLICE_X97Y12         CARRY4 (Prop_carry4_CI_CO[3])
                                                      0.114    41.118 r  u_alu/u_algorithm/u_div/y1__1015/CO[3]
                         net (fo=1, routed)           0.000    41.118    u_alu/u_algorithm/u_div/y1__1015_n_0
    SLICE_X97Y13         CARRY4 (Prop_carry4_CI_CO[3])
                                                      0.114    41.232 r  u_alu/u_algorithm/u_div/y1__1016/CO[3]
                         net (fo=1, routed)           0.000    41.232    u_alu/u_algorithm/u_div/y1__1016_n_0
    SLICE_X97Y14         CARRY4 (Prop_carry4_CI_CO[0])
                                                      0.271    41.503 r  u_alu/u_algorithm/u_div/y1__1017/CO[0]
                         net (fo=32, routed)          0.457    41.960    u_alu/u_algorithm/u_div/y1__1017_n_3
    SLICE_X100Y14        LUT5 (Prop_lut5_I3_O)        0.373    42.333 r  u_alu/u_algorithm/u_div/y1__1018_i_5/O
                         net (fo=1, routed)           0.402    42.736    u_alu/u_algorithm/u_div/y1__1018_i_5_n_0
    SLICE_X101Y13        CARRY4 (Prop_carry4_S[0]_CO[3])
                                                      0.656    43.392 r  u_alu/u_algorithm/u_div/y1__1018/CO[3]
                         net (fo=1, routed)           0.000    43.392    u_alu/u_algorithm/u_div/y1__1018_n_0
    SLICE_X101Y14        CARRY4 (Prop_carry4_CI_CO[3])
                                                      0.114    43.506 r  u_alu/u_algorithm/u_div/y1__1019/CO[3]
                         net (fo=1, routed)           0.000    43.506    u_alu/u_algorithm/u_div/y1__1019_n_0
    SLICE_X101Y15        CARRY4 (Prop_carry4_CI_CO[3])
                                                      0.114    43.620 r  u_alu/u_algorithm/u_div/y1__1020/CO[3]
                         net (fo=1, routed)           0.000    43.620    u_alu/u_algorithm/u_div/y1__1020_n_0
    SLICE_X101Y16        CARRY4 (Prop_carry4_CI_CO[3])
                                                      0.114    43.734 r  u_alu/u_algorithm/u_div/y1__1021/CO[3]
                         net (fo=1, routed)           0.000    43.734    u_alu/u_algorithm/u_div/y1__1021_n_0
    SLICE_X101Y17        CARRY4 (Prop_carry4_CI_CO[3])
                                                      0.114    43.848 r  u_alu/u_algorithm/u_div/y1__1022/CO[3]
                         net (fo=1, routed)           0.000    43.848    u_alu/u_algorithm/u_div/y1__1022_n_0
    SLICE_X101Y18        CARRY4 (Prop_carry4_CI_CO[3])
                                                      0.114    43.962 r  u_alu/u_algorithm/u_div/y1__1023/CO[3]
                         net (fo=1, routed)           0.000    43.962    u_alu/u_algorithm/u_div/y1__1023_n_0
    SLICE_X101Y19        CARRY4 (Prop_carry4_CI_CO[3])
                                                      0.114    44.076 r  u_alu/u_algorithm/u_div/y1__1024/CO[3]
                         net (fo=1, routed)           0.000    44.076    u_alu/u_algorithm/u_div/y1__1024_n_0
    SLICE_X101Y20        CARRY4 (Prop_carry4_CI_CO[0])
                                                      0.271    44.347 r  u_alu/u_algorithm/u_div/y1__1025/CO[0]
                         net (fo=32, routed)          0.826    45.173    u_alu/u_algorithm/u_div/y1__1025_n_3
    SLICE_X102Y19        LUT5 (Prop_lut5_I3_O)        0.373    45.546 r  u_alu/u_algorithm/u_div/y1__1026_i_5/O
                         net (fo=1, routed)           0.000    45.546    u_alu/u_algorithm/u_div/y1__1026_i_5_n_0
    SLICE_X102Y19        CARRY4 (Prop_carry4_S[0]_CO[3])
                                                      0.513    46.059 r  u_alu/u_algorithm/u_div/y1__1026/CO[3]
                         net (fo=1, routed)           0.000    46.059    u_alu/u_algorithm/u_div/y1__1026_n_0
    SLICE_X102Y20        CARRY4 (Prop_carry4_CI_CO[3])
                                                      0.117    46.176 r  u_alu/u_algorithm/u_div/y1__1027/CO[3]
                         net (fo=1, routed)           0.000    46.176    u_alu/u_algorithm/u_div/y1__1027_n_0
    SLICE_X102Y21        CARRY4 (Prop_carry4_CI_CO[3])
                                                      0.117    46.293 r  u_alu/u_algorithm/u_div/y1__1028/CO[3]
                         net (fo=1, routed)           0.000    46.293    u_alu/u_algorithm/u_div/y1__1028_n_0
    SLICE_X102Y22        CARRY4 (Prop_carry4_CI_CO[3])
                                                      0.117    46.410 r  u_alu/u_algorithm/u_div/y1__1029/CO[3]
                         net (fo=1, routed)           0.000    46.410    u_alu/u_algorithm/u_div/y1__1029_n_0
    SLICE_X102Y23        CARRY4 (Prop_carry4_CI_CO[3])
                                                      0.117    46.527 r  u_alu/u_algorithm/u_div/y1__1030/CO[3]
                         net (fo=1, routed)           0.000    46.527    u_alu/u_algorithm/u_div/y1__1030_n_0
    SLICE_X102Y24        CARRY4 (Prop_carry4_CI_CO[3])
                                                      0.117    46.644 r  u_alu/u_algorithm/u_div/y1__1031/CO[3]
                         net (fo=1, routed)           0.009    46.653    u_alu/u_algorithm/u_div/y1__1031_n_0
    SLICE_X102Y25        CARRY4 (Prop_carry4_CI_CO[3])
                                                      0.117    46.770 r  u_alu/u_algorithm/u_div/y1__1032/CO[3]
                         net (fo=1, routed)           0.000    46.770    u_alu/u_algorithm/u_div/y1__1032_n_0
    SLICE_X102Y26        CARRY4 (Prop_carry4_CI_CO[0])
                                                      0.254    47.024 r  u_alu/u_algorithm/u_div/y1__1033/CO[0]
                         net (fo=32, routed)          0.740    47.764    u_alu/u_algorithm/u_div/y1__1033_n_3
    SLICE_X103Y26        LUT5 (Prop_lut5_I3_O)        0.367    48.131 r  u_alu/u_algorithm/u_div/y1__1034_i_5/O
                         net (fo=1, routed)           0.000    48.131    u_alu/u_algorithm/u_div/y1__1034_i_5_n_0
    SLICE_X103Y26        CARRY4 (Prop_carry4_S[0]_CO[3])
                                                      0.532    48.663 r  u_alu/u_algorithm/u_div/y1__1034/CO[3]
                         net (fo=1, routed)           0.000    48.663    u_alu/u_algorithm/u_div/y1__1034_n_0
    SLICE_X103Y27        CARRY4 (Prop_carry4_CI_CO[3])
                                                      0.114    48.777 r  u_alu/u_algorithm/u_div/y1__1035/CO[3]
                         net (fo=1, routed)           0.000    48.777    u_alu/u_algorithm/u_div/y1__1035_n_0
    SLICE_X103Y28        CARRY4 (Prop_carry4_CI_CO[3])
                                                      0.114    48.891 r  u_alu/u_algorithm/u_div/y1__1036/CO[3]
                         net (fo=1, routed)           0.000    48.891    u_alu/u_algorithm/u_div/y1__1036_n_0
    SLICE_X103Y29        CARRY4 (Prop_carry4_CI_CO[3])
                                                      0.114    49.005 r  u_alu/u_algorithm/u_div/y1__1037/CO[3]
                         net (fo=1, routed)           0.000    49.005    u_alu/u_algorithm/u_div/y1__1037_n_0
    SLICE_X103Y30        CARRY4 (Prop_carry4_CI_CO[3])
                                                      0.114    49.119 r  u_alu/u_algorithm/u_div/y1__1038/CO[3]
                         net (fo=1, routed)           0.000    49.119    u_alu/u_algorithm/u_div/y1__1038_n_0
    SLICE_X103Y31        CARRY4 (Prop_carry4_CI_CO[3])
                                                      0.114    49.233 r  u_alu/u_algorithm/u_div/y1__1039/CO[3]
                         net (fo=1, routed)           0.000    49.233    u_alu/u_algorithm/u_div/y1__1039_n_0
    SLICE_X103Y32        CARRY4 (Prop_carry4_CI_CO[3])
                                                      0.114    49.347 r  u_alu/u_algorithm/u_div/y1__1040/CO[3]
                         net (fo=1, routed)           0.000    49.347    u_alu/u_algorithm/u_div/y1__1040_n_0
    SLICE_X103Y33        CARRY4 (Prop_carry4_CI_CO[0])
                                                      0.271    49.618 r  u_alu/u_algorithm/u_div/y1__1041/CO[0]
                         net (fo=32, routed)          0.528    50.146    u_alu/u_algorithm/u_div/y1__1041_n_3
    SLICE_X102Y33        LUT5 (Prop_lut5_I0_O)        0.373    50.519 r  u_alu/u_algorithm/u_div/y1__1042_i_4/O
                         net (fo=1, routed)           0.000    50.519    u_alu/u_algorithm/u_div/y1__1042_i_4_n_0
    SLICE_X102Y33        CARRY4 (Prop_carry4_S[1]_CO[3])
                                                      0.533    51.052 r  u_alu/u_algorithm/u_div/y1__1042/CO[3]
                         net (fo=1, routed)           0.000    51.052    u_alu/u_algorithm/u_div/y1__1042_n_0
    SLICE_X102Y34        CARRY4 (Prop_carry4_CI_CO[3])
                                                      0.117    51.169 r  u_alu/u_algorithm/u_div/y1__1043/CO[3]
                         net (fo=1, routed)           0.000    51.169    u_alu/u_algorithm/u_div/y1__1043_n_0
    SLICE_X102Y35        CARRY4 (Prop_carry4_CI_CO[3])
                                                      0.117    51.286 r  u_alu/u_algorithm/u_div/y1__1044/CO[3]
                         net (fo=1, routed)           0.000    51.286    u_alu/u_algorithm/u_div/y1__1044_n_0
    SLICE_X102Y36        CARRY4 (Prop_carry4_CI_CO[3])
                                                      0.117    51.403 r  u_alu/u_algorithm/u_div/y1__1045/CO[3]
                         net (fo=1, routed)           0.000    51.403    u_alu/u_algorithm/u_div/y1__1045_n_0
    SLICE_X102Y37        CARRY4 (Prop_carry4_CI_CO[3])
                                                      0.117    51.520 r  u_alu/u_algorithm/u_div/y1__1046/CO[3]
                         net (fo=1, routed)           0.000    51.520    u_alu/u_algorithm/u_div/y1__1046_n_0
    SLICE_X102Y38        CARRY4 (Prop_carry4_CI_CO[3])
                                                      0.117    51.637 r  u_alu/u_algorithm/u_div/y1__1047/CO[3]
                         net (fo=1, routed)           0.000    51.637    u_alu/u_algorithm/u_div/y1__1047_n_0
    SLICE_X102Y39        CARRY4 (Prop_carry4_CI_CO[3])
                                                      0.117    51.754 r  u_alu/u_algorithm/u_div/y1__1048/CO[3]
                         net (fo=1, routed)           0.000    51.754    u_alu/u_algorithm/u_div/y1__1048_n_0
    SLICE_X102Y40        CARRY4 (Prop_carry4_CI_CO[0])
                                                      0.254    52.008 r  u_alu/u_algorithm/u_div/y1__1049/CO[0]
                         net (fo=32, routed)          0.672    52.680    u_alu/u_algorithm/u_div/y1__1049_n_3
    SLICE_X103Y39        LUT5 (Prop_lut5_I3_O)        0.367    53.047 r  u_alu/u_algorithm/u_div/y1__1050_i_5/O
                         net (fo=1, routed)           0.000    53.047    u_alu/u_algorithm/u_div/y1__1050_i_5_n_0
    SLICE_X103Y39        CARRY4 (Prop_carry4_S[0]_CO[3])
                                                      0.532    53.579 r  u_alu/u_algorithm/u_div/y1__1050/CO[3]
                         net (fo=1, routed)           0.000    53.579    u_alu/u_algorithm/u_div/y1__1050_n_0
    SLICE_X103Y40        CARRY4 (Prop_carry4_CI_CO[3])
                                                      0.114    53.693 r  u_alu/u_algorithm/u_div/y1__1051/CO[3]
                         net (fo=1, routed)           0.000    53.693    u_alu/u_algorithm/u_div/y1__1051_n_0
    SLICE_X103Y41        CARRY4 (Prop_carry4_CI_CO[3])
                                                      0.114    53.807 r  u_alu/u_algorithm/u_div/y1__1052/CO[3]
                         net (fo=1, routed)           0.000    53.807    u_alu/u_algorithm/u_div/y1__1052_n_0
    SLICE_X103Y42        CARRY4 (Prop_carry4_CI_CO[3])
                                                      0.114    53.921 r  u_alu/u_algorithm/u_div/y1__1053/CO[3]
                         net (fo=1, routed)           0.000    53.921    u_alu/u_algorithm/u_div/y1__1053_n_0
    SLICE_X103Y43        CARRY4 (Prop_carry4_CI_CO[3])
                                                      0.114    54.035 r  u_alu/u_algorithm/u_div/y1__1054/CO[3]
                         net (fo=1, routed)           0.000    54.035    u_alu/u_algorithm/u_div/y1__1054_n_0
    SLICE_X103Y44        CARRY4 (Prop_carry4_CI_CO[3])
                                                      0.114    54.149 r  u_alu/u_algorithm/u_div/y1__1055/CO[3]
                         net (fo=1, routed)           0.000    54.149    u_alu/u_algorithm/u_div/y1__1055_n_0
    SLICE_X103Y45        CARRY4 (Prop_carry4_CI_CO[3])
                                                      0.114    54.263 r  u_alu/u_algorithm/u_div/y1__1056/CO[3]
                         net (fo=1, routed)           0.000    54.263    u_alu/u_algorithm/u_div/y1__1056_n_0
    SLICE_X103Y46        CARRY4 (Prop_carry4_CI_CO[0])
                                                      0.271    54.534 r  u_alu/u_algorithm/u_div/y1__1057/CO[0]
                         net (fo=34, routed)          0.528    55.061    u_alu/u_algorithm/u_div/y10_in[15]
    SLICE_X102Y46        LUT5 (Prop_lut5_I0_O)        0.373    55.434 r  u_alu/u_algorithm/u_div/y1__1058_i_4/O
                         net (fo=1, routed)           0.000    55.434    u_alu/u_algorithm/u_div/y1__1058_i_4_n_0
    SLICE_X102Y46        CARRY4 (Prop_carry4_S[1]_CO[3])
                                                      0.533    55.967 r  u_alu/u_algorithm/u_div/y1__1058/CO[3]
                         net (fo=1, routed)           0.000    55.967    u_alu/u_algorithm/u_div/y1__1058_n_0
    SLICE_X102Y47        CARRY4 (Prop_carry4_CI_CO[3])
                                                      0.117    56.084 r  u_alu/u_algorithm/u_div/y1__1059/CO[3]
                         net (fo=1, routed)           0.000    56.084    u_alu/u_algorithm/u_div/y1__1059_n_0
    SLICE_X102Y48        CARRY4 (Prop_carry4_CI_CO[3])
                                                      0.117    56.201 r  u_alu/u_algorithm/u_div/y1__1060/CO[3]
                         net (fo=1, routed)           0.000    56.201    u_alu/u_algorithm/u_div/y1__1060_n_0
    SLICE_X102Y49        CARRY4 (Prop_carry4_CI_CO[3])
                                                      0.117    56.318 r  u_alu/u_algorithm/u_div/y1__1061/CO[3]
                         net (fo=1, routed)           0.001    56.319    u_alu/u_algorithm/u_div/y1__1061_n_0
    SLICE_X102Y50        CARRY4 (Prop_carry4_CI_CO[3])
                                                      0.117    56.436 r  u_alu/u_algorithm/u_div/y1__1062/CO[3]
                         net (fo=1, routed)           0.000    56.436    u_alu/u_algorithm/u_div/y1__1062_n_0
    SLICE_X102Y51        CARRY4 (Prop_carry4_CI_CO[3])
                                                      0.117    56.553 r  u_alu/u_algorithm/u_div/y1__1063/CO[3]
                         net (fo=1, routed)           0.000    56.553    u_alu/u_algorithm/u_div/y1__1063_n_0
    SLICE_X102Y52        CARRY4 (Prop_carry4_CI_CO[3])
                                                      0.117    56.670 r  u_alu/u_algorithm/u_div/y1__1064/CO[3]
                         net (fo=1, routed)           0.000    56.670    u_alu/u_algorithm/u_div/y1__1064_n_0
    SLICE_X102Y53        CARRY4 (Prop_carry4_CI_CO[0])
                                                      0.254    56.924 r  u_alu/u_algorithm/u_div/y1__1065/CO[0]
                         net (fo=34, routed)          0.771    57.695    u_alu/u_algorithm/u_div/y10_in[14]
    SLICE_X103Y53        LUT5 (Prop_lut5_I3_O)        0.367    58.062 r  u_alu/u_algorithm/u_div/y1__1066_i_5/O
                         net (fo=1, routed)           0.000    58.062    u_alu/u_algorithm/u_div/y1__1066_i_5_n_0
    SLICE_X103Y53        CARRY4 (Prop_carry4_S[0]_CO[3])
                                                      0.532    58.594 r  u_alu/u_algorithm/u_div/y1__1066/CO[3]
                         net (fo=1, routed)           0.000    58.594    u_alu/u_algorithm/u_div/y1__1066_n_0
    SLICE_X103Y54        CARRY4 (Prop_carry4_CI_CO[3])
                                                      0.114    58.708 r  u_alu/u_algorithm/u_div/y1__1067/CO[3]
                         net (fo=1, routed)           0.000    58.708    u_alu/u_algorithm/u_div/y1__1067_n_0
    SLICE_X103Y55        CARRY4 (Prop_carry4_CI_CO[3])
                                                      0.114    58.822 r  u_alu/u_algorithm/u_div/y1__1068/CO[3]
                         net (fo=1, routed)           0.000    58.822    u_alu/u_algorithm/u_div/y1__1068_n_0
    SLICE_X103Y56        CARRY4 (Prop_carry4_CI_CO[3])
                                                      0.114    58.936 r  u_alu/u_algorithm/u_div/y1__1069/CO[3]
                         net (fo=1, routed)           0.000    58.936    u_alu/u_algorithm/u_div/y1__1069_n_0
    SLICE_X103Y57        CARRY4 (Prop_carry4_CI_CO[3])
                                                      0.114    59.050 r  u_alu/u_algorithm/u_div/y1__1070/CO[3]
                         net (fo=1, routed)           0.000    59.050    u_alu/u_algorithm/u_div/y1__1070_n_0
    SLICE_X103Y58        CARRY4 (Prop_carry4_CI_CO[3])
                                                      0.114    59.164 r  u_alu/u_algorithm/u_div/y1__1071/CO[3]
                         net (fo=1, routed)           0.000    59.164    u_alu/u_algorithm/u_div/y1__1071_n_0
    SLICE_X103Y59        CARRY4 (Prop_carry4_CI_CO[3])
                                                      0.114    59.278 r  u_alu/u_algorithm/u_div/y1__1072/CO[3]
                         net (fo=1, routed)           0.000    59.278    u_alu/u_algorithm/u_div/y1__1072_n_0
    SLICE_X103Y60        CARRY4 (Prop_carry4_CI_CO[0])
                                                      0.271    59.549 r  u_alu/u_algorithm/u_div/y1__1073/CO[0]
                         net (fo=34, routed)          0.680    60.228    u_alu/u_algorithm/u_div/y10_in[13]
    SLICE_X102Y59        LUT5 (Prop_lut5_I3_O)        0.373    60.601 r  u_alu/u_algorithm/u_div/y1__1074_i_5/O
                         net (fo=1, routed)           0.000    60.601    u_alu/u_algorithm/u_div/y1__1074_i_5_n_0
    SLICE_X102Y59        CARRY4 (Prop_carry4_S[0]_CO[3])
                                                      0.513    61.114 r  u_alu/u_algorithm/u_div/y1__1074/CO[3]
                         net (fo=1, routed)           0.000    61.114    u_alu/u_algorithm/u_div/y1__1074_n_0
    SLICE_X102Y60        CARRY4 (Prop_carry4_CI_CO[3])
                                                      0.117    61.231 r  u_alu/u_algorithm/u_div/y1__1075/CO[3]
                         net (fo=1, routed)           0.000    61.231    u_alu/u_algorithm/u_div/y1__1075_n_0
    SLICE_X102Y61        CARRY4 (Prop_carry4_CI_CO[3])
                                                      0.117    61.348 r  u_alu/u_algorithm/u_div/y1__1076/CO[3]
                         net (fo=1, routed)           0.000    61.348    u_alu/u_algorithm/u_div/y1__1076_n_0
    SLICE_X102Y62        CARRY4 (Prop_carry4_CI_CO[3])
                                                      0.117    61.465 r  u_alu/u_algorithm/u_div/y1__1077/CO[3]
                         net (fo=1, routed)           0.000    61.465    u_alu/u_algorithm/u_div/y1__1077_n_0
    SLICE_X102Y63        CARRY4 (Prop_carry4_CI_CO[3])
                                                      0.117    61.582 r  u_alu/u_algorithm/u_div/y1__1078/CO[3]
                         net (fo=1, routed)           0.000    61.582    u_alu/u_algorithm/u_div/y1__1078_n_0
    SLICE_X102Y64        CARRY4 (Prop_carry4_CI_CO[3])
                                                      0.117    61.699 r  u_alu/u_algorithm/u_div/y1__1079/CO[3]
                         net (fo=1, routed)           0.000    61.699    u_alu/u_algorithm/u_div/y1__1079_n_0
    SLICE_X102Y65        CARRY4 (Prop_carry4_CI_CO[3])
                                                      0.117    61.816 r  u_alu/u_algorithm/u_div/y1__1080/CO[3]
                         net (fo=1, routed)           0.000    61.816    u_alu/u_algorithm/u_div/y1__1080_n_0
    SLICE_X102Y66        CARRY4 (Prop_carry4_CI_CO[0])
                                                      0.254    62.070 r  u_alu/u_algorithm/u_div/y1__1081/CO[0]
                         net (fo=34, routed)          0.733    62.804    u_alu/u_algorithm/u_div/y10_in[12]
    SLICE_X103Y66        LUT5 (Prop_lut5_I3_O)        0.367    63.171 r  u_alu/u_algorithm/u_div/y1__1082_i_5/O
                         net (fo=1, routed)           0.000    63.171    u_alu/u_algorithm/u_div/y1__1082_i_5_n_0
    SLICE_X103Y66        CARRY4 (Prop_carry4_S[0]_CO[3])
                                                      0.532    63.703 r  u_alu/u_algorithm/u_div/y1__1082/CO[3]
                         net (fo=1, routed)           0.000    63.703    u_alu/u_algorithm/u_div/y1__1082_n_0
    SLICE_X103Y67        CARRY4 (Prop_carry4_CI_CO[3])
                                                      0.114    63.817 r  u_alu/u_algorithm/u_div/y1__1083/CO[3]
                         net (fo=1, routed)           0.000    63.817    u_alu/u_algorithm/u_div/y1__1083_n_0
    SLICE_X103Y68        CARRY4 (Prop_carry4_CI_CO[3])
                                                      0.114    63.931 r  u_alu/u_algorithm/u_div/y1__1084/CO[3]
                         net (fo=1, routed)           0.000    63.931    u_alu/u_algorithm/u_div/y1__1084_n_0
    SLICE_X103Y69        CARRY4 (Prop_carry4_CI_CO[3])
                                                      0.114    64.045 r  u_alu/u_algorithm/u_div/y1__1085/CO[3]
                         net (fo=1, routed)           0.000    64.045    u_alu/u_algorithm/u_div/y1__1085_n_0
    SLICE_X103Y70        CARRY4 (Prop_carry4_CI_CO[3])
                                                      0.114    64.159 r  u_alu/u_algorithm/u_div/y1__1086/CO[3]
                         net (fo=1, routed)           0.000    64.159    u_alu/u_algorithm/u_div/y1__1086_n_0
    SLICE_X103Y71        CARRY4 (Prop_carry4_CI_CO[3])
                                                      0.114    64.273 r  u_alu/u_algorithm/u_div/y1__1087/CO[3]
                         net (fo=1, routed)           0.000    64.273    u_alu/u_algorithm/u_div/y1__1087_n_0
    SLICE_X103Y72        CARRY4 (Prop_carry4_CI_CO[3])
                                                      0.114    64.387 r  u_alu/u_algorithm/u_div/y1__1088/CO[3]
                         net (fo=1, routed)           0.000    64.387    u_alu/u_algorithm/u_div/y1__1088_n_0
    SLICE_X103Y73        CARRY4 (Prop_carry4_CI_CO[0])
                                                      0.271    64.658 r  u_alu/u_algorithm/u_div/y1__1089/CO[0]
                         net (fo=34, routed)          0.528    65.185    u_alu/u_algorithm/u_div/y10_in[11]
    SLICE_X102Y73        LUT5 (Prop_lut5_I0_O)        0.373    65.558 r  u_alu/u_algorithm/u_div/y1__1090_i_4/O
                         net (fo=1, routed)           0.000    65.558    u_alu/u_algorithm/u_div/y1__1090_i_4_n_0
    SLICE_X102Y73        CARRY4 (Prop_carry4_S[1]_CO[3])
                                                      0.533    66.091 r  u_alu/u_algorithm/u_div/y1__1090/CO[3]
                         net (fo=1, routed)           0.000    66.091    u_alu/u_algorithm/u_div/y1__1090_n_0
    SLICE_X102Y74        CARRY4 (Prop_carry4_CI_CO[3])
                                                      0.117    66.208 r  u_alu/u_algorithm/u_div/y1__1091/CO[3]
                         net (fo=1, routed)           0.009    66.217    u_alu/u_algorithm/u_div/y1__1091_n_0
    SLICE_X102Y75        CARRY4 (Prop_carry4_CI_CO[3])
                                                      0.117    66.334 r  u_alu/u_algorithm/u_div/y1__1092/CO[3]
                         net (fo=1, routed)           0.000    66.334    u_alu/u_algorithm/u_div/y1__1092_n_0
    SLICE_X102Y76        CARRY4 (Prop_carry4_CI_CO[3])
                                                      0.117    66.451 r  u_alu/u_algorithm/u_div/y1__1093/CO[3]
                         net (fo=1, routed)           0.000    66.451    u_alu/u_algorithm/u_div/y1__1093_n_0
    SLICE_X102Y77        CARRY4 (Prop_carry4_CI_CO[3])
                                                      0.117    66.568 r  u_alu/u_algorithm/u_div/y1__1094/CO[3]
                         net (fo=1, routed)           0.000    66.568    u_alu/u_algorithm/u_div/y1__1094_n_0
    SLICE_X102Y78        CARRY4 (Prop_carry4_CI_CO[3])
                                                      0.117    66.685 r  u_alu/u_algorithm/u_div/y1__1095/CO[3]
                         net (fo=1, routed)           0.000    66.685    u_alu/u_algorithm/u_div/y1__1095_n_0
    SLICE_X102Y79        CARRY4 (Prop_carry4_CI_CO[3])
                                                      0.117    66.802 r  u_alu/u_algorithm/u_div/y1__1096/CO[3]
                         net (fo=1, routed)           0.000    66.802    u_alu/u_algorithm/u_div/y1__1096_n_0
    SLICE_X102Y80        CARRY4 (Prop_carry4_CI_CO[0])
                                                      0.254    67.056 r  u_alu/u_algorithm/u_div/y1__1097/CO[0]
                         net (fo=34, routed)          0.650    67.706    u_alu/u_algorithm/u_div/y10_in[10]
    SLICE_X103Y79        LUT5 (Prop_lut5_I3_O)        0.367    68.073 r  u_alu/u_algorithm/u_div/y1__1098_i_5/O
                         net (fo=1, routed)           0.000    68.073    u_alu/u_algorithm/u_div/y1__1098_i_5_n_0
    SLICE_X103Y79        CARRY4 (Prop_carry4_S[0]_CO[3])
                                                      0.532    68.605 r  u_alu/u_algorithm/u_div/y1__1098/CO[3]
                         net (fo=1, routed)           0.000    68.605    u_alu/u_algorithm/u_div/y1__1098_n_0
    SLICE_X103Y80        CARRY4 (Prop_carry4_CI_CO[3])
                                                      0.114    68.719 r  u_alu/u_algorithm/u_div/y1__1099/CO[3]
                         net (fo=1, routed)           0.000    68.719    u_alu/u_algorithm/u_div/y1__1099_n_0
    SLICE_X103Y81        CARRY4 (Prop_carry4_CI_CO[3])
                                                      0.114    68.833 r  u_alu/u_algorithm/u_div/y1__1100/CO[3]
                         net (fo=1, routed)           0.000    68.833    u_alu/u_algorithm/u_div/y1__1100_n_0
    SLICE_X103Y82        CARRY4 (Prop_carry4_CI_CO[3])
                                                      0.114    68.947 r  u_alu/u_algorithm/u_div/y1__1101/CO[3]
                         net (fo=1, routed)           0.000    68.947    u_alu/u_algorithm/u_div/y1__1101_n_0
    SLICE_X103Y83        CARRY4 (Prop_carry4_CI_CO[3])
                                                      0.114    69.061 r  u_alu/u_algorithm/u_div/y1__1102/CO[3]
                         net (fo=1, routed)           0.000    69.061    u_alu/u_algorithm/u_div/y1__1102_n_0
    SLICE_X103Y84        CARRY4 (Prop_carry4_CI_CO[3])
                                                      0.114    69.175 r  u_alu/u_algorithm/u_div/y1__1103/CO[3]
                         net (fo=1, routed)           0.000    69.175    u_alu/u_algorithm/u_div/y1__1103_n_0
    SLICE_X103Y85        CARRY4 (Prop_carry4_CI_CO[3])
                                                      0.114    69.289 r  u_alu/u_algorithm/u_div/y1__1104/CO[3]
                         net (fo=1, routed)           0.000    69.289    u_alu/u_algorithm/u_div/y1__1104_n_0
    SLICE_X103Y86        CARRY4 (Prop_carry4_CI_CO[0])
                                                      0.271    69.560 r  u_alu/u_algorithm/u_div/y1__1105/CO[0]
                         net (fo=34, routed)          0.545    70.105    u_alu/u_algorithm/u_div/y10_in[9]
    SLICE_X102Y86        LUT5 (Prop_lut5_I0_O)        0.373    70.478 r  u_alu/u_algorithm/u_div/y1__1106_i_4/O
                         net (fo=1, routed)           0.000    70.478    u_alu/u_algorithm/u_div/y1__1106_i_4_n_0
    SLICE_X102Y86        CARRY4 (Prop_carry4_S[1]_CO[3])
                                                      0.533    71.011 r  u_alu/u_algorithm/u_div/y1__1106/CO[3]
                         net (fo=1, routed)           0.000    71.011    u_alu/u_algorithm/u_div/y1__1106_n_0
    SLICE_X102Y87        CARRY4 (Prop_carry4_CI_CO[3])
                                                      0.117    71.128 r  u_alu/u_algorithm/u_div/y1__1107/CO[3]
                         net (fo=1, routed)           0.000    71.128    u_alu/u_algorithm/u_div/y1__1107_n_0
    SLICE_X102Y88        CARRY4 (Prop_carry4_CI_CO[3])
                                                      0.117    71.245 r  u_alu/u_algorithm/u_div/y1__1108/CO[3]
                         net (fo=1, routed)           0.000    71.245    u_alu/u_algorithm/u_div/y1__1108_n_0
    SLICE_X102Y89        CARRY4 (Prop_carry4_CI_CO[3])
                                                      0.117    71.362 r  u_alu/u_algorithm/u_div/y1__1109/CO[3]
                         net (fo=1, routed)           0.000    71.362    u_alu/u_algorithm/u_div/y1__1109_n_0
    SLICE_X102Y90        CARRY4 (Prop_carry4_CI_CO[3])
                                                      0.117    71.479 r  u_alu/u_algorithm/u_div/y1__1110/CO[3]
                         net (fo=1, routed)           0.000    71.479    u_alu/u_algorithm/u_div/y1__1110_n_0
    SLICE_X102Y91        CARRY4 (Prop_carry4_CI_CO[3])
                                                      0.117    71.595 r  u_alu/u_algorithm/u_div/y1__1111/CO[3]
                         net (fo=1, routed)           0.000    71.595    u_alu/u_algorithm/u_div/y1__1111_n_0
    SLICE_X102Y92        CARRY4 (Prop_carry4_CI_CO[3])
                                                      0.117    71.712 r  u_alu/u_algorithm/u_div/y1__1112/CO[3]
                         net (fo=1, routed)           0.000    71.712    u_alu/u_algorithm/u_div/y1__1112_n_0
    SLICE_X102Y93        CARRY4 (Prop_carry4_CI_CO[0])
                                                      0.254    71.966 r  u_alu/u_algorithm/u_div/y1__1113/CO[0]
                         net (fo=34, routed)          0.735    72.701    u_alu/u_algorithm/u_div/y10_in[8]
    SLICE_X103Y93        LUT5 (Prop_lut5_I3_O)        0.367    73.068 r  u_alu/u_algorithm/u_div/y1__1114_i_5/O
                         net (fo=1, routed)           0.000    73.068    u_alu/u_algorithm/u_div/y1__1114_i_5_n_0
    SLICE_X103Y93        CARRY4 (Prop_carry4_S[0]_CO[3])
                                                      0.532    73.600 r  u_alu/u_algorithm/u_div/y1__1114/CO[3]
                         net (fo=1, routed)           0.000    73.600    u_alu/u_algorithm/u_div/y1__1114_n_0
    SLICE_X103Y94        CARRY4 (Prop_carry4_CI_CO[3])
                                                      0.114    73.714 r  u_alu/u_algorithm/u_div/y1__1115/CO[3]
                         net (fo=1, routed)           0.000    73.714    u_alu/u_algorithm/u_div/y1__1115_n_0
    SLICE_X103Y95        CARRY4 (Prop_carry4_CI_CO[3])
                                                      0.114    73.828 r  u_alu/u_algorithm/u_div/y1__1116/CO[3]
                         net (fo=1, routed)           0.000    73.828    u_alu/u_algorithm/u_div/y1__1116_n_0
    SLICE_X103Y96        CARRY4 (Prop_carry4_CI_CO[3])
                                                      0.114    73.942 r  u_alu/u_algorithm/u_div/y1__1117/CO[3]
                         net (fo=1, routed)           0.000    73.942    u_alu/u_algorithm/u_div/y1__1117_n_0
    SLICE_X103Y97        CARRY4 (Prop_carry4_CI_CO[3])
                                                      0.114    74.056 r  u_alu/u_algorithm/u_div/y1__1118/CO[3]
                         net (fo=1, routed)           0.000    74.056    u_alu/u_algorithm/u_div/y1__1118_n_0
    SLICE_X103Y98        CARRY4 (Prop_carry4_CI_CO[3])
                                                      0.114    74.170 r  u_alu/u_algorithm/u_div/y1__1119/CO[3]
                         net (fo=1, routed)           0.000    74.170    u_alu/u_algorithm/u_div/y1__1119_n_0
    SLICE_X103Y99        CARRY4 (Prop_carry4_CI_CO[3])
                                                      0.114    74.284 r  u_alu/u_algorithm/u_div/y1__1120/CO[3]
                         net (fo=1, routed)           0.001    74.285    u_alu/u_algorithm/u_div/y1__1120_n_0
    SLICE_X103Y100       CARRY4 (Prop_carry4_CI_CO[0])
                                                      0.271    74.556 r  u_alu/u_algorithm/u_div/y1__1121/CO[0]
                         net (fo=34, routed)          0.731    75.287    u_alu/u_algorithm/u_div/y10_in[7]
    SLICE_X102Y100       LUT5 (Prop_lut5_I0_O)        0.373    75.660 r  u_alu/u_algorithm/u_div/y1__1122_i_4/O
                         net (fo=1, routed)           0.000    75.660    u_alu/u_algorithm/u_div/y1__1122_i_4_n_0
    SLICE_X102Y100       CARRY4 (Prop_carry4_S[1]_CO[3])
                                                      0.533    76.193 r  u_alu/u_algorithm/u_div/y1__1122/CO[3]
                         net (fo=1, routed)           0.000    76.193    u_alu/u_algorithm/u_div/y1__1122_n_0
    SLICE_X102Y101       CARRY4 (Prop_carry4_CI_CO[3])
                                                      0.117    76.310 r  u_alu/u_algorithm/u_div/y1__1123/CO[3]
                         net (fo=1, routed)           0.000    76.310    u_alu/u_algorithm/u_div/y1__1123_n_0
    SLICE_X102Y102       CARRY4 (Prop_carry4_CI_CO[3])
                                                      0.117    76.427 r  u_alu/u_algorithm/u_div/y1__1124/CO[3]
                         net (fo=1, routed)           0.000    76.427    u_alu/u_algorithm/u_div/y1__1124_n_0
    SLICE_X102Y103       CARRY4 (Prop_carry4_CI_CO[3])
                                                      0.117    76.544 r  u_alu/u_algorithm/u_div/y1__1125/CO[3]
                         net (fo=1, routed)           0.000    76.544    u_alu/u_algorithm/u_div/y1__1125_n_0
    SLICE_X102Y104       CARRY4 (Prop_carry4_CI_CO[3])
                                                      0.117    76.661 r  u_alu/u_algorithm/u_div/y1__1126/CO[3]
                         net (fo=1, routed)           0.000    76.661    u_alu/u_algorithm/u_div/y1__1126_n_0
    SLICE_X102Y105       CARRY4 (Prop_carry4_CI_CO[3])
                                                      0.117    76.778 r  u_alu/u_algorithm/u_div/y1__1127/CO[3]
                         net (fo=1, routed)           0.000    76.778    u_alu/u_algorithm/u_div/y1__1127_n_0
    SLICE_X102Y106       CARRY4 (Prop_carry4_CI_CO[3])
                                                      0.117    76.895 r  u_alu/u_algorithm/u_div/y1__1128/CO[3]
                         net (fo=1, routed)           0.000    76.895    u_alu/u_algorithm/u_div/y1__1128_n_0
    SLICE_X102Y107       CARRY4 (Prop_carry4_CI_CO[0])
                                                      0.254    77.149 r  u_alu/u_algorithm/u_div/y1__1129/CO[0]
                         net (fo=33, routed)          0.660    77.809    u_alu/u_algorithm/u_div/y10_in[6]
    SLICE_X103Y106       LUT5 (Prop_lut5_I3_O)        0.367    78.176 r  u_alu/u_algorithm/u_div/y1__1130_i_5/O
                         net (fo=1, routed)           0.000    78.176    u_alu/u_algorithm/u_div/y1__1130_i_5_n_0
    SLICE_X103Y106       CARRY4 (Prop_carry4_S[0]_CO[3])
                                                      0.532    78.708 r  u_alu/u_algorithm/u_div/y1__1130/CO[3]
                         net (fo=1, routed)           0.000    78.708    u_alu/u_algorithm/u_div/y1__1130_n_0
    SLICE_X103Y107       CARRY4 (Prop_carry4_CI_CO[3])
                                                      0.114    78.822 r  u_alu/u_algorithm/u_div/y1__1131/CO[3]
                         net (fo=1, routed)           0.000    78.822    u_alu/u_algorithm/u_div/y1__1131_n_0
    SLICE_X103Y108       CARRY4 (Prop_carry4_CI_CO[3])
                                                      0.114    78.936 r  u_alu/u_algorithm/u_div/y1__1132/CO[3]
                         net (fo=1, routed)           0.000    78.936    u_alu/u_algorithm/u_div/y1__1132_n_0
    SLICE_X103Y109       CARRY4 (Prop_carry4_CI_CO[3])
                                                      0.114    79.050 r  u_alu/u_algorithm/u_div/y1__1133/CO[3]
                         net (fo=1, routed)           0.000    79.050    u_alu/u_algorithm/u_div/y1__1133_n_0
    SLICE_X103Y110       CARRY4 (Prop_carry4_CI_CO[3])
                                                      0.114    79.164 r  u_alu/u_algorithm/u_div/y1__1134/CO[3]
                         net (fo=1, routed)           0.000    79.164    u_alu/u_algorithm/u_div/y1__1134_n_0
    SLICE_X103Y111       CARRY4 (Prop_carry4_CI_CO[3])
                                                      0.114    79.278 r  u_alu/u_algorithm/u_div/y1__1135/CO[3]
                         net (fo=1, routed)           0.000    79.278    u_alu/u_algorithm/u_div/y1__1135_n_0
    SLICE_X103Y112       CARRY4 (Prop_carry4_CI_CO[3])
                                                      0.114    79.392 r  u_alu/u_algorithm/u_div/y1__1136/CO[3]
                         net (fo=1, routed)           0.000    79.392    u_alu/u_algorithm/u_div/y1__1136_n_0
    SLICE_X103Y113       CARRY4 (Prop_carry4_CI_CO[0])
                                                      0.271    79.663 r  u_alu/u_algorithm/u_div/y1__1137/CO[0]
                         net (fo=33, routed)          0.644    80.307    u_alu/u_algorithm/u_div/y10_in[5]
    SLICE_X104Y112       CARRY4 (Prop_carry4_CYINIT_CO[3])
                                                      0.844    81.151 r  u_alu/u_algorithm/u_div/y1__1138/CO[3]
                         net (fo=1, routed)           0.000    81.151    u_alu/u_algorithm/u_div/y1__1138_n_0
    SLICE_X104Y113       CARRY4 (Prop_carry4_CI_CO[3])
                                                      0.117    81.268 r  u_alu/u_algorithm/u_div/y1__1139/CO[3]
                         net (fo=1, routed)           0.000    81.268    u_alu/u_algorithm/u_div/y1__1139_n_0
    SLICE_X104Y114       CARRY4 (Prop_carry4_CI_CO[3])
                                                      0.117    81.385 r  u_alu/u_algorithm/u_div/y1__1140/CO[3]
                         net (fo=1, routed)           0.000    81.385    u_alu/u_algorithm/u_div/y1__1140_n_0
    SLICE_X104Y115       CARRY4 (Prop_carry4_CI_CO[3])
                                                      0.117    81.502 r  u_alu/u_algorithm/u_div/y1__1141/CO[3]
                         net (fo=1, routed)           0.000    81.502    u_alu/u_algorithm/u_div/y1__1141_n_0
    SLICE_X104Y116       CARRY4 (Prop_carry4_CI_CO[3])
                                                      0.117    81.619 r  u_alu/u_algorithm/u_div/y1__1142/CO[3]
                         net (fo=1, routed)           0.000    81.619    u_alu/u_algorithm/u_div/y1__1142_n_0
    SLICE_X104Y117       CARRY4 (Prop_carry4_CI_CO[3])
                                                      0.117    81.736 r  u_alu/u_algorithm/u_div/y1__1143/CO[3]
                         net (fo=1, routed)           0.000    81.736    u_alu/u_algorithm/u_div/y1__1143_n_0
    SLICE_X104Y118       CARRY4 (Prop_carry4_CI_CO[3])
                                                      0.117    81.853 r  u_alu/u_algorithm/u_div/y1__1144/CO[3]
                         net (fo=1, routed)           0.000    81.853    u_alu/u_algorithm/u_div/y1__1144_n_0
    SLICE_X104Y119       CARRY4 (Prop_carry4_CI_CO[1])
                                                      0.157    82.010 r  u_alu/u_algorithm/u_div/y1__1145/CO[1]
                         net (fo=34, routed)          0.729    82.739    u_alu/u_algorithm/u_div/y10_in[4]
    SLICE_X103Y119       LUT4 (Prop_lut4_I3_O)        0.332    83.071 r  u_alu/u_algorithm/u_div/y1__1146_i_4/O
                         net (fo=1, routed)           0.000    83.071    u_alu/u_algorithm/u_div/y1__1146_i_4_n_0
    SLICE_X103Y119       CARRY4 (Prop_carry4_S[1]_CO[3])
                                                      0.550    83.621 r  u_alu/u_algorithm/u_div/y1__1146/CO[3]
                         net (fo=1, routed)           0.000    83.621    u_alu/u_algorithm/u_div/y1__1146_n_0
    SLICE_X103Y120       CARRY4 (Prop_carry4_CI_CO[3])
                                                      0.114    83.735 r  u_alu/u_algorithm/u_div/y1__1147/CO[3]
                         net (fo=1, routed)           0.000    83.735    u_alu/u_algorithm/u_div/y1__1147_n_0
    SLICE_X103Y121       CARRY4 (Prop_carry4_CI_CO[3])
                                                      0.114    83.849 r  u_alu/u_algorithm/u_div/y1__1148/CO[3]
                         net (fo=1, routed)           0.000    83.849    u_alu/u_algorithm/u_div/y1__1148_n_0
    SLICE_X103Y122       CARRY4 (Prop_carry4_CI_CO[3])
                                                      0.114    83.963 r  u_alu/u_algorithm/u_div/y1__1149/CO[3]
                         net (fo=1, routed)           0.000    83.963    u_alu/u_algorithm/u_div/y1__1149_n_0
    SLICE_X103Y123       CARRY4 (Prop_carry4_CI_CO[3])
                                                      0.114    84.077 r  u_alu/u_algorithm/u_div/y1__1150/CO[3]
                         net (fo=1, routed)           0.000    84.077    u_alu/u_algorithm/u_div/y1__1150_n_0
    SLICE_X103Y124       CARRY4 (Prop_carry4_CI_CO[3])
                                                      0.114    84.191 r  u_alu/u_algorithm/u_div/y1__1151/CO[3]
                         net (fo=1, routed)           0.009    84.200    u_alu/u_algorithm/u_div/y1__1151_n_0
    SLICE_X103Y125       CARRY4 (Prop_carry4_CI_CO[3])
                                                      0.114    84.314 r  u_alu/u_algorithm/u_div/y1__1152/CO[3]
                         net (fo=1, routed)           0.000    84.314    u_alu/u_algorithm/u_div/y1__1152_n_0
    SLICE_X103Y126       CARRY4 (Prop_carry4_CI_CO[1])
                                                      0.157    84.471 r  u_alu/u_algorithm/u_div/y1__1153/CO[1]
                         net (fo=34, routed)          0.699    85.170    u_alu/u_algorithm/u_div/y10_in[3]
    SLICE_X102Y126       LUT4 (Prop_lut4_I3_O)        0.329    85.499 r  u_alu/u_algorithm/u_div/y1__1154_i_4/O
                         net (fo=1, routed)           0.000    85.499    u_alu/u_algorithm/u_div/y1__1154_i_4_n_0
    SLICE_X102Y126       CARRY4 (Prop_carry4_S[1]_CO[3])
                                                      0.533    86.032 r  u_alu/u_algorithm/u_div/y1__1154/CO[3]
                         net (fo=1, routed)           0.000    86.032    u_alu/u_algorithm/u_div/y1__1154_n_0
    SLICE_X102Y127       CARRY4 (Prop_carry4_CI_CO[3])
                                                      0.117    86.149 r  u_alu/u_algorithm/u_div/y1__1155/CO[3]
                         net (fo=1, routed)           0.000    86.149    u_alu/u_algorithm/u_div/y1__1155_n_0
    SLICE_X102Y128       CARRY4 (Prop_carry4_CI_CO[3])
                                                      0.117    86.266 r  u_alu/u_algorithm/u_div/y1__1156/CO[3]
                         net (fo=1, routed)           0.000    86.266    u_alu/u_algorithm/u_div/y1__1156_n_0
    SLICE_X102Y129       CARRY4 (Prop_carry4_CI_CO[3])
                                                      0.117    86.383 r  u_alu/u_algorithm/u_div/y1__1157/CO[3]
                         net (fo=1, routed)           0.000    86.383    u_alu/u_algorithm/u_div/y1__1157_n_0
    SLICE_X102Y130       CARRY4 (Prop_carry4_CI_CO[3])
                                                      0.117    86.500 r  u_alu/u_algorithm/u_div/y1__1158/CO[3]
                         net (fo=1, routed)           0.000    86.500    u_alu/u_algorithm/u_div/y1__1158_n_0
    SLICE_X102Y131       CARRY4 (Prop_carry4_CI_CO[3])
                                                      0.117    86.617 r  u_alu/u_algorithm/u_div/y1__1159/CO[3]
                         net (fo=1, routed)           0.000    86.617    u_alu/u_algorithm/u_div/y1__1159_n_0
    SLICE_X102Y132       CARRY4 (Prop_carry4_CI_CO[3])
                                                      0.117    86.734 r  u_alu/u_algorithm/u_div/y1__1160/CO[3]
                         net (fo=1, routed)           0.000    86.734    u_alu/u_algorithm/u_div/y1__1160_n_0
    SLICE_X102Y133       CARRY4 (Prop_carry4_CI_CO[1])
                                                      0.157    86.891 r  u_alu/u_algorithm/u_div/y1__1161/CO[1]
                         net (fo=34, routed)          0.701    87.592    u_alu/u_algorithm/u_div/y10_in[2]
    SLICE_X103Y131       LUT4 (Prop_lut4_I3_O)        0.332    87.924 r  u_alu/u_algorithm/u_div/y1__1162_i_4/O
                         net (fo=1, routed)           0.000    87.924    u_alu/u_algorithm/u_div/y1__1162_i_4_n_0
    SLICE_X103Y131       CARRY4 (Prop_carry4_S[1]_CO[3])
                                                      0.550    88.474 r  u_alu/u_algorithm/u_div/y1__1162/CO[3]
                         net (fo=1, routed)           0.000    88.474    u_alu/u_algorithm/u_div/y1__1162_n_0
    SLICE_X103Y132       CARRY4 (Prop_carry4_CI_CO[3])
                                                      0.114    88.588 r  u_alu/u_algorithm/u_div/y1__1163/CO[3]
                         net (fo=1, routed)           0.000    88.588    u_alu/u_algorithm/u_div/y1__1163_n_0
    SLICE_X103Y133       CARRY4 (Prop_carry4_CI_CO[3])
                                                      0.114    88.702 r  u_alu/u_algorithm/u_div/y1__1164/CO[3]
                         net (fo=1, routed)           0.000    88.702    u_alu/u_algorithm/u_div/y1__1164_n_0
    SLICE_X103Y134       CARRY4 (Prop_carry4_CI_CO[3])
                                                      0.114    88.816 r  u_alu/u_algorithm/u_div/y1__1165/CO[3]
                         net (fo=1, routed)           0.000    88.816    u_alu/u_algorithm/u_div/y1__1165_n_0
    SLICE_X103Y135       CARRY4 (Prop_carry4_CI_CO[3])
                                                      0.114    88.930 r  u_alu/u_algorithm/u_div/y1__1166/CO[3]
                         net (fo=1, routed)           0.000    88.930    u_alu/u_algorithm/u_div/y1__1166_n_0
    SLICE_X103Y136       CARRY4 (Prop_carry4_CI_CO[3])
                                                      0.114    89.044 r  u_alu/u_algorithm/u_div/y1__1167/CO[3]
                         net (fo=1, routed)           0.000    89.044    u_alu/u_algorithm/u_div/y1__1167_n_0
    SLICE_X103Y137       CARRY4 (Prop_carry4_CI_CO[3])
                                                      0.114    89.158 r  u_alu/u_algorithm/u_div/y1__1168/CO[3]
                         net (fo=1, routed)           0.000    89.158    u_alu/u_algorithm/u_div/y1__1168_n_0
    SLICE_X103Y138       CARRY4 (Prop_carry4_CI_CO[1])
                                                      0.157    89.315 r  u_alu/u_algorithm/u_div/y1__1169/CO[1]
                         net (fo=34, routed)          0.926    90.241    u_alu/u_algorithm/u_div/y10_in[1]
    SLICE_X102Y134       LUT5 (Prop_lut5_I0_O)        0.329    90.570 r  u_alu/u_algorithm/u_div/y1__1170_i_4/O
                         net (fo=1, routed)           0.000    90.570    u_alu/u_algorithm/u_div/y1__1170_i_4_n_0
    SLICE_X102Y134       CARRY4 (Prop_carry4_S[1]_CO[3])
                                                      0.533    91.103 r  u_alu/u_algorithm/u_div/y1__1170/CO[3]
                         net (fo=1, routed)           0.000    91.103    u_alu/u_algorithm/u_div/y1__1170_n_0
    SLICE_X102Y135       CARRY4 (Prop_carry4_CI_CO[3])
                                                      0.117    91.220 r  u_alu/u_algorithm/u_div/y1__1171/CO[3]
                         net (fo=1, routed)           0.000    91.220    u_alu/u_algorithm/u_div/y1__1171_n_0
    SLICE_X102Y136       CARRY4 (Prop_carry4_CI_CO[3])
                                                      0.117    91.337 r  u_alu/u_algorithm/u_div/y1__1172/CO[3]
                         net (fo=1, routed)           0.000    91.337    u_alu/u_algorithm/u_div/y1__1172_n_0
    SLICE_X102Y137       CARRY4 (Prop_carry4_CI_CO[3])
                                                      0.117    91.454 r  u_alu/u_algorithm/u_div/y1__1173/CO[3]
                         net (fo=1, routed)           0.000    91.454    u_alu/u_algorithm/u_div/y1__1173_n_0
    SLICE_X102Y138       CARRY4 (Prop_carry4_CI_CO[3])
                                                      0.117    91.571 r  u_alu/u_algorithm/u_div/y1__1174/CO[3]
                         net (fo=1, routed)           0.000    91.571    u_alu/u_algorithm/u_div/y1__1174_n_0
    SLICE_X102Y139       CARRY4 (Prop_carry4_CI_CO[3])
                                                      0.117    91.688 r  u_alu/u_algorithm/u_div/y1__1175/CO[3]
                         net (fo=1, routed)           0.000    91.688    u_alu/u_algorithm/u_div/y1__1175_n_0
    SLICE_X102Y140       CARRY4 (Prop_carry4_CI_CO[3])
                                                      0.117    91.805 r  u_alu/u_algorithm/u_div/y1__1176/CO[3]
                         net (fo=1, routed)           0.000    91.805    u_alu/u_algorithm/u_div/y1__1176_n_0
    SLICE_X102Y141       CARRY4 (Prop_carry4_CI_CO[0])
                                                      0.254    92.059 f  u_alu/u_algorithm/u_div/y1__1177/CO[0]
                         net (fo=2, routed)           0.308    92.367    u_alu/u_algorithm/u_div/y10_in[0]
    SLICE_X103Y143       LUT1 (Prop_lut1_I0_O)        0.367    92.734 r  u_alu/u_algorithm/u_div/y[4]_i_3/O
                         net (fo=1, routed)           0.332    93.066    u_alu/u_algorithm/u_div/p_0_in[0]
    SLICE_X102Y145       CARRY4 (Prop_carry4_CYINIT_CO[3])
                                                      0.595    93.661 r  u_alu/u_algorithm/u_div/y_reg[4]_i_2/CO[3]
                         net (fo=1, routed)           0.000    93.661    u_alu/u_algorithm/u_div/y_reg[4]_i_2_n_0
    SLICE_X102Y146       CARRY4 (Prop_carry4_CI_CO[3])
                                                      0.117    93.778 r  u_alu/u_algorithm/u_div/y_reg[8]_i_2/CO[3]
                         net (fo=1, routed)           0.000    93.778    u_alu/u_algorithm/u_div/y_reg[8]_i_2_n_0
    SLICE_X102Y147       CARRY4 (Prop_carry4_CI_O[2])
                                                      0.239    94.017 r  u_alu/u_algorithm/u_div/y_reg[12]_i_2/O[2]
                         net (fo=1, routed)           0.301    94.319    u_alu/u_algorithm/u_div/y1[11]
    SLICE_X105Y147       LUT5 (Prop_lut5_I1_O)        0.301    94.620 r  u_alu/u_algorithm/u_div/y[11]_i_1/O
                         net (fo=1, routed)           0.000    94.620    u_alu/u_algorithm/u_div/y[11]_i_1_n_0
    SLICE_X105Y147       FDCE                                         r  u_alu/u_algorithm/u_div/y_reg[11]/D
  -------------------------------------------------------------------    -------------------

                         (clock sys_clk_pin rise edge)
                                                      8.000     8.000 r  
    H16                                               0.000     8.000 r  clk (IN)
                         net (fo=0)                   0.000     8.000    clk
    H16                  IBUF (Prop_ibuf_I_O)         1.380     9.380 r  clk_IBUF_inst/O
                         net (fo=1, routed)           2.293    11.673    clk_IBUF
    BUFGCTRL_X0Y16       BUFG (Prop_bufg_I_O)         0.091    11.764 r  clk_IBUF_BUFG_inst/O
                         net (fo=126, routed)         1.784    13.549    u_alu/u_algorithm/u_div/clk_IBUF_BUFG
    SLICE_X105Y147       FDCE                                         r  u_alu/u_algorithm/u_div/y_reg[11]/C
                         clock pessimism              0.309    13.858    
                         clock uncertainty           -0.035    13.822    
    SLICE_X105Y147       FDCE (Setup_fdce_C_D)        0.031    13.853    u_alu/u_algorithm/u_div/y_reg[11]
  -------------------------------------------------------------------
                         required time                         13.853    
                         arrival time                         -94.620    
  -------------------------------------------------------------------
                         slack                                -80.766    

Slack (VIOLATED) :        -80.738ns  (required time - arrival time)
  Source:                 B_in_reg[4]_replica_8/C
                            (rising edge-triggered cell FDCE clocked by sys_clk_pin  {rise@0.000ns fall@4.000ns period=8.000ns})
  Destination:            u_alu/u_algorithm/u_div/y_reg[6]/D
                            (rising edge-triggered cell FDCE clocked by sys_clk_pin  {rise@0.000ns fall@4.000ns period=8.000ns})
  Path Group:             sys_clk_pin
  Path Type:              Setup (Max at Slow Process Corner)
  Requirement:            8.000ns  (sys_clk_pin rise@8.000ns - sys_clk_pin rise@0.000ns)
  Data Path Delay:        88.636ns  (logic 61.353ns (69.219%)  route 27.283ns (30.781%))
  Logic Levels:           289  (CARRY4=256 LUT1=2 LUT2=1 LUT4=5 LUT5=24 LUT6=1)
  Clock Path Skew:        -0.098ns (DCD - SCD + CPR)
    Destination Clock Delay (DCD):    5.548ns = ( 13.548 - 8.000 ) 
    Source Clock Delay      (SCD):    5.955ns
    Clock Pessimism Removal (CPR):    0.309ns
  Clock Uncertainty:      0.035ns  ((TSJ^2 + TIJ^2)^1/2 + DJ) / 2 + PE
    Total System Jitter     (TSJ):    0.071ns
    Total Input Jitter      (TIJ):    0.000ns
    Discrete Jitter          (DJ):    0.000ns
    Phase Error              (PE):    0.000ns

    Location             Delay type                Incr(ns)  Path(ns)    Netlist Resource(s)
  -------------------------------------------------------------------    -------------------
                         (clock sys_clk_pin rise edge)
                                                      0.000     0.000 r  
    H16                                               0.000     0.000 r  clk (IN)
                         net (fo=0)                   0.000     0.000    clk
    H16                  IBUF (Prop_ibuf_I_O)         1.451     1.451 r  clk_IBUF_inst/O
                         net (fo=1, routed)           2.522     3.973    clk_IBUF
    BUFGCTRL_X0Y16       BUFG (Prop_bufg_I_O)         0.101     4.074 r  clk_IBUF_BUFG_inst/O
                         net (fo=126, routed)         1.881     5.955    clk_IBUF_BUFG
    SLICE_X107Y6         FDCE                                         r  B_in_reg[4]_replica_8/C
  -------------------------------------------------------------------    -------------------
    SLICE_X107Y6         FDCE (Prop_fdce_C_Q)         0.456     6.411 f  B_in_reg[4]_replica_8/Q
                         net (fo=1, routed)           0.403     6.814    u_alu/u_algorithm/u_div/B_in_reg_n_0_[4]_repN_8_alias
    SLICE_X107Y7         LUT1 (Prop_lut1_I0_O)        0.124     6.938 r  u_alu/u_algorithm/u_div/y20_carry__0_i_4/O
                         net (fo=1, routed)           0.000     6.938    u_alu/u_algorithm/u_div/y20_carry__0_i_4_n_0
    SLICE_X107Y7         CARRY4 (Prop_carry4_S[0]_CO[3])
                                                      0.532     7.470 r  u_alu/u_algorithm/u_div/y20_carry__0/CO[3]
                         net (fo=1, routed)           0.000     7.470    u_alu/u_algorithm/u_div/y20_carry__0_n_0
    SLICE_X107Y8         CARRY4 (Prop_carry4_CI_CO[3])
                                                      0.114     7.584 r  u_alu/u_algorithm/u_div/y20_carry__1/CO[3]
                         net (fo=1, routed)           0.000     7.584    u_alu/u_algorithm/u_div/y20_carry__1_n_0
    SLICE_X107Y9         CARRY4 (Prop_carry4_CI_CO[0])
                                                      0.271     7.855 r  u_alu/u_algorithm/u_div/y1__925_i_9/CO[0]
                         net (fo=528, routed)         0.879     8.734    u_alu/u_algorithm/u_div/y1__925_i_9_n_3
    SLICE_X106Y6         LUT2 (Prop_lut2_I0_O)        0.373     9.107 r  u_alu/u_algorithm/u_div/y1__926_i_7/O
                         net (fo=1, routed)           0.000     9.107    u_alu/u_algorithm/u_div/y1__926_i_7_n_0
    SLICE_X106Y6         CARRY4 (Prop_carry4_S[1]_CO[3])
                                                      0.550     9.657 r  u_alu/u_algorithm/u_div/y1__926/CO[3]
                         net (fo=1, routed)           0.000     9.657    u_alu/u_algorithm/u_div/y1__926_n_0
    SLICE_X106Y7         CARRY4 (Prop_carry4_CI_CO[3])
                                                      0.114     9.771 r  u_alu/u_algorithm/u_div/y1__927/CO[3]
                         net (fo=1, routed)           0.000     9.771    u_alu/u_algorithm/u_div/y1__927_n_0
    SLICE_X106Y8         CARRY4 (Prop_carry4_CI_CO[3])
                                                      0.114     9.885 r  u_alu/u_algorithm/u_div/y1__928/CO[3]
                         net (fo=1, routed)           0.000     9.885    u_alu/u_algorithm/u_div/y1__928_n_0
    SLICE_X106Y9         CARRY4 (Prop_carry4_CI_CO[2])
                                                      0.228    10.113 r  u_alu/u_algorithm/u_div/y1__929/CO[2]
                         net (fo=33, routed)          1.062    11.175    u_alu/u_algorithm/u_div/y1__929_n_1
    SLICE_X105Y4         LUT5 (Prop_lut5_I0_O)        0.313    11.488 r  u_alu/u_algorithm/u_div/y1__931_i_3/O
                         net (fo=1, routed)           0.000    11.488    u_alu/u_algorithm/u_div/y1__931_i_3_n_0
    SLICE_X105Y4         CARRY4 (Prop_carry4_S[1]_CO[3])
                                                      0.550    12.038 r  u_alu/u_algorithm/u_div/y1__931/CO[3]
                         net (fo=1, routed)           0.000    12.038    u_alu/u_algorithm/u_div/y1__931_n_0
    SLICE_X105Y5         CARRY4 (Prop_carry4_CI_CO[3])
                                                      0.114    12.152 r  u_alu/u_algorithm/u_div/y1__932/CO[3]
                         net (fo=1, routed)           0.000    12.152    u_alu/u_algorithm/u_div/y1__932_n_0
    SLICE_X105Y6         CARRY4 (Prop_carry4_CI_CO[3])
                                                      0.114    12.266 r  u_alu/u_algorithm/u_div/y1__933/CO[3]
                         net (fo=1, routed)           0.000    12.266    u_alu/u_algorithm/u_div/y1__933_n_0
    SLICE_X105Y7         CARRY4 (Prop_carry4_CI_CO[3])
                                                      0.114    12.380 r  u_alu/u_algorithm/u_div/y1__934/CO[3]
                         net (fo=1, routed)           0.000    12.380    u_alu/u_algorithm/u_div/y1__934_n_0
    SLICE_X105Y8         CARRY4 (Prop_carry4_CI_CO[3])
                                                      0.114    12.494 r  u_alu/u_algorithm/u_div/y1__935/CO[3]
                         net (fo=1, routed)           0.000    12.494    u_alu/u_algorithm/u_div/y1__935_n_0
    SLICE_X105Y9         CARRY4 (Prop_carry4_CI_CO[3])
                                                      0.114    12.608 r  u_alu/u_algorithm/u_div/y1__936/CO[3]
                         net (fo=1, routed)           0.000    12.608    u_alu/u_algorithm/u_div/y1__936_n_0
    SLICE_X105Y10        CARRY4 (Prop_carry4_CI_CO[0])
                                                      0.271    12.879 r  u_alu/u_algorithm/u_div/y1__937/CO[0]
                         net (fo=33, routed)          0.688    13.567    u_alu/u_algorithm/u_div/y1__937_n_3
    SLICE_X104Y8         LUT4 (Prop_lut4_I3_O)        0.373    13.940 r  u_alu/u_algorithm/u_div/y1__938_i_5/O
                         net (fo=1, routed)           0.000    13.940    u_alu/u_algorithm/u_div/y1__938_i_5_n_0
    SLICE_X104Y8         CARRY4 (Prop_carry4_S[0]_CO[3])
                                                      0.513    14.453 r  u_alu/u_algorithm/u_div/y1__938/CO[3]
                         net (fo=1, routed)           0.000    14.453    u_alu/u_algorithm/u_div/y1__938_n_0
    SLICE_X104Y9         CARRY4 (Prop_carry4_CI_CO[3])
                                                      0.117    14.570 r  u_alu/u_algorithm/u_div/y1__939/CO[3]
                         net (fo=1, routed)           0.000    14.570    u_alu/u_algorithm/u_div/y1__939_n_0
    SLICE_X104Y10        CARRY4 (Prop_carry4_CI_CO[3])
                                                      0.117    14.687 r  u_alu/u_algorithm/u_div/y1__940/CO[3]
                         net (fo=1, routed)           0.000    14.687    u_alu/u_algorithm/u_div/y1__940_n_0
    SLICE_X104Y11        CARRY4 (Prop_carry4_CI_CO[3])
                                                      0.117    14.804 r  u_alu/u_algorithm/u_div/y1__941/CO[3]
                         net (fo=1, routed)           0.000    14.804    u_alu/u_algorithm/u_div/y1__941_n_0
    SLICE_X104Y12        CARRY4 (Prop_carry4_CI_CO[3])
                                                      0.117    14.921 r  u_alu/u_algorithm/u_div/y1__942/CO[3]
                         net (fo=1, routed)           0.000    14.921    u_alu/u_algorithm/u_div/y1__942_n_0
    SLICE_X104Y13        CARRY4 (Prop_carry4_CI_CO[3])
                                                      0.117    15.038 r  u_alu/u_algorithm/u_div/y1__943/CO[3]
                         net (fo=1, routed)           0.000    15.038    u_alu/u_algorithm/u_div/y1__943_n_0
    SLICE_X104Y14        CARRY4 (Prop_carry4_CI_CO[3])
                                                      0.117    15.155 r  u_alu/u_algorithm/u_div/y1__944/CO[3]
                         net (fo=1, routed)           0.000    15.155    u_alu/u_algorithm/u_div/y1__944_n_0
    SLICE_X104Y15        CARRY4 (Prop_carry4_CI_CO[0])
                                                      0.254    15.409 r  u_alu/u_algorithm/u_div/y1__945/CO[0]
                         net (fo=33, routed)          1.164    16.573    u_alu/u_algorithm/u_div/y1__945_n_3
    SLICE_X103Y3         LUT4 (Prop_lut4_I3_O)        0.367    16.940 r  u_alu/u_algorithm/u_div/y1__946_i_5/O
                         net (fo=1, routed)           0.000    16.940    u_alu/u_algorithm/u_div/y1__946_i_5_n_0
    SLICE_X103Y3         CARRY4 (Prop_carry4_S[0]_CO[3])
                                                      0.532    17.472 r  u_alu/u_algorithm/u_div/y1__946/CO[3]
                         net (fo=1, routed)           0.000    17.472    u_alu/u_algorithm/u_div/y1__946_n_0
    SLICE_X103Y4         CARRY4 (Prop_carry4_CI_CO[3])
                                                      0.114    17.586 r  u_alu/u_algorithm/u_div/y1__947/CO[3]
                         net (fo=1, routed)           0.000    17.586    u_alu/u_algorithm/u_div/y1__947_n_0
    SLICE_X103Y5         CARRY4 (Prop_carry4_CI_CO[3])
                                                      0.114    17.700 r  u_alu/u_algorithm/u_div/y1__948/CO[3]
                         net (fo=1, routed)           0.000    17.700    u_alu/u_algorithm/u_div/y1__948_n_0
    SLICE_X103Y6         CARRY4 (Prop_carry4_CI_CO[3])
                                                      0.114    17.814 r  u_alu/u_algorithm/u_div/y1__949/CO[3]
                         net (fo=1, routed)           0.000    17.814    u_alu/u_algorithm/u_div/y1__949_n_0
    SLICE_X103Y7         CARRY4 (Prop_carry4_CI_CO[3])
                                                      0.114    17.928 r  u_alu/u_algorithm/u_div/y1__950/CO[3]
                         net (fo=1, routed)           0.000    17.928    u_alu/u_algorithm/u_div/y1__950_n_0
    SLICE_X103Y8         CARRY4 (Prop_carry4_CI_CO[3])
                                                      0.114    18.042 r  u_alu/u_algorithm/u_div/y1__951/CO[3]
                         net (fo=1, routed)           0.000    18.042    u_alu/u_algorithm/u_div/y1__951_n_0
    SLICE_X103Y9         CARRY4 (Prop_carry4_CI_CO[3])
                                                      0.114    18.156 r  u_alu/u_algorithm/u_div/y1__952/CO[3]
                         net (fo=1, routed)           0.000    18.156    u_alu/u_algorithm/u_div/y1__952_n_0
    SLICE_X103Y10        CARRY4 (Prop_carry4_CI_CO[0])
                                                      0.271    18.427 r  u_alu/u_algorithm/u_div/y1__953/CO[0]
                         net (fo=32, routed)          0.629    19.056    u_alu/u_algorithm/u_div/y1__953_n_3
    SLICE_X103Y2         LUT6 (Prop_lut6_I5_O)        0.373    19.429 r  u_alu/u_algorithm/u_div/y1__954_i_5/O
                         net (fo=1, routed)           0.711    20.140    u_alu/u_algorithm/u_div/y1__954_i_5_n_0
    SLICE_X104Y0         CARRY4 (Prop_carry4_S[0]_CO[3])
                                                      0.637    20.777 r  u_alu/u_algorithm/u_div/y1__954/CO[3]
                         net (fo=1, routed)           0.000    20.777    u_alu/u_algorithm/u_div/y1__954_n_0
    SLICE_X104Y1         CARRY4 (Prop_carry4_CI_CO[3])
                                                      0.117    20.894 r  u_alu/u_algorithm/u_div/y1__955/CO[3]
                         net (fo=1, routed)           0.000    20.894    u_alu/u_algorithm/u_div/y1__955_n_0
    SLICE_X104Y2         CARRY4 (Prop_carry4_CI_CO[3])
                                                      0.117    21.011 r  u_alu/u_algorithm/u_div/y1__956/CO[3]
                         net (fo=1, routed)           0.000    21.011    u_alu/u_algorithm/u_div/y1__956_n_0
    SLICE_X104Y3         CARRY4 (Prop_carry4_CI_CO[3])
                                                      0.117    21.128 r  u_alu/u_algorithm/u_div/y1__957/CO[3]
                         net (fo=1, routed)           0.000    21.128    u_alu/u_algorithm/u_div/y1__957_n_0
    SLICE_X104Y4         CARRY4 (Prop_carry4_CI_CO[3])
                                                      0.117    21.245 r  u_alu/u_algorithm/u_div/y1__958/CO[3]
                         net (fo=1, routed)           0.000    21.245    u_alu/u_algorithm/u_div/y1__958_n_0
    SLICE_X104Y5         CARRY4 (Prop_carry4_CI_CO[3])
                                                      0.117    21.362 r  u_alu/u_algorithm/u_div/y1__959/CO[3]
                         net (fo=1, routed)           0.000    21.362    u_alu/u_algorithm/u_div/y1__959_n_0
    SLICE_X104Y6         CARRY4 (Prop_carry4_CI_CO[3])
                                                      0.117    21.479 r  u_alu/u_algorithm/u_div/y1__960/CO[3]
                         net (fo=1, routed)           0.000    21.479    u_alu/u_algorithm/u_div/y1__960_n_0
    SLICE_X104Y7         CARRY4 (Prop_carry4_CI_CO[0])
                                                      0.254    21.733 r  u_alu/u_algorithm/u_div/y1__961/CO[0]
                         net (fo=32, routed)          0.922    22.655    u_alu/u_algorithm/u_div/y1__961_n_3
    SLICE_X102Y2         LUT5 (Prop_lut5_I3_O)        0.367    23.022 r  u_alu/u_algorithm/u_div/y1__962_i_5/O
                         net (fo=1, routed)           0.000    23.022    u_alu/u_algorithm/u_div/y1__962_i_5_n_0
    SLICE_X102Y2         CARRY4 (Prop_carry4_S[0]_CO[3])
                                                      0.513    23.535 r  u_alu/u_algorithm/u_div/y1__962/CO[3]
                         net (fo=1, routed)           0.000    23.535    u_alu/u_algorithm/u_div/y1__962_n_0
    SLICE_X102Y3         CARRY4 (Prop_carry4_CI_CO[3])
                                                      0.117    23.652 r  u_alu/u_algorithm/u_div/y1__963/CO[3]
                         net (fo=1, routed)           0.000    23.652    u_alu/u_algorithm/u_div/y1__963_n_0
    SLICE_X102Y4         CARRY4 (Prop_carry4_CI_CO[3])
                                                      0.117    23.769 r  u_alu/u_algorithm/u_div/y1__964/CO[3]
                         net (fo=1, routed)           0.000    23.769    u_alu/u_algorithm/u_div/y1__964_n_0
    SLICE_X102Y5         CARRY4 (Prop_carry4_CI_CO[3])
                                                      0.117    23.886 r  u_alu/u_algorithm/u_div/y1__965/CO[3]
                         net (fo=1, routed)           0.000    23.886    u_alu/u_algorithm/u_div/y1__965_n_0
    SLICE_X102Y6         CARRY4 (Prop_carry4_CI_CO[3])
                                                      0.117    24.003 r  u_alu/u_algorithm/u_div/y1__966/CO[3]
                         net (fo=1, routed)           0.000    24.003    u_alu/u_algorithm/u_div/y1__966_n_0
    SLICE_X102Y7         CARRY4 (Prop_carry4_CI_CO[3])
                                                      0.117    24.120 r  u_alu/u_algorithm/u_div/y1__967/CO[3]
                         net (fo=1, routed)           0.000    24.120    u_alu/u_algorithm/u_div/y1__967_n_0
    SLICE_X102Y8         CARRY4 (Prop_carry4_CI_CO[3])
                                                      0.117    24.237 r  u_alu/u_algorithm/u_div/y1__968/CO[3]
                         net (fo=1, routed)           0.000    24.237    u_alu/u_algorithm/u_div/y1__968_n_0
    SLICE_X102Y9         CARRY4 (Prop_carry4_CI_CO[0])
                                                      0.254    24.491 r  u_alu/u_algorithm/u_div/y1__969/CO[0]
                         net (fo=32, routed)          1.118    25.608    u_alu/u_algorithm/u_div/y1__969_n_3
    SLICE_X101Y2         LUT5 (Prop_lut5_I3_O)        0.367    25.975 r  u_alu/u_algorithm/u_div/y1__970_i_5/O
                         net (fo=1, routed)           0.000    25.975    u_alu/u_algorithm/u_div/y1__970_i_5_n_0
    SLICE_X101Y2         CARRY4 (Prop_carry4_S[0]_CO[3])
                                                      0.532    26.507 r  u_alu/u_algorithm/u_div/y1__970/CO[3]
                         net (fo=1, routed)           0.000    26.507    u_alu/u_algorithm/u_div/y1__970_n_0
    SLICE_X101Y3         CARRY4 (Prop_carry4_CI_CO[3])
                                                      0.114    26.621 r  u_alu/u_algorithm/u_div/y1__971/CO[3]
                         net (fo=1, routed)           0.000    26.621    u_alu/u_algorithm/u_div/y1__971_n_0
    SLICE_X101Y4         CARRY4 (Prop_carry4_CI_CO[3])
                                                      0.114    26.735 r  u_alu/u_algorithm/u_div/y1__972/CO[3]
                         net (fo=1, routed)           0.000    26.735    u_alu/u_algorithm/u_div/y1__972_n_0
    SLICE_X101Y5         CARRY4 (Prop_carry4_CI_CO[3])
                                                      0.114    26.849 r  u_alu/u_algorithm/u_div/y1__973/CO[3]
                         net (fo=1, routed)           0.000    26.849    u_alu/u_algorithm/u_div/y1__973_n_0
    SLICE_X101Y6         CARRY4 (Prop_carry4_CI_CO[3])
                                                      0.114    26.963 r  u_alu/u_algorithm/u_div/y1__974/CO[3]
                         net (fo=1, routed)           0.000    26.963    u_alu/u_algorithm/u_div/y1__974_n_0
    SLICE_X101Y7         CARRY4 (Prop_carry4_CI_CO[3])
                                                      0.114    27.077 r  u_alu/u_algorithm/u_div/y1__975/CO[3]
                         net (fo=1, routed)           0.000    27.077    u_alu/u_algorithm/u_div/y1__975_n_0
    SLICE_X101Y8         CARRY4 (Prop_carry4_CI_CO[3])
                                                      0.114    27.191 r  u_alu/u_algorithm/u_div/y1__976/CO[3]
                         net (fo=1, routed)           0.000    27.191    u_alu/u_algorithm/u_div/y1__976_n_0
    SLICE_X101Y9         CARRY4 (Prop_carry4_CI_CO[0])
                                                      0.271    27.462 r  u_alu/u_algorithm/u_div/y1__977/CO[0]
                         net (fo=32, routed)          0.945    28.407    u_alu/u_algorithm/u_div/y1__977_n_3
    SLICE_X100Y1         CARRY4 (Prop_carry4_CYINIT_CO[3])
                                                      0.844    29.251 r  u_alu/u_algorithm/u_div/y1__978/CO[3]
                         net (fo=1, routed)           0.000    29.251    u_alu/u_algorithm/u_div/y1__978_n_0
    SLICE_X100Y2         CARRY4 (Prop_carry4_CI_CO[3])
                                                      0.117    29.368 r  u_alu/u_algorithm/u_div/y1__979/CO[3]
                         net (fo=1, routed)           0.000    29.368    u_alu/u_algorithm/u_div/y1__979_n_0
    SLICE_X100Y3         CARRY4 (Prop_carry4_CI_CO[3])
                                                      0.117    29.485 r  u_alu/u_algorithm/u_div/y1__980/CO[3]
                         net (fo=1, routed)           0.000    29.485    u_alu/u_algorithm/u_div/y1__980_n_0
    SLICE_X100Y4         CARRY4 (Prop_carry4_CI_CO[3])
                                                      0.117    29.602 r  u_alu/u_algorithm/u_div/y1__981/CO[3]
                         net (fo=1, routed)           0.000    29.602    u_alu/u_algorithm/u_div/y1__981_n_0
    SLICE_X100Y5         CARRY4 (Prop_carry4_CI_CO[3])
                                                      0.117    29.719 r  u_alu/u_algorithm/u_div/y1__982/CO[3]
                         net (fo=1, routed)           0.000    29.719    u_alu/u_algorithm/u_div/y1__982_n_0
    SLICE_X100Y6         CARRY4 (Prop_carry4_CI_CO[3])
                                                      0.117    29.836 r  u_alu/u_algorithm/u_div/y1__983/CO[3]
                         net (fo=1, routed)           0.000    29.836    u_alu/u_algorithm/u_div/y1__983_n_0
    SLICE_X100Y7         CARRY4 (Prop_carry4_CI_CO[3])
                                                      0.117    29.953 r  u_alu/u_algorithm/u_div/y1__984/CO[3]
                         net (fo=1, routed)           0.000    29.953    u_alu/u_algorithm/u_div/y1__984_n_0
    SLICE_X100Y8         CARRY4 (Prop_carry4_CI_CO[0])
                                                      0.254    30.207 r  u_alu/u_algorithm/u_div/y1__985/CO[0]
                         net (fo=32, routed)          1.112    31.319    u_alu/u_algorithm/u_div/y1__985_n_3
    SLICE_X98Y0          LUT5 (Prop_lut5_I3_O)        0.367    31.686 r  u_alu/u_algorithm/u_div/y1__986_i_5/O
                         net (fo=1, routed)           0.000    31.686    u_alu/u_algorithm/u_div/y1__986_i_5_n_0
    SLICE_X98Y0          CARRY4 (Prop_carry4_S[0]_CO[3])
                                                      0.513    32.199 r  u_alu/u_algorithm/u_div/y1__986/CO[3]
                         net (fo=1, routed)           0.000    32.199    u_alu/u_algorithm/u_div/y1__986_n_0
    SLICE_X98Y1          CARRY4 (Prop_carry4_CI_CO[3])
                                                      0.117    32.316 r  u_alu/u_algorithm/u_div/y1__987/CO[3]
                         net (fo=1, routed)           0.000    32.316    u_alu/u_algorithm/u_div/y1__987_n_0
    SLICE_X98Y2          CARRY4 (Prop_carry4_CI_CO[3])
                                                      0.117    32.433 r  u_alu/u_algorithm/u_div/y1__988/CO[3]
                         net (fo=1, routed)           0.000    32.433    u_alu/u_algorithm/u_div/y1__988_n_0
    SLICE_X98Y3          CARRY4 (Prop_carry4_CI_CO[3])
                                                      0.117    32.550 r  u_alu/u_algorithm/u_div/y1__989/CO[3]
                         net (fo=1, routed)           0.000    32.550    u_alu/u_algorithm/u_div/y1__989_n_0
    SLICE_X98Y4          CARRY4 (Prop_carry4_CI_CO[3])
                                                      0.117    32.667 r  u_alu/u_algorithm/u_div/y1__990/CO[3]
                         net (fo=1, routed)           0.000    32.667    u_alu/u_algorithm/u_div/y1__990_n_0
    SLICE_X98Y5          CARRY4 (Prop_carry4_CI_CO[3])
                                                      0.117    32.784 r  u_alu/u_algorithm/u_div/y1__991/CO[3]
                         net (fo=1, routed)           0.000    32.784    u_alu/u_algorithm/u_div/y1__991_n_0
    SLICE_X98Y6          CARRY4 (Prop_carry4_CI_CO[3])
                                                      0.117    32.901 r  u_alu/u_algorithm/u_div/y1__992/CO[3]
                         net (fo=1, routed)           0.000    32.901    u_alu/u_algorithm/u_div/y1__992_n_0
    SLICE_X98Y7          CARRY4 (Prop_carry4_CI_CO[0])
                                                      0.254    33.155 r  u_alu/u_algorithm/u_div/y1__993/CO[0]
                         net (fo=32, routed)          0.951    34.105    u_alu/u_algorithm/u_div/y1__993_n_3
    SLICE_X96Y1          LUT5 (Prop_lut5_I3_O)        0.367    34.472 r  u_alu/u_algorithm/u_div/y1__994_i_5/O
                         net (fo=1, routed)           0.000    34.472    u_alu/u_algorithm/u_div/y1__994_i_5_n_0
    SLICE_X96Y1          CARRY4 (Prop_carry4_S[0]_CO[3])
                                                      0.513    34.985 r  u_alu/u_algorithm/u_div/y1__994/CO[3]
                         net (fo=1, routed)           0.000    34.985    u_alu/u_algorithm/u_div/y1__994_n_0
    SLICE_X96Y2          CARRY4 (Prop_carry4_CI_CO[3])
                                                      0.117    35.102 r  u_alu/u_algorithm/u_div/y1__995/CO[3]
                         net (fo=1, routed)           0.000    35.102    u_alu/u_algorithm/u_div/y1__995_n_0
    SLICE_X96Y3          CARRY4 (Prop_carry4_CI_CO[3])
                                                      0.117    35.219 r  u_alu/u_algorithm/u_div/y1__996/CO[3]
                         net (fo=1, routed)           0.000    35.219    u_alu/u_algorithm/u_div/y1__996_n_0
    SLICE_X96Y4          CARRY4 (Prop_carry4_CI_CO[3])
                                                      0.117    35.336 r  u_alu/u_algorithm/u_div/y1__997/CO[3]
                         net (fo=1, routed)           0.000    35.336    u_alu/u_algorithm/u_div/y1__997_n_0
    SLICE_X96Y5          CARRY4 (Prop_carry4_CI_CO[3])
                                                      0.117    35.453 r  u_alu/u_algorithm/u_div/y1__998/CO[3]
                         net (fo=1, routed)           0.000    35.453    u_alu/u_algorithm/u_div/y1__998_n_0
    SLICE_X96Y6          CARRY4 (Prop_carry4_CI_CO[3])
                                                      0.117    35.570 r  u_alu/u_algorithm/u_div/y1__999/CO[3]
                         net (fo=1, routed)           0.000    35.570    u_alu/u_algorithm/u_div/y1__999_n_0
    SLICE_X96Y7          CARRY4 (Prop_carry4_CI_CO[3])
                                                      0.117    35.687 r  u_alu/u_algorithm/u_div/y1__1000/CO[3]
                         net (fo=1, routed)           0.000    35.687    u_alu/u_algorithm/u_div/y1__1000_n_0
    SLICE_X96Y8          CARRY4 (Prop_carry4_CI_CO[0])
                                                      0.254    35.941 r  u_alu/u_algorithm/u_div/y1__1001/CO[0]
                         net (fo=32, routed)          0.985    36.926    u_alu/u_algorithm/u_div/y1__1001_n_3
    SLICE_X95Y3          LUT5 (Prop_lut5_I3_O)        0.367    37.293 r  u_alu/u_algorithm/u_div/y1__1002_i_5/O
                         net (fo=1, routed)           0.000    37.293    u_alu/u_algorithm/u_div/y1__1002_i_5_n_0
    SLICE_X95Y3          CARRY4 (Prop_carry4_S[0]_CO[3])
                                                      0.532    37.825 r  u_alu/u_algorithm/u_div/y1__1002/CO[3]
                         net (fo=1, routed)           0.000    37.825    u_alu/u_algorithm/u_div/y1__1002_n_0
    SLICE_X95Y4          CARRY4 (Prop_carry4_CI_CO[3])
                                                      0.114    37.939 r  u_alu/u_algorithm/u_div/y1__1003/CO[3]
                         net (fo=1, routed)           0.000    37.939    u_alu/u_algorithm/u_div/y1__1003_n_0
    SLICE_X95Y5          CARRY4 (Prop_carry4_CI_CO[3])
                                                      0.114    38.053 r  u_alu/u_algorithm/u_div/y1__1004/CO[3]
                         net (fo=1, routed)           0.000    38.053    u_alu/u_algorithm/u_div/y1__1004_n_0
    SLICE_X95Y6          CARRY4 (Prop_carry4_CI_CO[3])
                                                      0.114    38.167 r  u_alu/u_algorithm/u_div/y1__1005/CO[3]
                         net (fo=1, routed)           0.000    38.167    u_alu/u_algorithm/u_div/y1__1005_n_0
    SLICE_X95Y7          CARRY4 (Prop_carry4_CI_CO[3])
                                                      0.114    38.281 r  u_alu/u_algorithm/u_div/y1__1006/CO[3]
                         net (fo=1, routed)           0.000    38.281    u_alu/u_algorithm/u_div/y1__1006_n_0
    SLICE_X95Y8          CARRY4 (Prop_carry4_CI_CO[3])
                                                      0.114    38.395 r  u_alu/u_algorithm/u_div/y1__1007/CO[3]
                         net (fo=1, routed)           0.000    38.395    u_alu/u_algorithm/u_div/y1__1007_n_0
    SLICE_X95Y9          CARRY4 (Prop_carry4_CI_CO[3])
                                                      0.114    38.509 r  u_alu/u_algorithm/u_div/y1__1008/CO[3]
                         net (fo=1, routed)           0.000    38.509    u_alu/u_algorithm/u_div/y1__1008_n_0
    SLICE_X95Y10         CARRY4 (Prop_carry4_CI_CO[0])
                                                      0.271    38.780 r  u_alu/u_algorithm/u_div/y1__1009/CO[0]
                         net (fo=32, routed)          0.863    39.643    u_alu/u_algorithm/u_div/y1__1009_n_3
    SLICE_X97Y7          LUT5 (Prop_lut5_I3_O)        0.373    40.016 r  u_alu/u_algorithm/u_div/y1__1010_i_5/O
                         net (fo=1, routed)           0.000    40.016    u_alu/u_algorithm/u_div/y1__1010_i_5_n_0
    SLICE_X97Y7          CARRY4 (Prop_carry4_S[0]_CO[3])
                                                      0.532    40.548 r  u_alu/u_algorithm/u_div/y1__1010/CO[3]
                         net (fo=1, routed)           0.000    40.548    u_alu/u_algorithm/u_div/y1__1010_n_0
    SLICE_X97Y8          CARRY4 (Prop_carry4_CI_CO[3])
                                                      0.114    40.662 r  u_alu/u_algorithm/u_div/y1__1011/CO[3]
                         net (fo=1, routed)           0.000    40.662    u_alu/u_algorithm/u_div/y1__1011_n_0
    SLICE_X97Y9          CARRY4 (Prop_carry4_CI_CO[3])
                                                      0.114    40.776 r  u_alu/u_algorithm/u_div/y1__1012/CO[3]
                         net (fo=1, routed)           0.000    40.776    u_alu/u_algorithm/u_div/y1__1012_n_0
    SLICE_X97Y10         CARRY4 (Prop_carry4_CI_CO[3])
                                                      0.114    40.890 r  u_alu/u_algorithm/u_div/y1__1013/CO[3]
                         net (fo=1, routed)           0.000    40.890    u_alu/u_algorithm/u_div/y1__1013_n_0
    SLICE_X97Y11         CARRY4 (Prop_carry4_CI_CO[3])
                                                      0.114    41.004 r  u_alu/u_algorithm/u_div/y1__1014/CO[3]
                         net (fo=1, routed)           0.000    41.004    u_alu/u_algorithm/u_div/y1__1014_n_0
    SLICE_X97Y12         CARRY4 (Prop_carry4_CI_CO[3])
                                                      0.114    41.118 r  u_alu/u_algorithm/u_div/y1__1015/CO[3]
                         net (fo=1, routed)           0.000    41.118    u_alu/u_algorithm/u_div/y1__1015_n_0
    SLICE_X97Y13         CARRY4 (Prop_carry4_CI_CO[3])
                                                      0.114    41.232 r  u_alu/u_algorithm/u_div/y1__1016/CO[3]
                         net (fo=1, routed)           0.000    41.232    u_alu/u_algorithm/u_div/y1__1016_n_0
    SLICE_X97Y14         CARRY4 (Prop_carry4_CI_CO[0])
                                                      0.271    41.503 r  u_alu/u_algorithm/u_div/y1__1017/CO[0]
                         net (fo=32, routed)          0.457    41.960    u_alu/u_algorithm/u_div/y1__1017_n_3
    SLICE_X100Y14        LUT5 (Prop_lut5_I3_O)        0.373    42.333 r  u_alu/u_algorithm/u_div/y1__1018_i_5/O
                         net (fo=1, routed)           0.402    42.736    u_alu/u_algorithm/u_div/y1__1018_i_5_n_0
    SLICE_X101Y13        CARRY4 (Prop_carry4_S[0]_CO[3])
                                                      0.656    43.392 r  u_alu/u_algorithm/u_div/y1__1018/CO[3]
                         net (fo=1, routed)           0.000    43.392    u_alu/u_algorithm/u_div/y1__1018_n_0
    SLICE_X101Y14        CARRY4 (Prop_carry4_CI_CO[3])
                                                      0.114    43.506 r  u_alu/u_algorithm/u_div/y1__1019/CO[3]
                         net (fo=1, routed)           0.000    43.506    u_alu/u_algorithm/u_div/y1__1019_n_0
    SLICE_X101Y15        CARRY4 (Prop_carry4_CI_CO[3])
                                                      0.114    43.620 r  u_alu/u_algorithm/u_div/y1__1020/CO[3]
                         net (fo=1, routed)           0.000    43.620    u_alu/u_algorithm/u_div/y1__1020_n_0
    SLICE_X101Y16        CARRY4 (Prop_carry4_CI_CO[3])
                                                      0.114    43.734 r  u_alu/u_algorithm/u_div/y1__1021/CO[3]
                         net (fo=1, routed)           0.000    43.734    u_alu/u_algorithm/u_div/y1__1021_n_0
    SLICE_X101Y17        CARRY4 (Prop_carry4_CI_CO[3])
                                                      0.114    43.848 r  u_alu/u_algorithm/u_div/y1__1022/CO[3]
                         net (fo=1, routed)           0.000    43.848    u_alu/u_algorithm/u_div/y1__1022_n_0
    SLICE_X101Y18        CARRY4 (Prop_carry4_CI_CO[3])
                                                      0.114    43.962 r  u_alu/u_algorithm/u_div/y1__1023/CO[3]
                         net (fo=1, routed)           0.000    43.962    u_alu/u_algorithm/u_div/y1__1023_n_0
    SLICE_X101Y19        CARRY4 (Prop_carry4_CI_CO[3])
                                                      0.114    44.076 r  u_alu/u_algorithm/u_div/y1__1024/CO[3]
                         net (fo=1, routed)           0.000    44.076    u_alu/u_algorithm/u_div/y1__1024_n_0
    SLICE_X101Y20        CARRY4 (Prop_carry4_CI_CO[0])
                                                      0.271    44.347 r  u_alu/u_algorithm/u_div/y1__1025/CO[0]
                         net (fo=32, routed)          0.826    45.173    u_alu/u_algorithm/u_div/y1__1025_n_3
    SLICE_X102Y19        LUT5 (Prop_lut5_I3_O)        0.373    45.546 r  u_alu/u_algorithm/u_div/y1__1026_i_5/O
                         net (fo=1, routed)           0.000    45.546    u_alu/u_algorithm/u_div/y1__1026_i_5_n_0
    SLICE_X102Y19        CARRY4 (Prop_carry4_S[0]_CO[3])
                                                      0.513    46.059 r  u_alu/u_algorithm/u_div/y1__1026/CO[3]
                         net (fo=1, routed)           0.000    46.059    u_alu/u_algorithm/u_div/y1__1026_n_0
    SLICE_X102Y20        CARRY4 (Prop_carry4_CI_CO[3])
                                                      0.117    46.176 r  u_alu/u_algorithm/u_div/y1__1027/CO[3]
                         net (fo=1, routed)           0.000    46.176    u_alu/u_algorithm/u_div/y1__1027_n_0
    SLICE_X102Y21        CARRY4 (Prop_carry4_CI_CO[3])
                                                      0.117    46.293 r  u_alu/u_algorithm/u_div/y1__1028/CO[3]
                         net (fo=1, routed)           0.000    46.293    u_alu/u_algorithm/u_div/y1__1028_n_0
    SLICE_X102Y22        CARRY4 (Prop_carry4_CI_CO[3])
                                                      0.117    46.410 r  u_alu/u_algorithm/u_div/y1__1029/CO[3]
                         net (fo=1, routed)           0.000    46.410    u_alu/u_algorithm/u_div/y1__1029_n_0
    SLICE_X102Y23        CARRY4 (Prop_carry4_CI_CO[3])
                                                      0.117    46.527 r  u_alu/u_algorithm/u_div/y1__1030/CO[3]
                         net (fo=1, routed)           0.000    46.527    u_alu/u_algorithm/u_div/y1__1030_n_0
    SLICE_X102Y24        CARRY4 (Prop_carry4_CI_CO[3])
                                                      0.117    46.644 r  u_alu/u_algorithm/u_div/y1__1031/CO[3]
                         net (fo=1, routed)           0.009    46.653    u_alu/u_algorithm/u_div/y1__1031_n_0
    SLICE_X102Y25        CARRY4 (Prop_carry4_CI_CO[3])
                                                      0.117    46.770 r  u_alu/u_algorithm/u_div/y1__1032/CO[3]
                         net (fo=1, routed)           0.000    46.770    u_alu/u_algorithm/u_div/y1__1032_n_0
    SLICE_X102Y26        CARRY4 (Prop_carry4_CI_CO[0])
                                                      0.254    47.024 r  u_alu/u_algorithm/u_div/y1__1033/CO[0]
                         net (fo=32, routed)          0.740    47.764    u_alu/u_algorithm/u_div/y1__1033_n_3
    SLICE_X103Y26        LUT5 (Prop_lut5_I3_O)        0.367    48.131 r  u_alu/u_algorithm/u_div/y1__1034_i_5/O
                         net (fo=1, routed)           0.000    48.131    u_alu/u_algorithm/u_div/y1__1034_i_5_n_0
    SLICE_X103Y26        CARRY4 (Prop_carry4_S[0]_CO[3])
                                                      0.532    48.663 r  u_alu/u_algorithm/u_div/y1__1034/CO[3]
                         net (fo=1, routed)           0.000    48.663    u_alu/u_algorithm/u_div/y1__1034_n_0
    SLICE_X103Y27        CARRY4 (Prop_carry4_CI_CO[3])
                                                      0.114    48.777 r  u_alu/u_algorithm/u_div/y1__1035/CO[3]
                         net (fo=1, routed)           0.000    48.777    u_alu/u_algorithm/u_div/y1__1035_n_0
    SLICE_X103Y28        CARRY4 (Prop_carry4_CI_CO[3])
                                                      0.114    48.891 r  u_alu/u_algorithm/u_div/y1__1036/CO[3]
                         net (fo=1, routed)           0.000    48.891    u_alu/u_algorithm/u_div/y1__1036_n_0
    SLICE_X103Y29        CARRY4 (Prop_carry4_CI_CO[3])
                                                      0.114    49.005 r  u_alu/u_algorithm/u_div/y1__1037/CO[3]
                         net (fo=1, routed)           0.000    49.005    u_alu/u_algorithm/u_div/y1__1037_n_0
    SLICE_X103Y30        CARRY4 (Prop_carry4_CI_CO[3])
                                                      0.114    49.119 r  u_alu/u_algorithm/u_div/y1__1038/CO[3]
                         net (fo=1, routed)           0.000    49.119    u_alu/u_algorithm/u_div/y1__1038_n_0
    SLICE_X103Y31        CARRY4 (Prop_carry4_CI_CO[3])
                                                      0.114    49.233 r  u_alu/u_algorithm/u_div/y1__1039/CO[3]
                         net (fo=1, routed)           0.000    49.233    u_alu/u_algorithm/u_div/y1__1039_n_0
    SLICE_X103Y32        CARRY4 (Prop_carry4_CI_CO[3])
                                                      0.114    49.347 r  u_alu/u_algorithm/u_div/y1__1040/CO[3]
                         net (fo=1, routed)           0.000    49.347    u_alu/u_algorithm/u_div/y1__1040_n_0
    SLICE_X103Y33        CARRY4 (Prop_carry4_CI_CO[0])
                                                      0.271    49.618 r  u_alu/u_algorithm/u_div/y1__1041/CO[0]
                         net (fo=32, routed)          0.528    50.146    u_alu/u_algorithm/u_div/y1__1041_n_3
    SLICE_X102Y33        LUT5 (Prop_lut5_I0_O)        0.373    50.519 r  u_alu/u_algorithm/u_div/y1__1042_i_4/O
                         net (fo=1, routed)           0.000    50.519    u_alu/u_algorithm/u_div/y1__1042_i_4_n_0
    SLICE_X102Y33        CARRY4 (Prop_carry4_S[1]_CO[3])
                                                      0.533    51.052 r  u_alu/u_algorithm/u_div/y1__1042/CO[3]
                         net (fo=1, routed)           0.000    51.052    u_alu/u_algorithm/u_div/y1__1042_n_0
    SLICE_X102Y34        CARRY4 (Prop_carry4_CI_CO[3])
                                                      0.117    51.169 r  u_alu/u_algorithm/u_div/y1__1043/CO[3]
                         net (fo=1, routed)           0.000    51.169    u_alu/u_algorithm/u_div/y1__1043_n_0
    SLICE_X102Y35        CARRY4 (Prop_carry4_CI_CO[3])
                                                      0.117    51.286 r  u_alu/u_algorithm/u_div/y1__1044/CO[3]
                         net (fo=1, routed)           0.000    51.286    u_alu/u_algorithm/u_div/y1__1044_n_0
    SLICE_X102Y36        CARRY4 (Prop_carry4_CI_CO[3])
                                                      0.117    51.403 r  u_alu/u_algorithm/u_div/y1__1045/CO[3]
                         net (fo=1, routed)           0.000    51.403    u_alu/u_algorithm/u_div/y1__1045_n_0
    SLICE_X102Y37        CARRY4 (Prop_carry4_CI_CO[3])
                                                      0.117    51.520 r  u_alu/u_algorithm/u_div/y1__1046/CO[3]
                         net (fo=1, routed)           0.000    51.520    u_alu/u_algorithm/u_div/y1__1046_n_0
    SLICE_X102Y38        CARRY4 (Prop_carry4_CI_CO[3])
                                                      0.117    51.637 r  u_alu/u_algorithm/u_div/y1__1047/CO[3]
                         net (fo=1, routed)           0.000    51.637    u_alu/u_algorithm/u_div/y1__1047_n_0
    SLICE_X102Y39        CARRY4 (Prop_carry4_CI_CO[3])
                                                      0.117    51.754 r  u_alu/u_algorithm/u_div/y1__1048/CO[3]
                         net (fo=1, routed)           0.000    51.754    u_alu/u_algorithm/u_div/y1__1048_n_0
    SLICE_X102Y40        CARRY4 (Prop_carry4_CI_CO[0])
                                                      0.254    52.008 r  u_alu/u_algorithm/u_div/y1__1049/CO[0]
                         net (fo=32, routed)          0.672    52.680    u_alu/u_algorithm/u_div/y1__1049_n_3
    SLICE_X103Y39        LUT5 (Prop_lut5_I3_O)        0.367    53.047 r  u_alu/u_algorithm/u_div/y1__1050_i_5/O
                         net (fo=1, routed)           0.000    53.047    u_alu/u_algorithm/u_div/y1__1050_i_5_n_0
    SLICE_X103Y39        CARRY4 (Prop_carry4_S[0]_CO[3])
                                                      0.532    53.579 r  u_alu/u_algorithm/u_div/y1__1050/CO[3]
                         net (fo=1, routed)           0.000    53.579    u_alu/u_algorithm/u_div/y1__1050_n_0
    SLICE_X103Y40        CARRY4 (Prop_carry4_CI_CO[3])
                                                      0.114    53.693 r  u_alu/u_algorithm/u_div/y1__1051/CO[3]
                         net (fo=1, routed)           0.000    53.693    u_alu/u_algorithm/u_div/y1__1051_n_0
    SLICE_X103Y41        CARRY4 (Prop_carry4_CI_CO[3])
                                                      0.114    53.807 r  u_alu/u_algorithm/u_div/y1__1052/CO[3]
                         net (fo=1, routed)           0.000    53.807    u_alu/u_algorithm/u_div/y1__1052_n_0
    SLICE_X103Y42        CARRY4 (Prop_carry4_CI_CO[3])
                                                      0.114    53.921 r  u_alu/u_algorithm/u_div/y1__1053/CO[3]
                         net (fo=1, routed)           0.000    53.921    u_alu/u_algorithm/u_div/y1__1053_n_0
    SLICE_X103Y43        CARRY4 (Prop_carry4_CI_CO[3])
                                                      0.114    54.035 r  u_alu/u_algorithm/u_div/y1__1054/CO[3]
                         net (fo=1, routed)           0.000    54.035    u_alu/u_algorithm/u_div/y1__1054_n_0
    SLICE_X103Y44        CARRY4 (Prop_carry4_CI_CO[3])
                                                      0.114    54.149 r  u_alu/u_algorithm/u_div/y1__1055/CO[3]
                         net (fo=1, routed)           0.000    54.149    u_alu/u_algorithm/u_div/y1__1055_n_0
    SLICE_X103Y45        CARRY4 (Prop_carry4_CI_CO[3])
                                                      0.114    54.263 r  u_alu/u_algorithm/u_div/y1__1056/CO[3]
                         net (fo=1, routed)           0.000    54.263    u_alu/u_algorithm/u_div/y1__1056_n_0
    SLICE_X103Y46        CARRY4 (Prop_carry4_CI_CO[0])
                                                      0.271    54.534 r  u_alu/u_algorithm/u_div/y1__1057/CO[0]
                         net (fo=34, routed)          0.528    55.061    u_alu/u_algorithm/u_div/y10_in[15]
    SLICE_X102Y46        LUT5 (Prop_lut5_I0_O)        0.373    55.434 r  u_alu/u_algorithm/u_div/y1__1058_i_4/O
                         net (fo=1, routed)           0.000    55.434    u_alu/u_algorithm/u_div/y1__1058_i_4_n_0
    SLICE_X102Y46        CARRY4 (Prop_carry4_S[1]_CO[3])
                                                      0.533    55.967 r  u_alu/u_algorithm/u_div/y1__1058/CO[3]
                         net (fo=1, routed)           0.000    55.967    u_alu/u_algorithm/u_div/y1__1058_n_0
    SLICE_X102Y47        CARRY4 (Prop_carry4_CI_CO[3])
                                                      0.117    56.084 r  u_alu/u_algorithm/u_div/y1__1059/CO[3]
                         net (fo=1, routed)           0.000    56.084    u_alu/u_algorithm/u_div/y1__1059_n_0
    SLICE_X102Y48        CARRY4 (Prop_carry4_CI_CO[3])
                                                      0.117    56.201 r  u_alu/u_algorithm/u_div/y1__1060/CO[3]
                         net (fo=1, routed)           0.000    56.201    u_alu/u_algorithm/u_div/y1__1060_n_0
    SLICE_X102Y49        CARRY4 (Prop_carry4_CI_CO[3])
                                                      0.117    56.318 r  u_alu/u_algorithm/u_div/y1__1061/CO[3]
                         net (fo=1, routed)           0.001    56.319    u_alu/u_algorithm/u_div/y1__1061_n_0
    SLICE_X102Y50        CARRY4 (Prop_carry4_CI_CO[3])
                                                      0.117    56.436 r  u_alu/u_algorithm/u_div/y1__1062/CO[3]
                         net (fo=1, routed)           0.000    56.436    u_alu/u_algorithm/u_div/y1__1062_n_0
    SLICE_X102Y51        CARRY4 (Prop_carry4_CI_CO[3])
                                                      0.117    56.553 r  u_alu/u_algorithm/u_div/y1__1063/CO[3]
                         net (fo=1, routed)           0.000    56.553    u_alu/u_algorithm/u_div/y1__1063_n_0
    SLICE_X102Y52        CARRY4 (Prop_carry4_CI_CO[3])
                                                      0.117    56.670 r  u_alu/u_algorithm/u_div/y1__1064/CO[3]
                         net (fo=1, routed)           0.000    56.670    u_alu/u_algorithm/u_div/y1__1064_n_0
    SLICE_X102Y53        CARRY4 (Prop_carry4_CI_CO[0])
                                                      0.254    56.924 r  u_alu/u_algorithm/u_div/y1__1065/CO[0]
                         net (fo=34, routed)          0.771    57.695    u_alu/u_algorithm/u_div/y10_in[14]
    SLICE_X103Y53        LUT5 (Prop_lut5_I3_O)        0.367    58.062 r  u_alu/u_algorithm/u_div/y1__1066_i_5/O
                         net (fo=1, routed)           0.000    58.062    u_alu/u_algorithm/u_div/y1__1066_i_5_n_0
    SLICE_X103Y53        CARRY4 (Prop_carry4_S[0]_CO[3])
                                                      0.532    58.594 r  u_alu/u_algorithm/u_div/y1__1066/CO[3]
                         net (fo=1, routed)           0.000    58.594    u_alu/u_algorithm/u_div/y1__1066_n_0
    SLICE_X103Y54        CARRY4 (Prop_carry4_CI_CO[3])
                                                      0.114    58.708 r  u_alu/u_algorithm/u_div/y1__1067/CO[3]
                         net (fo=1, routed)           0.000    58.708    u_alu/u_algorithm/u_div/y1__1067_n_0
    SLICE_X103Y55        CARRY4 (Prop_carry4_CI_CO[3])
                                                      0.114    58.822 r  u_alu/u_algorithm/u_div/y1__1068/CO[3]
                         net (fo=1, routed)           0.000    58.822    u_alu/u_algorithm/u_div/y1__1068_n_0
    SLICE_X103Y56        CARRY4 (Prop_carry4_CI_CO[3])
                                                      0.114    58.936 r  u_alu/u_algorithm/u_div/y1__1069/CO[3]
                         net (fo=1, routed)           0.000    58.936    u_alu/u_algorithm/u_div/y1__1069_n_0
    SLICE_X103Y57        CARRY4 (Prop_carry4_CI_CO[3])
                                                      0.114    59.050 r  u_alu/u_algorithm/u_div/y1__1070/CO[3]
                         net (fo=1, routed)           0.000    59.050    u_alu/u_algorithm/u_div/y1__1070_n_0
    SLICE_X103Y58        CARRY4 (Prop_carry4_CI_CO[3])
                                                      0.114    59.164 r  u_alu/u_algorithm/u_div/y1__1071/CO[3]
                         net (fo=1, routed)           0.000    59.164    u_alu/u_algorithm/u_div/y1__1071_n_0
    SLICE_X103Y59        CARRY4 (Prop_carry4_CI_CO[3])
                                                      0.114    59.278 r  u_alu/u_algorithm/u_div/y1__1072/CO[3]
                         net (fo=1, routed)           0.000    59.278    u_alu/u_algorithm/u_div/y1__1072_n_0
    SLICE_X103Y60        CARRY4 (Prop_carry4_CI_CO[0])
                                                      0.271    59.549 r  u_alu/u_algorithm/u_div/y1__1073/CO[0]
                         net (fo=34, routed)          0.680    60.228    u_alu/u_algorithm/u_div/y10_in[13]
    SLICE_X102Y59        LUT5 (Prop_lut5_I3_O)        0.373    60.601 r  u_alu/u_algorithm/u_div/y1__1074_i_5/O
                         net (fo=1, routed)           0.000    60.601    u_alu/u_algorithm/u_div/y1__1074_i_5_n_0
    SLICE_X102Y59        CARRY4 (Prop_carry4_S[0]_CO[3])
                                                      0.513    61.114 r  u_alu/u_algorithm/u_div/y1__1074/CO[3]
                         net (fo=1, routed)           0.000    61.114    u_alu/u_algorithm/u_div/y1__1074_n_0
    SLICE_X102Y60        CARRY4 (Prop_carry4_CI_CO[3])
                                                      0.117    61.231 r  u_alu/u_algorithm/u_div/y1__1075/CO[3]
                         net (fo=1, routed)           0.000    61.231    u_alu/u_algorithm/u_div/y1__1075_n_0
    SLICE_X102Y61        CARRY4 (Prop_carry4_CI_CO[3])
                                                      0.117    61.348 r  u_alu/u_algorithm/u_div/y1__1076/CO[3]
                         net (fo=1, routed)           0.000    61.348    u_alu/u_algorithm/u_div/y1__1076_n_0
    SLICE_X102Y62        CARRY4 (Prop_carry4_CI_CO[3])
                                                      0.117    61.465 r  u_alu/u_algorithm/u_div/y1__1077/CO[3]
                         net (fo=1, routed)           0.000    61.465    u_alu/u_algorithm/u_div/y1__1077_n_0
    SLICE_X102Y63        CARRY4 (Prop_carry4_CI_CO[3])
                                                      0.117    61.582 r  u_alu/u_algorithm/u_div/y1__1078/CO[3]
                         net (fo=1, routed)           0.000    61.582    u_alu/u_algorithm/u_div/y1__1078_n_0
    SLICE_X102Y64        CARRY4 (Prop_carry4_CI_CO[3])
                                                      0.117    61.699 r  u_alu/u_algorithm/u_div/y1__1079/CO[3]
                         net (fo=1, routed)           0.000    61.699    u_alu/u_algorithm/u_div/y1__1079_n_0
    SLICE_X102Y65        CARRY4 (Prop_carry4_CI_CO[3])
                                                      0.117    61.816 r  u_alu/u_algorithm/u_div/y1__1080/CO[3]
                         net (fo=1, routed)           0.000    61.816    u_alu/u_algorithm/u_div/y1__1080_n_0
    SLICE_X102Y66        CARRY4 (Prop_carry4_CI_CO[0])
                                                      0.254    62.070 r  u_alu/u_algorithm/u_div/y1__1081/CO[0]
                         net (fo=34, routed)          0.733    62.804    u_alu/u_algorithm/u_div/y10_in[12]
    SLICE_X103Y66        LUT5 (Prop_lut5_I3_O)        0.367    63.171 r  u_alu/u_algorithm/u_div/y1__1082_i_5/O
                         net (fo=1, routed)           0.000    63.171    u_alu/u_algorithm/u_div/y1__1082_i_5_n_0
    SLICE_X103Y66        CARRY4 (Prop_carry4_S[0]_CO[3])
                                                      0.532    63.703 r  u_alu/u_algorithm/u_div/y1__1082/CO[3]
                         net (fo=1, routed)           0.000    63.703    u_alu/u_algorithm/u_div/y1__1082_n_0
    SLICE_X103Y67        CARRY4 (Prop_carry4_CI_CO[3])
                                                      0.114    63.817 r  u_alu/u_algorithm/u_div/y1__1083/CO[3]
                         net (fo=1, routed)           0.000    63.817    u_alu/u_algorithm/u_div/y1__1083_n_0
    SLICE_X103Y68        CARRY4 (Prop_carry4_CI_CO[3])
                                                      0.114    63.931 r  u_alu/u_algorithm/u_div/y1__1084/CO[3]
                         net (fo=1, routed)           0.000    63.931    u_alu/u_algorithm/u_div/y1__1084_n_0
    SLICE_X103Y69        CARRY4 (Prop_carry4_CI_CO[3])
                                                      0.114    64.045 r  u_alu/u_algorithm/u_div/y1__1085/CO[3]
                         net (fo=1, routed)           0.000    64.045    u_alu/u_algorithm/u_div/y1__1085_n_0
    SLICE_X103Y70        CARRY4 (Prop_carry4_CI_CO[3])
                                                      0.114    64.159 r  u_alu/u_algorithm/u_div/y1__1086/CO[3]
                         net (fo=1, routed)           0.000    64.159    u_alu/u_algorithm/u_div/y1__1086_n_0
    SLICE_X103Y71        CARRY4 (Prop_carry4_CI_CO[3])
                                                      0.114    64.273 r  u_alu/u_algorithm/u_div/y1__1087/CO[3]
                         net (fo=1, routed)           0.000    64.273    u_alu/u_algorithm/u_div/y1__1087_n_0
    SLICE_X103Y72        CARRY4 (Prop_carry4_CI_CO[3])
                                                      0.114    64.387 r  u_alu/u_algorithm/u_div/y1__1088/CO[3]
                         net (fo=1, routed)           0.000    64.387    u_alu/u_algorithm/u_div/y1__1088_n_0
    SLICE_X103Y73        CARRY4 (Prop_carry4_CI_CO[0])
                                                      0.271    64.658 r  u_alu/u_algorithm/u_div/y1__1089/CO[0]
                         net (fo=34, routed)          0.528    65.185    u_alu/u_algorithm/u_div/y10_in[11]
    SLICE_X102Y73        LUT5 (Prop_lut5_I0_O)        0.373    65.558 r  u_alu/u_algorithm/u_div/y1__1090_i_4/O
                         net (fo=1, routed)           0.000    65.558    u_alu/u_algorithm/u_div/y1__1090_i_4_n_0
    SLICE_X102Y73        CARRY4 (Prop_carry4_S[1]_CO[3])
                                                      0.533    66.091 r  u_alu/u_algorithm/u_div/y1__1090/CO[3]
                         net (fo=1, routed)           0.000    66.091    u_alu/u_algorithm/u_div/y1__1090_n_0
    SLICE_X102Y74        CARRY4 (Prop_carry4_CI_CO[3])
                                                      0.117    66.208 r  u_alu/u_algorithm/u_div/y1__1091/CO[3]
                         net (fo=1, routed)           0.009    66.217    u_alu/u_algorithm/u_div/y1__1091_n_0
    SLICE_X102Y75        CARRY4 (Prop_carry4_CI_CO[3])
                                                      0.117    66.334 r  u_alu/u_algorithm/u_div/y1__1092/CO[3]
                         net (fo=1, routed)           0.000    66.334    u_alu/u_algorithm/u_div/y1__1092_n_0
    SLICE_X102Y76        CARRY4 (Prop_carry4_CI_CO[3])
                                                      0.117    66.451 r  u_alu/u_algorithm/u_div/y1__1093/CO[3]
                         net (fo=1, routed)           0.000    66.451    u_alu/u_algorithm/u_div/y1__1093_n_0
    SLICE_X102Y77        CARRY4 (Prop_carry4_CI_CO[3])
                                                      0.117    66.568 r  u_alu/u_algorithm/u_div/y1__1094/CO[3]
                         net (fo=1, routed)           0.000    66.568    u_alu/u_algorithm/u_div/y1__1094_n_0
    SLICE_X102Y78        CARRY4 (Prop_carry4_CI_CO[3])
                                                      0.117    66.685 r  u_alu/u_algorithm/u_div/y1__1095/CO[3]
                         net (fo=1, routed)           0.000    66.685    u_alu/u_algorithm/u_div/y1__1095_n_0
    SLICE_X102Y79        CARRY4 (Prop_carry4_CI_CO[3])
                                                      0.117    66.802 r  u_alu/u_algorithm/u_div/y1__1096/CO[3]
                         net (fo=1, routed)           0.000    66.802    u_alu/u_algorithm/u_div/y1__1096_n_0
    SLICE_X102Y80        CARRY4 (Prop_carry4_CI_CO[0])
                                                      0.254    67.056 r  u_alu/u_algorithm/u_div/y1__1097/CO[0]
                         net (fo=34, routed)          0.650    67.706    u_alu/u_algorithm/u_div/y10_in[10]
    SLICE_X103Y79        LUT5 (Prop_lut5_I3_O)        0.367    68.073 r  u_alu/u_algorithm/u_div/y1__1098_i_5/O
                         net (fo=1, routed)           0.000    68.073    u_alu/u_algorithm/u_div/y1__1098_i_5_n_0
    SLICE_X103Y79        CARRY4 (Prop_carry4_S[0]_CO[3])
                                                      0.532    68.605 r  u_alu/u_algorithm/u_div/y1__1098/CO[3]
                         net (fo=1, routed)           0.000    68.605    u_alu/u_algorithm/u_div/y1__1098_n_0
    SLICE_X103Y80        CARRY4 (Prop_carry4_CI_CO[3])
                                                      0.114    68.719 r  u_alu/u_algorithm/u_div/y1__1099/CO[3]
                         net (fo=1, routed)           0.000    68.719    u_alu/u_algorithm/u_div/y1__1099_n_0
    SLICE_X103Y81        CARRY4 (Prop_carry4_CI_CO[3])
                                                      0.114    68.833 r  u_alu/u_algorithm/u_div/y1__1100/CO[3]
                         net (fo=1, routed)           0.000    68.833    u_alu/u_algorithm/u_div/y1__1100_n_0
    SLICE_X103Y82        CARRY4 (Prop_carry4_CI_CO[3])
                                                      0.114    68.947 r  u_alu/u_algorithm/u_div/y1__1101/CO[3]
                         net (fo=1, routed)           0.000    68.947    u_alu/u_algorithm/u_div/y1__1101_n_0
    SLICE_X103Y83        CARRY4 (Prop_carry4_CI_CO[3])
                                                      0.114    69.061 r  u_alu/u_algorithm/u_div/y1__1102/CO[3]
                         net (fo=1, routed)           0.000    69.061    u_alu/u_algorithm/u_div/y1__1102_n_0
    SLICE_X103Y84        CARRY4 (Prop_carry4_CI_CO[3])
                                                      0.114    69.175 r  u_alu/u_algorithm/u_div/y1__1103/CO[3]
                         net (fo=1, routed)           0.000    69.175    u_alu/u_algorithm/u_div/y1__1103_n_0
    SLICE_X103Y85        CARRY4 (Prop_carry4_CI_CO[3])
                                                      0.114    69.289 r  u_alu/u_algorithm/u_div/y1__1104/CO[3]
                         net (fo=1, routed)           0.000    69.289    u_alu/u_algorithm/u_div/y1__1104_n_0
    SLICE_X103Y86        CARRY4 (Prop_carry4_CI_CO[0])
                                                      0.271    69.560 r  u_alu/u_algorithm/u_div/y1__1105/CO[0]
                         net (fo=34, routed)          0.545    70.105    u_alu/u_algorithm/u_div/y10_in[9]
    SLICE_X102Y86        LUT5 (Prop_lut5_I0_O)        0.373    70.478 r  u_alu/u_algorithm/u_div/y1__1106_i_4/O
                         net (fo=1, routed)           0.000    70.478    u_alu/u_algorithm/u_div/y1__1106_i_4_n_0
    SLICE_X102Y86        CARRY4 (Prop_carry4_S[1]_CO[3])
                                                      0.533    71.011 r  u_alu/u_algorithm/u_div/y1__1106/CO[3]
                         net (fo=1, routed)           0.000    71.011    u_alu/u_algorithm/u_div/y1__1106_n_0
    SLICE_X102Y87        CARRY4 (Prop_carry4_CI_CO[3])
                                                      0.117    71.128 r  u_alu/u_algorithm/u_div/y1__1107/CO[3]
                         net (fo=1, routed)           0.000    71.128    u_alu/u_algorithm/u_div/y1__1107_n_0
    SLICE_X102Y88        CARRY4 (Prop_carry4_CI_CO[3])
                                                      0.117    71.245 r  u_alu/u_algorithm/u_div/y1__1108/CO[3]
                         net (fo=1, routed)           0.000    71.245    u_alu/u_algorithm/u_div/y1__1108_n_0
    SLICE_X102Y89        CARRY4 (Prop_carry4_CI_CO[3])
                                                      0.117    71.362 r  u_alu/u_algorithm/u_div/y1__1109/CO[3]
                         net (fo=1, routed)           0.000    71.362    u_alu/u_algorithm/u_div/y1__1109_n_0
    SLICE_X102Y90        CARRY4 (Prop_carry4_CI_CO[3])
                                                      0.117    71.479 r  u_alu/u_algorithm/u_div/y1__1110/CO[3]
                         net (fo=1, routed)           0.000    71.479    u_alu/u_algorithm/u_div/y1__1110_n_0
    SLICE_X102Y91        CARRY4 (Prop_carry4_CI_CO[3])
                                                      0.117    71.595 r  u_alu/u_algorithm/u_div/y1__1111/CO[3]
                         net (fo=1, routed)           0.000    71.595    u_alu/u_algorithm/u_div/y1__1111_n_0
    SLICE_X102Y92        CARRY4 (Prop_carry4_CI_CO[3])
                                                      0.117    71.712 r  u_alu/u_algorithm/u_div/y1__1112/CO[3]
                         net (fo=1, routed)           0.000    71.712    u_alu/u_algorithm/u_div/y1__1112_n_0
    SLICE_X102Y93        CARRY4 (Prop_carry4_CI_CO[0])
                                                      0.254    71.966 r  u_alu/u_algorithm/u_div/y1__1113/CO[0]
                         net (fo=34, routed)          0.735    72.701    u_alu/u_algorithm/u_div/y10_in[8]
    SLICE_X103Y93        LUT5 (Prop_lut5_I3_O)        0.367    73.068 r  u_alu/u_algorithm/u_div/y1__1114_i_5/O
                         net (fo=1, routed)           0.000    73.068    u_alu/u_algorithm/u_div/y1__1114_i_5_n_0
    SLICE_X103Y93        CARRY4 (Prop_carry4_S[0]_CO[3])
                                                      0.532    73.600 r  u_alu/u_algorithm/u_div/y1__1114/CO[3]
                         net (fo=1, routed)           0.000    73.600    u_alu/u_algorithm/u_div/y1__1114_n_0
    SLICE_X103Y94        CARRY4 (Prop_carry4_CI_CO[3])
                                                      0.114    73.714 r  u_alu/u_algorithm/u_div/y1__1115/CO[3]
                         net (fo=1, routed)           0.000    73.714    u_alu/u_algorithm/u_div/y1__1115_n_0
    SLICE_X103Y95        CARRY4 (Prop_carry4_CI_CO[3])
                                                      0.114    73.828 r  u_alu/u_algorithm/u_div/y1__1116/CO[3]
                         net (fo=1, routed)           0.000    73.828    u_alu/u_algorithm/u_div/y1__1116_n_0
    SLICE_X103Y96        CARRY4 (Prop_carry4_CI_CO[3])
                                                      0.114    73.942 r  u_alu/u_algorithm/u_div/y1__1117/CO[3]
                         net (fo=1, routed)           0.000    73.942    u_alu/u_algorithm/u_div/y1__1117_n_0
    SLICE_X103Y97        CARRY4 (Prop_carry4_CI_CO[3])
                                                      0.114    74.056 r  u_alu/u_algorithm/u_div/y1__1118/CO[3]
                         net (fo=1, routed)           0.000    74.056    u_alu/u_algorithm/u_div/y1__1118_n_0
    SLICE_X103Y98        CARRY4 (Prop_carry4_CI_CO[3])
                                                      0.114    74.170 r  u_alu/u_algorithm/u_div/y1__1119/CO[3]
                         net (fo=1, routed)           0.000    74.170    u_alu/u_algorithm/u_div/y1__1119_n_0
    SLICE_X103Y99        CARRY4 (Prop_carry4_CI_CO[3])
                                                      0.114    74.284 r  u_alu/u_algorithm/u_div/y1__1120/CO[3]
                         net (fo=1, routed)           0.001    74.285    u_alu/u_algorithm/u_div/y1__1120_n_0
    SLICE_X103Y100       CARRY4 (Prop_carry4_CI_CO[0])
                                                      0.271    74.556 r  u_alu/u_algorithm/u_div/y1__1121/CO[0]
                         net (fo=34, routed)          0.731    75.287    u_alu/u_algorithm/u_div/y10_in[7]
    SLICE_X102Y100       LUT5 (Prop_lut5_I0_O)        0.373    75.660 r  u_alu/u_algorithm/u_div/y1__1122_i_4/O
                         net (fo=1, routed)           0.000    75.660    u_alu/u_algorithm/u_div/y1__1122_i_4_n_0
    SLICE_X102Y100       CARRY4 (Prop_carry4_S[1]_CO[3])
                                                      0.533    76.193 r  u_alu/u_algorithm/u_div/y1__1122/CO[3]
                         net (fo=1, routed)           0.000    76.193    u_alu/u_algorithm/u_div/y1__1122_n_0
    SLICE_X102Y101       CARRY4 (Prop_carry4_CI_CO[3])
                                                      0.117    76.310 r  u_alu/u_algorithm/u_div/y1__1123/CO[3]
                         net (fo=1, routed)           0.000    76.310    u_alu/u_algorithm/u_div/y1__1123_n_0
    SLICE_X102Y102       CARRY4 (Prop_carry4_CI_CO[3])
                                                      0.117    76.427 r  u_alu/u_algorithm/u_div/y1__1124/CO[3]
                         net (fo=1, routed)           0.000    76.427    u_alu/u_algorithm/u_div/y1__1124_n_0
    SLICE_X102Y103       CARRY4 (Prop_carry4_CI_CO[3])
                                                      0.117    76.544 r  u_alu/u_algorithm/u_div/y1__1125/CO[3]
                         net (fo=1, routed)           0.000    76.544    u_alu/u_algorithm/u_div/y1__1125_n_0
    SLICE_X102Y104       CARRY4 (Prop_carry4_CI_CO[3])
                                                      0.117    76.661 r  u_alu/u_algorithm/u_div/y1__1126/CO[3]
                         net (fo=1, routed)           0.000    76.661    u_alu/u_algorithm/u_div/y1__1126_n_0
    SLICE_X102Y105       CARRY4 (Prop_carry4_CI_CO[3])
                                                      0.117    76.778 r  u_alu/u_algorithm/u_div/y1__1127/CO[3]
                         net (fo=1, routed)           0.000    76.778    u_alu/u_algorithm/u_div/y1__1127_n_0
    SLICE_X102Y106       CARRY4 (Prop_carry4_CI_CO[3])
                                                      0.117    76.895 r  u_alu/u_algorithm/u_div/y1__1128/CO[3]
                         net (fo=1, routed)           0.000    76.895    u_alu/u_algorithm/u_div/y1__1128_n_0
    SLICE_X102Y107       CARRY4 (Prop_carry4_CI_CO[0])
                                                      0.254    77.149 r  u_alu/u_algorithm/u_div/y1__1129/CO[0]
                         net (fo=33, routed)          0.660    77.809    u_alu/u_algorithm/u_div/y10_in[6]
    SLICE_X103Y106       LUT5 (Prop_lut5_I3_O)        0.367    78.176 r  u_alu/u_algorithm/u_div/y1__1130_i_5/O
                         net (fo=1, routed)           0.000    78.176    u_alu/u_algorithm/u_div/y1__1130_i_5_n_0
    SLICE_X103Y106       CARRY4 (Prop_carry4_S[0]_CO[3])
                                                      0.532    78.708 r  u_alu/u_algorithm/u_div/y1__1130/CO[3]
                         net (fo=1, routed)           0.000    78.708    u_alu/u_algorithm/u_div/y1__1130_n_0
    SLICE_X103Y107       CARRY4 (Prop_carry4_CI_CO[3])
                                                      0.114    78.822 r  u_alu/u_algorithm/u_div/y1__1131/CO[3]
                         net (fo=1, routed)           0.000    78.822    u_alu/u_algorithm/u_div/y1__1131_n_0
    SLICE_X103Y108       CARRY4 (Prop_carry4_CI_CO[3])
                                                      0.114    78.936 r  u_alu/u_algorithm/u_div/y1__1132/CO[3]
                         net (fo=1, routed)           0.000    78.936    u_alu/u_algorithm/u_div/y1__1132_n_0
    SLICE_X103Y109       CARRY4 (Prop_carry4_CI_CO[3])
                                                      0.114    79.050 r  u_alu/u_algorithm/u_div/y1__1133/CO[3]
                         net (fo=1, routed)           0.000    79.050    u_alu/u_algorithm/u_div/y1__1133_n_0
    SLICE_X103Y110       CARRY4 (Prop_carry4_CI_CO[3])
                                                      0.114    79.164 r  u_alu/u_algorithm/u_div/y1__1134/CO[3]
                         net (fo=1, routed)           0.000    79.164    u_alu/u_algorithm/u_div/y1__1134_n_0
    SLICE_X103Y111       CARRY4 (Prop_carry4_CI_CO[3])
                                                      0.114    79.278 r  u_alu/u_algorithm/u_div/y1__1135/CO[3]
                         net (fo=1, routed)           0.000    79.278    u_alu/u_algorithm/u_div/y1__1135_n_0
    SLICE_X103Y112       CARRY4 (Prop_carry4_CI_CO[3])
                                                      0.114    79.392 r  u_alu/u_algorithm/u_div/y1__1136/CO[3]
                         net (fo=1, routed)           0.000    79.392    u_alu/u_algorithm/u_div/y1__1136_n_0
    SLICE_X103Y113       CARRY4 (Prop_carry4_CI_CO[0])
                                                      0.271    79.663 r  u_alu/u_algorithm/u_div/y1__1137/CO[0]
                         net (fo=33, routed)          0.644    80.307    u_alu/u_algorithm/u_div/y10_in[5]
    SLICE_X104Y112       CARRY4 (Prop_carry4_CYINIT_CO[3])
                                                      0.844    81.151 r  u_alu/u_algorithm/u_div/y1__1138/CO[3]
                         net (fo=1, routed)           0.000    81.151    u_alu/u_algorithm/u_div/y1__1138_n_0
    SLICE_X104Y113       CARRY4 (Prop_carry4_CI_CO[3])
                                                      0.117    81.268 r  u_alu/u_algorithm/u_div/y1__1139/CO[3]
                         net (fo=1, routed)           0.000    81.268    u_alu/u_algorithm/u_div/y1__1139_n_0
    SLICE_X104Y114       CARRY4 (Prop_carry4_CI_CO[3])
                                                      0.117    81.385 r  u_alu/u_algorithm/u_div/y1__1140/CO[3]
                         net (fo=1, routed)           0.000    81.385    u_alu/u_algorithm/u_div/y1__1140_n_0
    SLICE_X104Y115       CARRY4 (Prop_carry4_CI_CO[3])
                                                      0.117    81.502 r  u_alu/u_algorithm/u_div/y1__1141/CO[3]
                         net (fo=1, routed)           0.000    81.502    u_alu/u_algorithm/u_div/y1__1141_n_0
    SLICE_X104Y116       CARRY4 (Prop_carry4_CI_CO[3])
                                                      0.117    81.619 r  u_alu/u_algorithm/u_div/y1__1142/CO[3]
                         net (fo=1, routed)           0.000    81.619    u_alu/u_algorithm/u_div/y1__1142_n_0
    SLICE_X104Y117       CARRY4 (Prop_carry4_CI_CO[3])
                                                      0.117    81.736 r  u_alu/u_algorithm/u_div/y1__1143/CO[3]
                         net (fo=1, routed)           0.000    81.736    u_alu/u_algorithm/u_div/y1__1143_n_0
    SLICE_X104Y118       CARRY4 (Prop_carry4_CI_CO[3])
                                                      0.117    81.853 r  u_alu/u_algorithm/u_div/y1__1144/CO[3]
                         net (fo=1, routed)           0.000    81.853    u_alu/u_algorithm/u_div/y1__1144_n_0
    SLICE_X104Y119       CARRY4 (Prop_carry4_CI_CO[1])
                                                      0.157    82.010 r  u_alu/u_algorithm/u_div/y1__1145/CO[1]
                         net (fo=34, routed)          0.729    82.739    u_alu/u_algorithm/u_div/y10_in[4]
    SLICE_X103Y119       LUT4 (Prop_lut4_I3_O)        0.332    83.071 r  u_alu/u_algorithm/u_div/y1__1146_i_4/O
                         net (fo=1, routed)           0.000    83.071    u_alu/u_algorithm/u_div/y1__1146_i_4_n_0
    SLICE_X103Y119       CARRY4 (Prop_carry4_S[1]_CO[3])
                                                      0.550    83.621 r  u_alu/u_algorithm/u_div/y1__1146/CO[3]
                         net (fo=1, routed)           0.000    83.621    u_alu/u_algorithm/u_div/y1__1146_n_0
    SLICE_X103Y120       CARRY4 (Prop_carry4_CI_CO[3])
                                                      0.114    83.735 r  u_alu/u_algorithm/u_div/y1__1147/CO[3]
                         net (fo=1, routed)           0.000    83.735    u_alu/u_algorithm/u_div/y1__1147_n_0
    SLICE_X103Y121       CARRY4 (Prop_carry4_CI_CO[3])
                                                      0.114    83.849 r  u_alu/u_algorithm/u_div/y1__1148/CO[3]
                         net (fo=1, routed)           0.000    83.849    u_alu/u_algorithm/u_div/y1__1148_n_0
    SLICE_X103Y122       CARRY4 (Prop_carry4_CI_CO[3])
                                                      0.114    83.963 r  u_alu/u_algorithm/u_div/y1__1149/CO[3]
                         net (fo=1, routed)           0.000    83.963    u_alu/u_algorithm/u_div/y1__1149_n_0
    SLICE_X103Y123       CARRY4 (Prop_carry4_CI_CO[3])
                                                      0.114    84.077 r  u_alu/u_algorithm/u_div/y1__1150/CO[3]
                         net (fo=1, routed)           0.000    84.077    u_alu/u_algorithm/u_div/y1__1150_n_0
    SLICE_X103Y124       CARRY4 (Prop_carry4_CI_CO[3])
                                                      0.114    84.191 r  u_alu/u_algorithm/u_div/y1__1151/CO[3]
                         net (fo=1, routed)           0.009    84.200    u_alu/u_algorithm/u_div/y1__1151_n_0
    SLICE_X103Y125       CARRY4 (Prop_carry4_CI_CO[3])
                                                      0.114    84.314 r  u_alu/u_algorithm/u_div/y1__1152/CO[3]
                         net (fo=1, routed)           0.000    84.314    u_alu/u_algorithm/u_div/y1__1152_n_0
    SLICE_X103Y126       CARRY4 (Prop_carry4_CI_CO[1])
                                                      0.157    84.471 r  u_alu/u_algorithm/u_div/y1__1153/CO[1]
                         net (fo=34, routed)          0.699    85.170    u_alu/u_algorithm/u_div/y10_in[3]
    SLICE_X102Y126       LUT4 (Prop_lut4_I3_O)        0.329    85.499 r  u_alu/u_algorithm/u_div/y1__1154_i_4/O
                         net (fo=1, routed)           0.000    85.499    u_alu/u_algorithm/u_div/y1__1154_i_4_n_0
    SLICE_X102Y126       CARRY4 (Prop_carry4_S[1]_CO[3])
                                                      0.533    86.032 r  u_alu/u_algorithm/u_div/y1__1154/CO[3]
                         net (fo=1, routed)           0.000    86.032    u_alu/u_algorithm/u_div/y1__1154_n_0
    SLICE_X102Y127       CARRY4 (Prop_carry4_CI_CO[3])
                                                      0.117    86.149 r  u_alu/u_algorithm/u_div/y1__1155/CO[3]
                         net (fo=1, routed)           0.000    86.149    u_alu/u_algorithm/u_div/y1__1155_n_0
    SLICE_X102Y128       CARRY4 (Prop_carry4_CI_CO[3])
                                                      0.117    86.266 r  u_alu/u_algorithm/u_div/y1__1156/CO[3]
                         net (fo=1, routed)           0.000    86.266    u_alu/u_algorithm/u_div/y1__1156_n_0
    SLICE_X102Y129       CARRY4 (Prop_carry4_CI_CO[3])
                                                      0.117    86.383 r  u_alu/u_algorithm/u_div/y1__1157/CO[3]
                         net (fo=1, routed)           0.000    86.383    u_alu/u_algorithm/u_div/y1__1157_n_0
    SLICE_X102Y130       CARRY4 (Prop_carry4_CI_CO[3])
                                                      0.117    86.500 r  u_alu/u_algorithm/u_div/y1__1158/CO[3]
                         net (fo=1, routed)           0.000    86.500    u_alu/u_algorithm/u_div/y1__1158_n_0
    SLICE_X102Y131       CARRY4 (Prop_carry4_CI_CO[3])
                                                      0.117    86.617 r  u_alu/u_algorithm/u_div/y1__1159/CO[3]
                         net (fo=1, routed)           0.000    86.617    u_alu/u_algorithm/u_div/y1__1159_n_0
    SLICE_X102Y132       CARRY4 (Prop_carry4_CI_CO[3])
                                                      0.117    86.734 r  u_alu/u_algorithm/u_div/y1__1160/CO[3]
                         net (fo=1, routed)           0.000    86.734    u_alu/u_algorithm/u_div/y1__1160_n_0
    SLICE_X102Y133       CARRY4 (Prop_carry4_CI_CO[1])
                                                      0.157    86.891 r  u_alu/u_algorithm/u_div/y1__1161/CO[1]
                         net (fo=34, routed)          0.701    87.592    u_alu/u_algorithm/u_div/y10_in[2]
    SLICE_X103Y131       LUT4 (Prop_lut4_I3_O)        0.332    87.924 r  u_alu/u_algorithm/u_div/y1__1162_i_4/O
                         net (fo=1, routed)           0.000    87.924    u_alu/u_algorithm/u_div/y1__1162_i_4_n_0
    SLICE_X103Y131       CARRY4 (Prop_carry4_S[1]_CO[3])
                                                      0.550    88.474 r  u_alu/u_algorithm/u_div/y1__1162/CO[3]
                         net (fo=1, routed)           0.000    88.474    u_alu/u_algorithm/u_div/y1__1162_n_0
    SLICE_X103Y132       CARRY4 (Prop_carry4_CI_CO[3])
                                                      0.114    88.588 r  u_alu/u_algorithm/u_div/y1__1163/CO[3]
                         net (fo=1, routed)           0.000    88.588    u_alu/u_algorithm/u_div/y1__1163_n_0
    SLICE_X103Y133       CARRY4 (Prop_carry4_CI_CO[3])
                                                      0.114    88.702 r  u_alu/u_algorithm/u_div/y1__1164/CO[3]
                         net (fo=1, routed)           0.000    88.702    u_alu/u_algorithm/u_div/y1__1164_n_0
    SLICE_X103Y134       CARRY4 (Prop_carry4_CI_CO[3])
                                                      0.114    88.816 r  u_alu/u_algorithm/u_div/y1__1165/CO[3]
                         net (fo=1, routed)           0.000    88.816    u_alu/u_algorithm/u_div/y1__1165_n_0
    SLICE_X103Y135       CARRY4 (Prop_carry4_CI_CO[3])
                                                      0.114    88.930 r  u_alu/u_algorithm/u_div/y1__1166/CO[3]
                         net (fo=1, routed)           0.000    88.930    u_alu/u_algorithm/u_div/y1__1166_n_0
    SLICE_X103Y136       CARRY4 (Prop_carry4_CI_CO[3])
                                                      0.114    89.044 r  u_alu/u_algorithm/u_div/y1__1167/CO[3]
                         net (fo=1, routed)           0.000    89.044    u_alu/u_algorithm/u_div/y1__1167_n_0
    SLICE_X103Y137       CARRY4 (Prop_carry4_CI_CO[3])
                                                      0.114    89.158 r  u_alu/u_algorithm/u_div/y1__1168/CO[3]
                         net (fo=1, routed)           0.000    89.158    u_alu/u_algorithm/u_div/y1__1168_n_0
    SLICE_X103Y138       CARRY4 (Prop_carry4_CI_CO[1])
                                                      0.157    89.315 r  u_alu/u_algorithm/u_div/y1__1169/CO[1]
                         net (fo=34, routed)          0.926    90.241    u_alu/u_algorithm/u_div/y10_in[1]
    SLICE_X102Y134       LUT5 (Prop_lut5_I0_O)        0.329    90.570 r  u_alu/u_algorithm/u_div/y1__1170_i_4/O
                         net (fo=1, routed)           0.000    90.570    u_alu/u_algorithm/u_div/y1__1170_i_4_n_0
    SLICE_X102Y134       CARRY4 (Prop_carry4_S[1]_CO[3])
                                                      0.533    91.103 r  u_alu/u_algorithm/u_div/y1__1170/CO[3]
                         net (fo=1, routed)           0.000    91.103    u_alu/u_algorithm/u_div/y1__1170_n_0
    SLICE_X102Y135       CARRY4 (Prop_carry4_CI_CO[3])
                                                      0.117    91.220 r  u_alu/u_algorithm/u_div/y1__1171/CO[3]
                         net (fo=1, routed)           0.000    91.220    u_alu/u_algorithm/u_div/y1__1171_n_0
    SLICE_X102Y136       CARRY4 (Prop_carry4_CI_CO[3])
                                                      0.117    91.337 r  u_alu/u_algorithm/u_div/y1__1172/CO[3]
                         net (fo=1, routed)           0.000    91.337    u_alu/u_algorithm/u_div/y1__1172_n_0
    SLICE_X102Y137       CARRY4 (Prop_carry4_CI_CO[3])
                                                      0.117    91.454 r  u_alu/u_algorithm/u_div/y1__1173/CO[3]
                         net (fo=1, routed)           0.000    91.454    u_alu/u_algorithm/u_div/y1__1173_n_0
    SLICE_X102Y138       CARRY4 (Prop_carry4_CI_CO[3])
                                                      0.117    91.571 r  u_alu/u_algorithm/u_div/y1__1174/CO[3]
                         net (fo=1, routed)           0.000    91.571    u_alu/u_algorithm/u_div/y1__1174_n_0
    SLICE_X102Y139       CARRY4 (Prop_carry4_CI_CO[3])
                                                      0.117    91.688 r  u_alu/u_algorithm/u_div/y1__1175/CO[3]
                         net (fo=1, routed)           0.000    91.688    u_alu/u_algorithm/u_div/y1__1175_n_0
    SLICE_X102Y140       CARRY4 (Prop_carry4_CI_CO[3])
                                                      0.117    91.805 r  u_alu/u_algorithm/u_div/y1__1176/CO[3]
                         net (fo=1, routed)           0.000    91.805    u_alu/u_algorithm/u_div/y1__1176_n_0
    SLICE_X102Y141       CARRY4 (Prop_carry4_CI_CO[0])
                                                      0.254    92.059 f  u_alu/u_algorithm/u_div/y1__1177/CO[0]
                         net (fo=2, routed)           0.308    92.367    u_alu/u_algorithm/u_div/y10_in[0]
    SLICE_X103Y143       LUT1 (Prop_lut1_I0_O)        0.367    92.734 r  u_alu/u_algorithm/u_div/y[4]_i_3/O
                         net (fo=1, routed)           0.332    93.066    u_alu/u_algorithm/u_div/p_0_in[0]
    SLICE_X102Y145       CARRY4 (Prop_carry4_CYINIT_CO[3])
                                                      0.595    93.661 r  u_alu/u_algorithm/u_div/y_reg[4]_i_2/CO[3]
                         net (fo=1, routed)           0.000    93.661    u_alu/u_algorithm/u_div/y_reg[4]_i_2_n_0
    SLICE_X102Y146       CARRY4 (Prop_carry4_CI_O[1])
                                                      0.323    93.984 r  u_alu/u_algorithm/u_div/y_reg[8]_i_2/O[1]
                         net (fo=1, routed)           0.300    94.284    u_alu/u_algorithm/u_div/y1[6]
    SLICE_X105Y146       LUT5 (Prop_lut5_I1_O)        0.306    94.590 r  u_alu/u_algorithm/u_div/y[6]_i_1/O
                         net (fo=1, routed)           0.000    94.590    u_alu/u_algorithm/u_div/y[6]_i_1_n_0
    SLICE_X105Y146       FDCE                                         r  u_alu/u_algorithm/u_div/y_reg[6]/D
  -------------------------------------------------------------------    -------------------

                         (clock sys_clk_pin rise edge)
                                                      8.000     8.000 r  
    H16                                               0.000     8.000 r  clk (IN)
                         net (fo=0)                   0.000     8.000    clk
    H16                  IBUF (Prop_ibuf_I_O)         1.380     9.380 r  clk_IBUF_inst/O
                         net (fo=1, routed)           2.293    11.673    clk_IBUF
    BUFGCTRL_X0Y16       BUFG (Prop_bufg_I_O)         0.091    11.764 r  clk_IBUF_BUFG_inst/O
                         net (fo=126, routed)         1.783    13.548    u_alu/u_algorithm/u_div/clk_IBUF_BUFG
    SLICE_X105Y146       FDCE                                         r  u_alu/u_algorithm/u_div/y_reg[6]/C
                         clock pessimism              0.309    13.857    
                         clock uncertainty           -0.035    13.821    
    SLICE_X105Y146       FDCE (Setup_fdce_C_D)        0.031    13.852    u_alu/u_algorithm/u_div/y_reg[6]
  -------------------------------------------------------------------
                         required time                         13.852    
                         arrival time                         -94.590    
  -------------------------------------------------------------------
                         slack                                -80.738    

Slack (VIOLATED) :        -80.735ns  (required time - arrival time)
  Source:                 B_in_reg[4]_replica_8/C
                            (rising edge-triggered cell FDCE clocked by sys_clk_pin  {rise@0.000ns fall@4.000ns period=8.000ns})
  Destination:            u_alu/u_algorithm/u_div/y_reg[9]/D
                            (rising edge-triggered cell FDCE clocked by sys_clk_pin  {rise@0.000ns fall@4.000ns period=8.000ns})
  Path Group:             sys_clk_pin
  Path Type:              Setup (Max at Slow Process Corner)
  Requirement:            8.000ns  (sys_clk_pin rise@8.000ns - sys_clk_pin rise@0.000ns)
  Data Path Delay:        88.635ns  (logic 61.355ns (69.222%)  route 27.280ns (30.778%))
  Logic Levels:           290  (CARRY4=257 LUT1=2 LUT2=1 LUT4=5 LUT5=24 LUT6=1)
  Clock Path Skew:        -0.097ns (DCD - SCD + CPR)
    Destination Clock Delay (DCD):    5.549ns = ( 13.549 - 8.000 ) 
    Source Clock Delay      (SCD):    5.955ns
    Clock Pessimism Removal (CPR):    0.309ns
  Clock Uncertainty:      0.035ns  ((TSJ^2 + TIJ^2)^1/2 + DJ) / 2 + PE
    Total System Jitter     (TSJ):    0.071ns
    Total Input Jitter      (TIJ):    0.000ns
    Discrete Jitter          (DJ):    0.000ns
    Phase Error              (PE):    0.000ns

    Location             Delay type                Incr(ns)  Path(ns)    Netlist Resource(s)
  -------------------------------------------------------------------    -------------------
                         (clock sys_clk_pin rise edge)
                                                      0.000     0.000 r  
    H16                                               0.000     0.000 r  clk (IN)
                         net (fo=0)                   0.000     0.000    clk
    H16                  IBUF (Prop_ibuf_I_O)         1.451     1.451 r  clk_IBUF_inst/O
                         net (fo=1, routed)           2.522     3.973    clk_IBUF
    BUFGCTRL_X0Y16       BUFG (Prop_bufg_I_O)         0.101     4.074 r  clk_IBUF_BUFG_inst/O
                         net (fo=126, routed)         1.881     5.955    clk_IBUF_BUFG
    SLICE_X107Y6         FDCE                                         r  B_in_reg[4]_replica_8/C
  -------------------------------------------------------------------    -------------------
    SLICE_X107Y6         FDCE (Prop_fdce_C_Q)         0.456     6.411 f  B_in_reg[4]_replica_8/Q
                         net (fo=1, routed)           0.403     6.814    u_alu/u_algorithm/u_div/B_in_reg_n_0_[4]_repN_8_alias
    SLICE_X107Y7         LUT1 (Prop_lut1_I0_O)        0.124     6.938 r  u_alu/u_algorithm/u_div/y20_carry__0_i_4/O
                         net (fo=1, routed)           0.000     6.938    u_alu/u_algorithm/u_div/y20_carry__0_i_4_n_0
    SLICE_X107Y7         CARRY4 (Prop_carry4_S[0]_CO[3])
                                                      0.532     7.470 r  u_alu/u_algorithm/u_div/y20_carry__0/CO[3]
                         net (fo=1, routed)           0.000     7.470    u_alu/u_algorithm/u_div/y20_carry__0_n_0
    SLICE_X107Y8         CARRY4 (Prop_carry4_CI_CO[3])
                                                      0.114     7.584 r  u_alu/u_algorithm/u_div/y20_carry__1/CO[3]
                         net (fo=1, routed)           0.000     7.584    u_alu/u_algorithm/u_div/y20_carry__1_n_0
    SLICE_X107Y9         CARRY4 (Prop_carry4_CI_CO[0])
                                                      0.271     7.855 r  u_alu/u_algorithm/u_div/y1__925_i_9/CO[0]
                         net (fo=528, routed)         0.879     8.734    u_alu/u_algorithm/u_div/y1__925_i_9_n_3
    SLICE_X106Y6         LUT2 (Prop_lut2_I0_O)        0.373     9.107 r  u_alu/u_algorithm/u_div/y1__926_i_7/O
                         net (fo=1, routed)           0.000     9.107    u_alu/u_algorithm/u_div/y1__926_i_7_n_0
    SLICE_X106Y6         CARRY4 (Prop_carry4_S[1]_CO[3])
                                                      0.550     9.657 r  u_alu/u_algorithm/u_div/y1__926/CO[3]
                         net (fo=1, routed)           0.000     9.657    u_alu/u_algorithm/u_div/y1__926_n_0
    SLICE_X106Y7         CARRY4 (Prop_carry4_CI_CO[3])
                                                      0.114     9.771 r  u_alu/u_algorithm/u_div/y1__927/CO[3]
                         net (fo=1, routed)           0.000     9.771    u_alu/u_algorithm/u_div/y1__927_n_0
    SLICE_X106Y8         CARRY4 (Prop_carry4_CI_CO[3])
                                                      0.114     9.885 r  u_alu/u_algorithm/u_div/y1__928/CO[3]
                         net (fo=1, routed)           0.000     9.885    u_alu/u_algorithm/u_div/y1__928_n_0
    SLICE_X106Y9         CARRY4 (Prop_carry4_CI_CO[2])
                                                      0.228    10.113 r  u_alu/u_algorithm/u_div/y1__929/CO[2]
                         net (fo=33, routed)          1.062    11.175    u_alu/u_algorithm/u_div/y1__929_n_1
    SLICE_X105Y4         LUT5 (Prop_lut5_I0_O)        0.313    11.488 r  u_alu/u_algorithm/u_div/y1__931_i_3/O
                         net (fo=1, routed)           0.000    11.488    u_alu/u_algorithm/u_div/y1__931_i_3_n_0
    SLICE_X105Y4         CARRY4 (Prop_carry4_S[1]_CO[3])
                                                      0.550    12.038 r  u_alu/u_algorithm/u_div/y1__931/CO[3]
                         net (fo=1, routed)           0.000    12.038    u_alu/u_algorithm/u_div/y1__931_n_0
    SLICE_X105Y5         CARRY4 (Prop_carry4_CI_CO[3])
                                                      0.114    12.152 r  u_alu/u_algorithm/u_div/y1__932/CO[3]
                         net (fo=1, routed)           0.000    12.152    u_alu/u_algorithm/u_div/y1__932_n_0
    SLICE_X105Y6         CARRY4 (Prop_carry4_CI_CO[3])
                                                      0.114    12.266 r  u_alu/u_algorithm/u_div/y1__933/CO[3]
                         net (fo=1, routed)           0.000    12.266    u_alu/u_algorithm/u_div/y1__933_n_0
    SLICE_X105Y7         CARRY4 (Prop_carry4_CI_CO[3])
                                                      0.114    12.380 r  u_alu/u_algorithm/u_div/y1__934/CO[3]
                         net (fo=1, routed)           0.000    12.380    u_alu/u_algorithm/u_div/y1__934_n_0
    SLICE_X105Y8         CARRY4 (Prop_carry4_CI_CO[3])
                                                      0.114    12.494 r  u_alu/u_algorithm/u_div/y1__935/CO[3]
                         net (fo=1, routed)           0.000    12.494    u_alu/u_algorithm/u_div/y1__935_n_0
    SLICE_X105Y9         CARRY4 (Prop_carry4_CI_CO[3])
                                                      0.114    12.608 r  u_alu/u_algorithm/u_div/y1__936/CO[3]
                         net (fo=1, routed)           0.000    12.608    u_alu/u_algorithm/u_div/y1__936_n_0
    SLICE_X105Y10        CARRY4 (Prop_carry4_CI_CO[0])
                                                      0.271    12.879 r  u_alu/u_algorithm/u_div/y1__937/CO[0]
                         net (fo=33, routed)          0.688    13.567    u_alu/u_algorithm/u_div/y1__937_n_3
    SLICE_X104Y8         LUT4 (Prop_lut4_I3_O)        0.373    13.940 r  u_alu/u_algorithm/u_div/y1__938_i_5/O
                         net (fo=1, routed)           0.000    13.940    u_alu/u_algorithm/u_div/y1__938_i_5_n_0
    SLICE_X104Y8         CARRY4 (Prop_carry4_S[0]_CO[3])
                                                      0.513    14.453 r  u_alu/u_algorithm/u_div/y1__938/CO[3]
                         net (fo=1, routed)           0.000    14.453    u_alu/u_algorithm/u_div/y1__938_n_0
    SLICE_X104Y9         CARRY4 (Prop_carry4_CI_CO[3])
                                                      0.117    14.570 r  u_alu/u_algorithm/u_div/y1__939/CO[3]
                         net (fo=1, routed)           0.000    14.570    u_alu/u_algorithm/u_div/y1__939_n_0
    SLICE_X104Y10        CARRY4 (Prop_carry4_CI_CO[3])
                                                      0.117    14.687 r  u_alu/u_algorithm/u_div/y1__940/CO[3]
                         net (fo=1, routed)           0.000    14.687    u_alu/u_algorithm/u_div/y1__940_n_0
    SLICE_X104Y11        CARRY4 (Prop_carry4_CI_CO[3])
                                                      0.117    14.804 r  u_alu/u_algorithm/u_div/y1__941/CO[3]
                         net (fo=1, routed)           0.000    14.804    u_alu/u_algorithm/u_div/y1__941_n_0
    SLICE_X104Y12        CARRY4 (Prop_carry4_CI_CO[3])
                                                      0.117    14.921 r  u_alu/u_algorithm/u_div/y1__942/CO[3]
                         net (fo=1, routed)           0.000    14.921    u_alu/u_algorithm/u_div/y1__942_n_0
    SLICE_X104Y13        CARRY4 (Prop_carry4_CI_CO[3])
                                                      0.117    15.038 r  u_alu/u_algorithm/u_div/y1__943/CO[3]
                         net (fo=1, routed)           0.000    15.038    u_alu/u_algorithm/u_div/y1__943_n_0
    SLICE_X104Y14        CARRY4 (Prop_carry4_CI_CO[3])
                                                      0.117    15.155 r  u_alu/u_algorithm/u_div/y1__944/CO[3]
                         net (fo=1, routed)           0.000    15.155    u_alu/u_algorithm/u_div/y1__944_n_0
    SLICE_X104Y15        CARRY4 (Prop_carry4_CI_CO[0])
                                                      0.254    15.409 r  u_alu/u_algorithm/u_div/y1__945/CO[0]
                         net (fo=33, routed)          1.164    16.573    u_alu/u_algorithm/u_div/y1__945_n_3
    SLICE_X103Y3         LUT4 (Prop_lut4_I3_O)        0.367    16.940 r  u_alu/u_algorithm/u_div/y1__946_i_5/O
                         net (fo=1, routed)           0.000    16.940    u_alu/u_algorithm/u_div/y1__946_i_5_n_0
    SLICE_X103Y3         CARRY4 (Prop_carry4_S[0]_CO[3])
                                                      0.532    17.472 r  u_alu/u_algorithm/u_div/y1__946/CO[3]
                         net (fo=1, routed)           0.000    17.472    u_alu/u_algorithm/u_div/y1__946_n_0
    SLICE_X103Y4         CARRY4 (Prop_carry4_CI_CO[3])
                                                      0.114    17.586 r  u_alu/u_algorithm/u_div/y1__947/CO[3]
                         net (fo=1, routed)           0.000    17.586    u_alu/u_algorithm/u_div/y1__947_n_0
    SLICE_X103Y5         CARRY4 (Prop_carry4_CI_CO[3])
                                                      0.114    17.700 r  u_alu/u_algorithm/u_div/y1__948/CO[3]
                         net (fo=1, routed)           0.000    17.700    u_alu/u_algorithm/u_div/y1__948_n_0
    SLICE_X103Y6         CARRY4 (Prop_carry4_CI_CO[3])
                                                      0.114    17.814 r  u_alu/u_algorithm/u_div/y1__949/CO[3]
                         net (fo=1, routed)           0.000    17.814    u_alu/u_algorithm/u_div/y1__949_n_0
    SLICE_X103Y7         CARRY4 (Prop_carry4_CI_CO[3])
                                                      0.114    17.928 r  u_alu/u_algorithm/u_div/y1__950/CO[3]
                         net (fo=1, routed)           0.000    17.928    u_alu/u_algorithm/u_div/y1__950_n_0
    SLICE_X103Y8         CARRY4 (Prop_carry4_CI_CO[3])
                                                      0.114    18.042 r  u_alu/u_algorithm/u_div/y1__951/CO[3]
                         net (fo=1, routed)           0.000    18.042    u_alu/u_algorithm/u_div/y1__951_n_0
    SLICE_X103Y9         CARRY4 (Prop_carry4_CI_CO[3])
                                                      0.114    18.156 r  u_alu/u_algorithm/u_div/y1__952/CO[3]
                         net (fo=1, routed)           0.000    18.156    u_alu/u_algorithm/u_div/y1__952_n_0
    SLICE_X103Y10        CARRY4 (Prop_carry4_CI_CO[0])
                                                      0.271    18.427 r  u_alu/u_algorithm/u_div/y1__953/CO[0]
                         net (fo=32, routed)          0.629    19.056    u_alu/u_algorithm/u_div/y1__953_n_3
    SLICE_X103Y2         LUT6 (Prop_lut6_I5_O)        0.373    19.429 r  u_alu/u_algorithm/u_div/y1__954_i_5/O
                         net (fo=1, routed)           0.711    20.140    u_alu/u_algorithm/u_div/y1__954_i_5_n_0
    SLICE_X104Y0         CARRY4 (Prop_carry4_S[0]_CO[3])
                                                      0.637    20.777 r  u_alu/u_algorithm/u_div/y1__954/CO[3]
                         net (fo=1, routed)           0.000    20.777    u_alu/u_algorithm/u_div/y1__954_n_0
    SLICE_X104Y1         CARRY4 (Prop_carry4_CI_CO[3])
                                                      0.117    20.894 r  u_alu/u_algorithm/u_div/y1__955/CO[3]
                         net (fo=1, routed)           0.000    20.894    u_alu/u_algorithm/u_div/y1__955_n_0
    SLICE_X104Y2         CARRY4 (Prop_carry4_CI_CO[3])
                                                      0.117    21.011 r  u_alu/u_algorithm/u_div/y1__956/CO[3]
                         net (fo=1, routed)           0.000    21.011    u_alu/u_algorithm/u_div/y1__956_n_0
    SLICE_X104Y3         CARRY4 (Prop_carry4_CI_CO[3])
                                                      0.117    21.128 r  u_alu/u_algorithm/u_div/y1__957/CO[3]
                         net (fo=1, routed)           0.000    21.128    u_alu/u_algorithm/u_div/y1__957_n_0
    SLICE_X104Y4         CARRY4 (Prop_carry4_CI_CO[3])
                                                      0.117    21.245 r  u_alu/u_algorithm/u_div/y1__958/CO[3]
                         net (fo=1, routed)           0.000    21.245    u_alu/u_algorithm/u_div/y1__958_n_0
    SLICE_X104Y5         CARRY4 (Prop_carry4_CI_CO[3])
                                                      0.117    21.362 r  u_alu/u_algorithm/u_div/y1__959/CO[3]
                         net (fo=1, routed)           0.000    21.362    u_alu/u_algorithm/u_div/y1__959_n_0
    SLICE_X104Y6         CARRY4 (Prop_carry4_CI_CO[3])
                                                      0.117    21.479 r  u_alu/u_algorithm/u_div/y1__960/CO[3]
                         net (fo=1, routed)           0.000    21.479    u_alu/u_algorithm/u_div/y1__960_n_0
    SLICE_X104Y7         CARRY4 (Prop_carry4_CI_CO[0])
                                                      0.254    21.733 r  u_alu/u_algorithm/u_div/y1__961/CO[0]
                         net (fo=32, routed)          0.922    22.655    u_alu/u_algorithm/u_div/y1__961_n_3
    SLICE_X102Y2         LUT5 (Prop_lut5_I3_O)        0.367    23.022 r  u_alu/u_algorithm/u_div/y1__962_i_5/O
                         net (fo=1, routed)           0.000    23.022    u_alu/u_algorithm/u_div/y1__962_i_5_n_0
    SLICE_X102Y2         CARRY4 (Prop_carry4_S[0]_CO[3])
                                                      0.513    23.535 r  u_alu/u_algorithm/u_div/y1__962/CO[3]
                         net (fo=1, routed)           0.000    23.535    u_alu/u_algorithm/u_div/y1__962_n_0
    SLICE_X102Y3         CARRY4 (Prop_carry4_CI_CO[3])
                                                      0.117    23.652 r  u_alu/u_algorithm/u_div/y1__963/CO[3]
                         net (fo=1, routed)           0.000    23.652    u_alu/u_algorithm/u_div/y1__963_n_0
    SLICE_X102Y4         CARRY4 (Prop_carry4_CI_CO[3])
                                                      0.117    23.769 r  u_alu/u_algorithm/u_div/y1__964/CO[3]
                         net (fo=1, routed)           0.000    23.769    u_alu/u_algorithm/u_div/y1__964_n_0
    SLICE_X102Y5         CARRY4 (Prop_carry4_CI_CO[3])
                                                      0.117    23.886 r  u_alu/u_algorithm/u_div/y1__965/CO[3]
                         net (fo=1, routed)           0.000    23.886    u_alu/u_algorithm/u_div/y1__965_n_0
    SLICE_X102Y6         CARRY4 (Prop_carry4_CI_CO[3])
                                                      0.117    24.003 r  u_alu/u_algorithm/u_div/y1__966/CO[3]
                         net (fo=1, routed)           0.000    24.003    u_alu/u_algorithm/u_div/y1__966_n_0
    SLICE_X102Y7         CARRY4 (Prop_carry4_CI_CO[3])
                                                      0.117    24.120 r  u_alu/u_algorithm/u_div/y1__967/CO[3]
                         net (fo=1, routed)           0.000    24.120    u_alu/u_algorithm/u_div/y1__967_n_0
    SLICE_X102Y8         CARRY4 (Prop_carry4_CI_CO[3])
                                                      0.117    24.237 r  u_alu/u_algorithm/u_div/y1__968/CO[3]
                         net (fo=1, routed)           0.000    24.237    u_alu/u_algorithm/u_div/y1__968_n_0
    SLICE_X102Y9         CARRY4 (Prop_carry4_CI_CO[0])
                                                      0.254    24.491 r  u_alu/u_algorithm/u_div/y1__969/CO[0]
                         net (fo=32, routed)          1.118    25.608    u_alu/u_algorithm/u_div/y1__969_n_3
    SLICE_X101Y2         LUT5 (Prop_lut5_I3_O)        0.367    25.975 r  u_alu/u_algorithm/u_div/y1__970_i_5/O
                         net (fo=1, routed)           0.000    25.975    u_alu/u_algorithm/u_div/y1__970_i_5_n_0
    SLICE_X101Y2         CARRY4 (Prop_carry4_S[0]_CO[3])
                                                      0.532    26.507 r  u_alu/u_algorithm/u_div/y1__970/CO[3]
                         net (fo=1, routed)           0.000    26.507    u_alu/u_algorithm/u_div/y1__970_n_0
    SLICE_X101Y3         CARRY4 (Prop_carry4_CI_CO[3])
                                                      0.114    26.621 r  u_alu/u_algorithm/u_div/y1__971/CO[3]
                         net (fo=1, routed)           0.000    26.621    u_alu/u_algorithm/u_div/y1__971_n_0
    SLICE_X101Y4         CARRY4 (Prop_carry4_CI_CO[3])
                                                      0.114    26.735 r  u_alu/u_algorithm/u_div/y1__972/CO[3]
                         net (fo=1, routed)           0.000    26.735    u_alu/u_algorithm/u_div/y1__972_n_0
    SLICE_X101Y5         CARRY4 (Prop_carry4_CI_CO[3])
                                                      0.114    26.849 r  u_alu/u_algorithm/u_div/y1__973/CO[3]
                         net (fo=1, routed)           0.000    26.849    u_alu/u_algorithm/u_div/y1__973_n_0
    SLICE_X101Y6         CARRY4 (Prop_carry4_CI_CO[3])
                                                      0.114    26.963 r  u_alu/u_algorithm/u_div/y1__974/CO[3]
                         net (fo=1, routed)           0.000    26.963    u_alu/u_algorithm/u_div/y1__974_n_0
    SLICE_X101Y7         CARRY4 (Prop_carry4_CI_CO[3])
                                                      0.114    27.077 r  u_alu/u_algorithm/u_div/y1__975/CO[3]
                         net (fo=1, routed)           0.000    27.077    u_alu/u_algorithm/u_div/y1__975_n_0
    SLICE_X101Y8         CARRY4 (Prop_carry4_CI_CO[3])
                                                      0.114    27.191 r  u_alu/u_algorithm/u_div/y1__976/CO[3]
                         net (fo=1, routed)           0.000    27.191    u_alu/u_algorithm/u_div/y1__976_n_0
    SLICE_X101Y9         CARRY4 (Prop_carry4_CI_CO[0])
                                                      0.271    27.462 r  u_alu/u_algorithm/u_div/y1__977/CO[0]
                         net (fo=32, routed)          0.945    28.407    u_alu/u_algorithm/u_div/y1__977_n_3
    SLICE_X100Y1         CARRY4 (Prop_carry4_CYINIT_CO[3])
                                                      0.844    29.251 r  u_alu/u_algorithm/u_div/y1__978/CO[3]
                         net (fo=1, routed)           0.000    29.251    u_alu/u_algorithm/u_div/y1__978_n_0
    SLICE_X100Y2         CARRY4 (Prop_carry4_CI_CO[3])
                                                      0.117    29.368 r  u_alu/u_algorithm/u_div/y1__979/CO[3]
                         net (fo=1, routed)           0.000    29.368    u_alu/u_algorithm/u_div/y1__979_n_0
    SLICE_X100Y3         CARRY4 (Prop_carry4_CI_CO[3])
                                                      0.117    29.485 r  u_alu/u_algorithm/u_div/y1__980/CO[3]
                         net (fo=1, routed)           0.000    29.485    u_alu/u_algorithm/u_div/y1__980_n_0
    SLICE_X100Y4         CARRY4 (Prop_carry4_CI_CO[3])
                                                      0.117    29.602 r  u_alu/u_algorithm/u_div/y1__981/CO[3]
                         net (fo=1, routed)           0.000    29.602    u_alu/u_algorithm/u_div/y1__981_n_0
    SLICE_X100Y5         CARRY4 (Prop_carry4_CI_CO[3])
                                                      0.117    29.719 r  u_alu/u_algorithm/u_div/y1__982/CO[3]
                         net (fo=1, routed)           0.000    29.719    u_alu/u_algorithm/u_div/y1__982_n_0
    SLICE_X100Y6         CARRY4 (Prop_carry4_CI_CO[3])
                                                      0.117    29.836 r  u_alu/u_algorithm/u_div/y1__983/CO[3]
                         net (fo=1, routed)           0.000    29.836    u_alu/u_algorithm/u_div/y1__983_n_0
    SLICE_X100Y7         CARRY4 (Prop_carry4_CI_CO[3])
                                                      0.117    29.953 r  u_alu/u_algorithm/u_div/y1__984/CO[3]
                         net (fo=1, routed)           0.000    29.953    u_alu/u_algorithm/u_div/y1__984_n_0
    SLICE_X100Y8         CARRY4 (Prop_carry4_CI_CO[0])
                                                      0.254    30.207 r  u_alu/u_algorithm/u_div/y1__985/CO[0]
                         net (fo=32, routed)          1.112    31.319    u_alu/u_algorithm/u_div/y1__985_n_3
    SLICE_X98Y0          LUT5 (Prop_lut5_I3_O)        0.367    31.686 r  u_alu/u_algorithm/u_div/y1__986_i_5/O
                         net (fo=1, routed)           0.000    31.686    u_alu/u_algorithm/u_div/y1__986_i_5_n_0
    SLICE_X98Y0          CARRY4 (Prop_carry4_S[0]_CO[3])
                                                      0.513    32.199 r  u_alu/u_algorithm/u_div/y1__986/CO[3]
                         net (fo=1, routed)           0.000    32.199    u_alu/u_algorithm/u_div/y1__986_n_0
    SLICE_X98Y1          CARRY4 (Prop_carry4_CI_CO[3])
                                                      0.117    32.316 r  u_alu/u_algorithm/u_div/y1__987/CO[3]
                         net (fo=1, routed)           0.000    32.316    u_alu/u_algorithm/u_div/y1__987_n_0
    SLICE_X98Y2          CARRY4 (Prop_carry4_CI_CO[3])
                                                      0.117    32.433 r  u_alu/u_algorithm/u_div/y1__988/CO[3]
                         net (fo=1, routed)           0.000    32.433    u_alu/u_algorithm/u_div/y1__988_n_0
    SLICE_X98Y3          CARRY4 (Prop_carry4_CI_CO[3])
                                                      0.117    32.550 r  u_alu/u_algorithm/u_div/y1__989/CO[3]
                         net (fo=1, routed)           0.000    32.550    u_alu/u_algorithm/u_div/y1__989_n_0
    SLICE_X98Y4          CARRY4 (Prop_carry4_CI_CO[3])
                                                      0.117    32.667 r  u_alu/u_algorithm/u_div/y1__990/CO[3]
                         net (fo=1, routed)           0.000    32.667    u_alu/u_algorithm/u_div/y1__990_n_0
    SLICE_X98Y5          CARRY4 (Prop_carry4_CI_CO[3])
                                                      0.117    32.784 r  u_alu/u_algorithm/u_div/y1__991/CO[3]
                         net (fo=1, routed)           0.000    32.784    u_alu/u_algorithm/u_div/y1__991_n_0
    SLICE_X98Y6          CARRY4 (Prop_carry4_CI_CO[3])
                                                      0.117    32.901 r  u_alu/u_algorithm/u_div/y1__992/CO[3]
                         net (fo=1, routed)           0.000    32.901    u_alu/u_algorithm/u_div/y1__992_n_0
    SLICE_X98Y7          CARRY4 (Prop_carry4_CI_CO[0])
                                                      0.254    33.155 r  u_alu/u_algorithm/u_div/y1__993/CO[0]
                         net (fo=32, routed)          0.951    34.105    u_alu/u_algorithm/u_div/y1__993_n_3
    SLICE_X96Y1          LUT5 (Prop_lut5_I3_O)        0.367    34.472 r  u_alu/u_algorithm/u_div/y1__994_i_5/O
                         net (fo=1, routed)           0.000    34.472    u_alu/u_algorithm/u_div/y1__994_i_5_n_0
    SLICE_X96Y1          CARRY4 (Prop_carry4_S[0]_CO[3])
                                                      0.513    34.985 r  u_alu/u_algorithm/u_div/y1__994/CO[3]
                         net (fo=1, routed)           0.000    34.985    u_alu/u_algorithm/u_div/y1__994_n_0
    SLICE_X96Y2          CARRY4 (Prop_carry4_CI_CO[3])
                                                      0.117    35.102 r  u_alu/u_algorithm/u_div/y1__995/CO[3]
                         net (fo=1, routed)           0.000    35.102    u_alu/u_algorithm/u_div/y1__995_n_0
    SLICE_X96Y3          CARRY4 (Prop_carry4_CI_CO[3])
                                                      0.117    35.219 r  u_alu/u_algorithm/u_div/y1__996/CO[3]
                         net (fo=1, routed)           0.000    35.219    u_alu/u_algorithm/u_div/y1__996_n_0
    SLICE_X96Y4          CARRY4 (Prop_carry4_CI_CO[3])
                                                      0.117    35.336 r  u_alu/u_algorithm/u_div/y1__997/CO[3]
                         net (fo=1, routed)           0.000    35.336    u_alu/u_algorithm/u_div/y1__997_n_0
    SLICE_X96Y5          CARRY4 (Prop_carry4_CI_CO[3])
                                                      0.117    35.453 r  u_alu/u_algorithm/u_div/y1__998/CO[3]
                         net (fo=1, routed)           0.000    35.453    u_alu/u_algorithm/u_div/y1__998_n_0
    SLICE_X96Y6          CARRY4 (Prop_carry4_CI_CO[3])
                                                      0.117    35.570 r  u_alu/u_algorithm/u_div/y1__999/CO[3]
                         net (fo=1, routed)           0.000    35.570    u_alu/u_algorithm/u_div/y1__999_n_0
    SLICE_X96Y7          CARRY4 (Prop_carry4_CI_CO[3])
                                                      0.117    35.687 r  u_alu/u_algorithm/u_div/y1__1000/CO[3]
                         net (fo=1, routed)           0.000    35.687    u_alu/u_algorithm/u_div/y1__1000_n_0
    SLICE_X96Y8          CARRY4 (Prop_carry4_CI_CO[0])
                                                      0.254    35.941 r  u_alu/u_algorithm/u_div/y1__1001/CO[0]
                         net (fo=32, routed)          0.985    36.926    u_alu/u_algorithm/u_div/y1__1001_n_3
    SLICE_X95Y3          LUT5 (Prop_lut5_I3_O)        0.367    37.293 r  u_alu/u_algorithm/u_div/y1__1002_i_5/O
                         net (fo=1, routed)           0.000    37.293    u_alu/u_algorithm/u_div/y1__1002_i_5_n_0
    SLICE_X95Y3          CARRY4 (Prop_carry4_S[0]_CO[3])
                                                      0.532    37.825 r  u_alu/u_algorithm/u_div/y1__1002/CO[3]
                         net (fo=1, routed)           0.000    37.825    u_alu/u_algorithm/u_div/y1__1002_n_0
    SLICE_X95Y4          CARRY4 (Prop_carry4_CI_CO[3])
                                                      0.114    37.939 r  u_alu/u_algorithm/u_div/y1__1003/CO[3]
                         net (fo=1, routed)           0.000    37.939    u_alu/u_algorithm/u_div/y1__1003_n_0
    SLICE_X95Y5          CARRY4 (Prop_carry4_CI_CO[3])
                                                      0.114    38.053 r  u_alu/u_algorithm/u_div/y1__1004/CO[3]
                         net (fo=1, routed)           0.000    38.053    u_alu/u_algorithm/u_div/y1__1004_n_0
    SLICE_X95Y6          CARRY4 (Prop_carry4_CI_CO[3])
                                                      0.114    38.167 r  u_alu/u_algorithm/u_div/y1__1005/CO[3]
                         net (fo=1, routed)           0.000    38.167    u_alu/u_algorithm/u_div/y1__1005_n_0
    SLICE_X95Y7          CARRY4 (Prop_carry4_CI_CO[3])
                                                      0.114    38.281 r  u_alu/u_algorithm/u_div/y1__1006/CO[3]
                         net (fo=1, routed)           0.000    38.281    u_alu/u_algorithm/u_div/y1__1006_n_0
    SLICE_X95Y8          CARRY4 (Prop_carry4_CI_CO[3])
                                                      0.114    38.395 r  u_alu/u_algorithm/u_div/y1__1007/CO[3]
                         net (fo=1, routed)           0.000    38.395    u_alu/u_algorithm/u_div/y1__1007_n_0
    SLICE_X95Y9          CARRY4 (Prop_carry4_CI_CO[3])
                                                      0.114    38.509 r  u_alu/u_algorithm/u_div/y1__1008/CO[3]
                         net (fo=1, routed)           0.000    38.509    u_alu/u_algorithm/u_div/y1__1008_n_0
    SLICE_X95Y10         CARRY4 (Prop_carry4_CI_CO[0])
                                                      0.271    38.780 r  u_alu/u_algorithm/u_div/y1__1009/CO[0]
                         net (fo=32, routed)          0.863    39.643    u_alu/u_algorithm/u_div/y1__1009_n_3
    SLICE_X97Y7          LUT5 (Prop_lut5_I3_O)        0.373    40.016 r  u_alu/u_algorithm/u_div/y1__1010_i_5/O
                         net (fo=1, routed)           0.000    40.016    u_alu/u_algorithm/u_div/y1__1010_i_5_n_0
    SLICE_X97Y7          CARRY4 (Prop_carry4_S[0]_CO[3])
                                                      0.532    40.548 r  u_alu/u_algorithm/u_div/y1__1010/CO[3]
                         net (fo=1, routed)           0.000    40.548    u_alu/u_algorithm/u_div/y1__1010_n_0
    SLICE_X97Y8          CARRY4 (Prop_carry4_CI_CO[3])
                                                      0.114    40.662 r  u_alu/u_algorithm/u_div/y1__1011/CO[3]
                         net (fo=1, routed)           0.000    40.662    u_alu/u_algorithm/u_div/y1__1011_n_0
    SLICE_X97Y9          CARRY4 (Prop_carry4_CI_CO[3])
                                                      0.114    40.776 r  u_alu/u_algorithm/u_div/y1__1012/CO[3]
                         net (fo=1, routed)           0.000    40.776    u_alu/u_algorithm/u_div/y1__1012_n_0
    SLICE_X97Y10         CARRY4 (Prop_carry4_CI_CO[3])
                                                      0.114    40.890 r  u_alu/u_algorithm/u_div/y1__1013/CO[3]
                         net (fo=1, routed)           0.000    40.890    u_alu/u_algorithm/u_div/y1__1013_n_0
    SLICE_X97Y11         CARRY4 (Prop_carry4_CI_CO[3])
                                                      0.114    41.004 r  u_alu/u_algorithm/u_div/y1__1014/CO[3]
                         net (fo=1, routed)           0.000    41.004    u_alu/u_algorithm/u_div/y1__1014_n_0
    SLICE_X97Y12         CARRY4 (Prop_carry4_CI_CO[3])
                                                      0.114    41.118 r  u_alu/u_algorithm/u_div/y1__1015/CO[3]
                         net (fo=1, routed)           0.000    41.118    u_alu/u_algorithm/u_div/y1__1015_n_0
    SLICE_X97Y13         CARRY4 (Prop_carry4_CI_CO[3])
                                                      0.114    41.232 r  u_alu/u_algorithm/u_div/y1__1016/CO[3]
                         net (fo=1, routed)           0.000    41.232    u_alu/u_algorithm/u_div/y1__1016_n_0
    SLICE_X97Y14         CARRY4 (Prop_carry4_CI_CO[0])
                                                      0.271    41.503 r  u_alu/u_algorithm/u_div/y1__1017/CO[0]
                         net (fo=32, routed)          0.457    41.960    u_alu/u_algorithm/u_div/y1__1017_n_3
    SLICE_X100Y14        LUT5 (Prop_lut5_I3_O)        0.373    42.333 r  u_alu/u_algorithm/u_div/y1__1018_i_5/O
                         net (fo=1, routed)           0.402    42.736    u_alu/u_algorithm/u_div/y1__1018_i_5_n_0
    SLICE_X101Y13        CARRY4 (Prop_carry4_S[0]_CO[3])
                                                      0.656    43.392 r  u_alu/u_algorithm/u_div/y1__1018/CO[3]
                         net (fo=1, routed)           0.000    43.392    u_alu/u_algorithm/u_div/y1__1018_n_0
    SLICE_X101Y14        CARRY4 (Prop_carry4_CI_CO[3])
                                                      0.114    43.506 r  u_alu/u_algorithm/u_div/y1__1019/CO[3]
                         net (fo=1, routed)           0.000    43.506    u_alu/u_algorithm/u_div/y1__1019_n_0
    SLICE_X101Y15        CARRY4 (Prop_carry4_CI_CO[3])
                                                      0.114    43.620 r  u_alu/u_algorithm/u_div/y1__1020/CO[3]
                         net (fo=1, routed)           0.000    43.620    u_alu/u_algorithm/u_div/y1__1020_n_0
    SLICE_X101Y16        CARRY4 (Prop_carry4_CI_CO[3])
                                                      0.114    43.734 r  u_alu/u_algorithm/u_div/y1__1021/CO[3]
                         net (fo=1, routed)           0.000    43.734    u_alu/u_algorithm/u_div/y1__1021_n_0
    SLICE_X101Y17        CARRY4 (Prop_carry4_CI_CO[3])
                                                      0.114    43.848 r  u_alu/u_algorithm/u_div/y1__1022/CO[3]
                         net (fo=1, routed)           0.000    43.848    u_alu/u_algorithm/u_div/y1__1022_n_0
    SLICE_X101Y18        CARRY4 (Prop_carry4_CI_CO[3])
                                                      0.114    43.962 r  u_alu/u_algorithm/u_div/y1__1023/CO[3]
                         net (fo=1, routed)           0.000    43.962    u_alu/u_algorithm/u_div/y1__1023_n_0
    SLICE_X101Y19        CARRY4 (Prop_carry4_CI_CO[3])
                                                      0.114    44.076 r  u_alu/u_algorithm/u_div/y1__1024/CO[3]
                         net (fo=1, routed)           0.000    44.076    u_alu/u_algorithm/u_div/y1__1024_n_0
    SLICE_X101Y20        CARRY4 (Prop_carry4_CI_CO[0])
                                                      0.271    44.347 r  u_alu/u_algorithm/u_div/y1__1025/CO[0]
                         net (fo=32, routed)          0.826    45.173    u_alu/u_algorithm/u_div/y1__1025_n_3
    SLICE_X102Y19        LUT5 (Prop_lut5_I3_O)        0.373    45.546 r  u_alu/u_algorithm/u_div/y1__1026_i_5/O
                         net (fo=1, routed)           0.000    45.546    u_alu/u_algorithm/u_div/y1__1026_i_5_n_0
    SLICE_X102Y19        CARRY4 (Prop_carry4_S[0]_CO[3])
                                                      0.513    46.059 r  u_alu/u_algorithm/u_div/y1__1026/CO[3]
                         net (fo=1, routed)           0.000    46.059    u_alu/u_algorithm/u_div/y1__1026_n_0
    SLICE_X102Y20        CARRY4 (Prop_carry4_CI_CO[3])
                                                      0.117    46.176 r  u_alu/u_algorithm/u_div/y1__1027/CO[3]
                         net (fo=1, routed)           0.000    46.176    u_alu/u_algorithm/u_div/y1__1027_n_0
    SLICE_X102Y21        CARRY4 (Prop_carry4_CI_CO[3])
                                                      0.117    46.293 r  u_alu/u_algorithm/u_div/y1__1028/CO[3]
                         net (fo=1, routed)           0.000    46.293    u_alu/u_algorithm/u_div/y1__1028_n_0
    SLICE_X102Y22        CARRY4 (Prop_carry4_CI_CO[3])
                                                      0.117    46.410 r  u_alu/u_algorithm/u_div/y1__1029/CO[3]
                         net (fo=1, routed)           0.000    46.410    u_alu/u_algorithm/u_div/y1__1029_n_0
    SLICE_X102Y23        CARRY4 (Prop_carry4_CI_CO[3])
                                                      0.117    46.527 r  u_alu/u_algorithm/u_div/y1__1030/CO[3]
                         net (fo=1, routed)           0.000    46.527    u_alu/u_algorithm/u_div/y1__1030_n_0
    SLICE_X102Y24        CARRY4 (Prop_carry4_CI_CO[3])
                                                      0.117    46.644 r  u_alu/u_algorithm/u_div/y1__1031/CO[3]
                         net (fo=1, routed)           0.009    46.653    u_alu/u_algorithm/u_div/y1__1031_n_0
    SLICE_X102Y25        CARRY4 (Prop_carry4_CI_CO[3])
                                                      0.117    46.770 r  u_alu/u_algorithm/u_div/y1__1032/CO[3]
                         net (fo=1, routed)           0.000    46.770    u_alu/u_algorithm/u_div/y1__1032_n_0
    SLICE_X102Y26        CARRY4 (Prop_carry4_CI_CO[0])
                                                      0.254    47.024 r  u_alu/u_algorithm/u_div/y1__1033/CO[0]
                         net (fo=32, routed)          0.740    47.764    u_alu/u_algorithm/u_div/y1__1033_n_3
    SLICE_X103Y26        LUT5 (Prop_lut5_I3_O)        0.367    48.131 r  u_alu/u_algorithm/u_div/y1__1034_i_5/O
                         net (fo=1, routed)           0.000    48.131    u_alu/u_algorithm/u_div/y1__1034_i_5_n_0
    SLICE_X103Y26        CARRY4 (Prop_carry4_S[0]_CO[3])
                                                      0.532    48.663 r  u_alu/u_algorithm/u_div/y1__1034/CO[3]
                         net (fo=1, routed)           0.000    48.663    u_alu/u_algorithm/u_div/y1__1034_n_0
    SLICE_X103Y27        CARRY4 (Prop_carry4_CI_CO[3])
                                                      0.114    48.777 r  u_alu/u_algorithm/u_div/y1__1035/CO[3]
                         net (fo=1, routed)           0.000    48.777    u_alu/u_algorithm/u_div/y1__1035_n_0
    SLICE_X103Y28        CARRY4 (Prop_carry4_CI_CO[3])
                                                      0.114    48.891 r  u_alu/u_algorithm/u_div/y1__1036/CO[3]
                         net (fo=1, routed)           0.000    48.891    u_alu/u_algorithm/u_div/y1__1036_n_0
    SLICE_X103Y29        CARRY4 (Prop_carry4_CI_CO[3])
                                                      0.114    49.005 r  u_alu/u_algorithm/u_div/y1__1037/CO[3]
                         net (fo=1, routed)           0.000    49.005    u_alu/u_algorithm/u_div/y1__1037_n_0
    SLICE_X103Y30        CARRY4 (Prop_carry4_CI_CO[3])
                                                      0.114    49.119 r  u_alu/u_algorithm/u_div/y1__1038/CO[3]
                         net (fo=1, routed)           0.000    49.119    u_alu/u_algorithm/u_div/y1__1038_n_0
    SLICE_X103Y31        CARRY4 (Prop_carry4_CI_CO[3])
                                                      0.114    49.233 r  u_alu/u_algorithm/u_div/y1__1039/CO[3]
                         net (fo=1, routed)           0.000    49.233    u_alu/u_algorithm/u_div/y1__1039_n_0
    SLICE_X103Y32        CARRY4 (Prop_carry4_CI_CO[3])
                                                      0.114    49.347 r  u_alu/u_algorithm/u_div/y1__1040/CO[3]
                         net (fo=1, routed)           0.000    49.347    u_alu/u_algorithm/u_div/y1__1040_n_0
    SLICE_X103Y33        CARRY4 (Prop_carry4_CI_CO[0])
                                                      0.271    49.618 r  u_alu/u_algorithm/u_div/y1__1041/CO[0]
                         net (fo=32, routed)          0.528    50.146    u_alu/u_algorithm/u_div/y1__1041_n_3
    SLICE_X102Y33        LUT5 (Prop_lut5_I0_O)        0.373    50.519 r  u_alu/u_algorithm/u_div/y1__1042_i_4/O
                         net (fo=1, routed)           0.000    50.519    u_alu/u_algorithm/u_div/y1__1042_i_4_n_0
    SLICE_X102Y33        CARRY4 (Prop_carry4_S[1]_CO[3])
                                                      0.533    51.052 r  u_alu/u_algorithm/u_div/y1__1042/CO[3]
                         net (fo=1, routed)           0.000    51.052    u_alu/u_algorithm/u_div/y1__1042_n_0
    SLICE_X102Y34        CARRY4 (Prop_carry4_CI_CO[3])
                                                      0.117    51.169 r  u_alu/u_algorithm/u_div/y1__1043/CO[3]
                         net (fo=1, routed)           0.000    51.169    u_alu/u_algorithm/u_div/y1__1043_n_0
    SLICE_X102Y35        CARRY4 (Prop_carry4_CI_CO[3])
                                                      0.117    51.286 r  u_alu/u_algorithm/u_div/y1__1044/CO[3]
                         net (fo=1, routed)           0.000    51.286    u_alu/u_algorithm/u_div/y1__1044_n_0
    SLICE_X102Y36        CARRY4 (Prop_carry4_CI_CO[3])
                                                      0.117    51.403 r  u_alu/u_algorithm/u_div/y1__1045/CO[3]
                         net (fo=1, routed)           0.000    51.403    u_alu/u_algorithm/u_div/y1__1045_n_0
    SLICE_X102Y37        CARRY4 (Prop_carry4_CI_CO[3])
                                                      0.117    51.520 r  u_alu/u_algorithm/u_div/y1__1046/CO[3]
                         net (fo=1, routed)           0.000    51.520    u_alu/u_algorithm/u_div/y1__1046_n_0
    SLICE_X102Y38        CARRY4 (Prop_carry4_CI_CO[3])
                                                      0.117    51.637 r  u_alu/u_algorithm/u_div/y1__1047/CO[3]
                         net (fo=1, routed)           0.000    51.637    u_alu/u_algorithm/u_div/y1__1047_n_0
    SLICE_X102Y39        CARRY4 (Prop_carry4_CI_CO[3])
                                                      0.117    51.754 r  u_alu/u_algorithm/u_div/y1__1048/CO[3]
                         net (fo=1, routed)           0.000    51.754    u_alu/u_algorithm/u_div/y1__1048_n_0
    SLICE_X102Y40        CARRY4 (Prop_carry4_CI_CO[0])
                                                      0.254    52.008 r  u_alu/u_algorithm/u_div/y1__1049/CO[0]
                         net (fo=32, routed)          0.672    52.680    u_alu/u_algorithm/u_div/y1__1049_n_3
    SLICE_X103Y39        LUT5 (Prop_lut5_I3_O)        0.367    53.047 r  u_alu/u_algorithm/u_div/y1__1050_i_5/O
                         net (fo=1, routed)           0.000    53.047    u_alu/u_algorithm/u_div/y1__1050_i_5_n_0
    SLICE_X103Y39        CARRY4 (Prop_carry4_S[0]_CO[3])
                                                      0.532    53.579 r  u_alu/u_algorithm/u_div/y1__1050/CO[3]
                         net (fo=1, routed)           0.000    53.579    u_alu/u_algorithm/u_div/y1__1050_n_0
    SLICE_X103Y40        CARRY4 (Prop_carry4_CI_CO[3])
                                                      0.114    53.693 r  u_alu/u_algorithm/u_div/y1__1051/CO[3]
                         net (fo=1, routed)           0.000    53.693    u_alu/u_algorithm/u_div/y1__1051_n_0
    SLICE_X103Y41        CARRY4 (Prop_carry4_CI_CO[3])
                                                      0.114    53.807 r  u_alu/u_algorithm/u_div/y1__1052/CO[3]
                         net (fo=1, routed)           0.000    53.807    u_alu/u_algorithm/u_div/y1__1052_n_0
    SLICE_X103Y42        CARRY4 (Prop_carry4_CI_CO[3])
                                                      0.114    53.921 r  u_alu/u_algorithm/u_div/y1__1053/CO[3]
                         net (fo=1, routed)           0.000    53.921    u_alu/u_algorithm/u_div/y1__1053_n_0
    SLICE_X103Y43        CARRY4 (Prop_carry4_CI_CO[3])
                                                      0.114    54.035 r  u_alu/u_algorithm/u_div/y1__1054/CO[3]
                         net (fo=1, routed)           0.000    54.035    u_alu/u_algorithm/u_div/y1__1054_n_0
    SLICE_X103Y44        CARRY4 (Prop_carry4_CI_CO[3])
                                                      0.114    54.149 r  u_alu/u_algorithm/u_div/y1__1055/CO[3]
                         net (fo=1, routed)           0.000    54.149    u_alu/u_algorithm/u_div/y1__1055_n_0
    SLICE_X103Y45        CARRY4 (Prop_carry4_CI_CO[3])
                                                      0.114    54.263 r  u_alu/u_algorithm/u_div/y1__1056/CO[3]
                         net (fo=1, routed)           0.000    54.263    u_alu/u_algorithm/u_div/y1__1056_n_0
    SLICE_X103Y46        CARRY4 (Prop_carry4_CI_CO[0])
                                                      0.271    54.534 r  u_alu/u_algorithm/u_div/y1__1057/CO[0]
                         net (fo=34, routed)          0.528    55.061    u_alu/u_algorithm/u_div/y10_in[15]
    SLICE_X102Y46        LUT5 (Prop_lut5_I0_O)        0.373    55.434 r  u_alu/u_algorithm/u_div/y1__1058_i_4/O
                         net (fo=1, routed)           0.000    55.434    u_alu/u_algorithm/u_div/y1__1058_i_4_n_0
    SLICE_X102Y46        CARRY4 (Prop_carry4_S[1]_CO[3])
                                                      0.533    55.967 r  u_alu/u_algorithm/u_div/y1__1058/CO[3]
                         net (fo=1, routed)           0.000    55.967    u_alu/u_algorithm/u_div/y1__1058_n_0
    SLICE_X102Y47        CARRY4 (Prop_carry4_CI_CO[3])
                                                      0.117    56.084 r  u_alu/u_algorithm/u_div/y1__1059/CO[3]
                         net (fo=1, routed)           0.000    56.084    u_alu/u_algorithm/u_div/y1__1059_n_0
    SLICE_X102Y48        CARRY4 (Prop_carry4_CI_CO[3])
                                                      0.117    56.201 r  u_alu/u_algorithm/u_div/y1__1060/CO[3]
                         net (fo=1, routed)           0.000    56.201    u_alu/u_algorithm/u_div/y1__1060_n_0
    SLICE_X102Y49        CARRY4 (Prop_carry4_CI_CO[3])
                                                      0.117    56.318 r  u_alu/u_algorithm/u_div/y1__1061/CO[3]
                         net (fo=1, routed)           0.001    56.319    u_alu/u_algorithm/u_div/y1__1061_n_0
    SLICE_X102Y50        CARRY4 (Prop_carry4_CI_CO[3])
                                                      0.117    56.436 r  u_alu/u_algorithm/u_div/y1__1062/CO[3]
                         net (fo=1, routed)           0.000    56.436    u_alu/u_algorithm/u_div/y1__1062_n_0
    SLICE_X102Y51        CARRY4 (Prop_carry4_CI_CO[3])
                                                      0.117    56.553 r  u_alu/u_algorithm/u_div/y1__1063/CO[3]
                         net (fo=1, routed)           0.000    56.553    u_alu/u_algorithm/u_div/y1__1063_n_0
    SLICE_X102Y52        CARRY4 (Prop_carry4_CI_CO[3])
                                                      0.117    56.670 r  u_alu/u_algorithm/u_div/y1__1064/CO[3]
                         net (fo=1, routed)           0.000    56.670    u_alu/u_algorithm/u_div/y1__1064_n_0
    SLICE_X102Y53        CARRY4 (Prop_carry4_CI_CO[0])
                                                      0.254    56.924 r  u_alu/u_algorithm/u_div/y1__1065/CO[0]
                         net (fo=34, routed)          0.771    57.695    u_alu/u_algorithm/u_div/y10_in[14]
    SLICE_X103Y53        LUT5 (Prop_lut5_I3_O)        0.367    58.062 r  u_alu/u_algorithm/u_div/y1__1066_i_5/O
                         net (fo=1, routed)           0.000    58.062    u_alu/u_algorithm/u_div/y1__1066_i_5_n_0
    SLICE_X103Y53        CARRY4 (Prop_carry4_S[0]_CO[3])
                                                      0.532    58.594 r  u_alu/u_algorithm/u_div/y1__1066/CO[3]
                         net (fo=1, routed)           0.000    58.594    u_alu/u_algorithm/u_div/y1__1066_n_0
    SLICE_X103Y54        CARRY4 (Prop_carry4_CI_CO[3])
                                                      0.114    58.708 r  u_alu/u_algorithm/u_div/y1__1067/CO[3]
                         net (fo=1, routed)           0.000    58.708    u_alu/u_algorithm/u_div/y1__1067_n_0
    SLICE_X103Y55        CARRY4 (Prop_carry4_CI_CO[3])
                                                      0.114    58.822 r  u_alu/u_algorithm/u_div/y1__1068/CO[3]
                         net (fo=1, routed)           0.000    58.822    u_alu/u_algorithm/u_div/y1__1068_n_0
    SLICE_X103Y56        CARRY4 (Prop_carry4_CI_CO[3])
                                                      0.114    58.936 r  u_alu/u_algorithm/u_div/y1__1069/CO[3]
                         net (fo=1, routed)           0.000    58.936    u_alu/u_algorithm/u_div/y1__1069_n_0
    SLICE_X103Y57        CARRY4 (Prop_carry4_CI_CO[3])
                                                      0.114    59.050 r  u_alu/u_algorithm/u_div/y1__1070/CO[3]
                         net (fo=1, routed)           0.000    59.050    u_alu/u_algorithm/u_div/y1__1070_n_0
    SLICE_X103Y58        CARRY4 (Prop_carry4_CI_CO[3])
                                                      0.114    59.164 r  u_alu/u_algorithm/u_div/y1__1071/CO[3]
                         net (fo=1, routed)           0.000    59.164    u_alu/u_algorithm/u_div/y1__1071_n_0
    SLICE_X103Y59        CARRY4 (Prop_carry4_CI_CO[3])
                                                      0.114    59.278 r  u_alu/u_algorithm/u_div/y1__1072/CO[3]
                         net (fo=1, routed)           0.000    59.278    u_alu/u_algorithm/u_div/y1__1072_n_0
    SLICE_X103Y60        CARRY4 (Prop_carry4_CI_CO[0])
                                                      0.271    59.549 r  u_alu/u_algorithm/u_div/y1__1073/CO[0]
                         net (fo=34, routed)          0.680    60.228    u_alu/u_algorithm/u_div/y10_in[13]
    SLICE_X102Y59        LUT5 (Prop_lut5_I3_O)        0.373    60.601 r  u_alu/u_algorithm/u_div/y1__1074_i_5/O
                         net (fo=1, routed)           0.000    60.601    u_alu/u_algorithm/u_div/y1__1074_i_5_n_0
    SLICE_X102Y59        CARRY4 (Prop_carry4_S[0]_CO[3])
                                                      0.513    61.114 r  u_alu/u_algorithm/u_div/y1__1074/CO[3]
                         net (fo=1, routed)           0.000    61.114    u_alu/u_algorithm/u_div/y1__1074_n_0
    SLICE_X102Y60        CARRY4 (Prop_carry4_CI_CO[3])
                                                      0.117    61.231 r  u_alu/u_algorithm/u_div/y1__1075/CO[3]
                         net (fo=1, routed)           0.000    61.231    u_alu/u_algorithm/u_div/y1__1075_n_0
    SLICE_X102Y61        CARRY4 (Prop_carry4_CI_CO[3])
                                                      0.117    61.348 r  u_alu/u_algorithm/u_div/y1__1076/CO[3]
                         net (fo=1, routed)           0.000    61.348    u_alu/u_algorithm/u_div/y1__1076_n_0
    SLICE_X102Y62        CARRY4 (Prop_carry4_CI_CO[3])
                                                      0.117    61.465 r  u_alu/u_algorithm/u_div/y1__1077/CO[3]
                         net (fo=1, routed)           0.000    61.465    u_alu/u_algorithm/u_div/y1__1077_n_0
    SLICE_X102Y63        CARRY4 (Prop_carry4_CI_CO[3])
                                                      0.117    61.582 r  u_alu/u_algorithm/u_div/y1__1078/CO[3]
                         net (fo=1, routed)           0.000    61.582    u_alu/u_algorithm/u_div/y1__1078_n_0
    SLICE_X102Y64        CARRY4 (Prop_carry4_CI_CO[3])
                                                      0.117    61.699 r  u_alu/u_algorithm/u_div/y1__1079/CO[3]
                         net (fo=1, routed)           0.000    61.699    u_alu/u_algorithm/u_div/y1__1079_n_0
    SLICE_X102Y65        CARRY4 (Prop_carry4_CI_CO[3])
                                                      0.117    61.816 r  u_alu/u_algorithm/u_div/y1__1080/CO[3]
                         net (fo=1, routed)           0.000    61.816    u_alu/u_algorithm/u_div/y1__1080_n_0
    SLICE_X102Y66        CARRY4 (Prop_carry4_CI_CO[0])
                                                      0.254    62.070 r  u_alu/u_algorithm/u_div/y1__1081/CO[0]
                         net (fo=34, routed)          0.733    62.804    u_alu/u_algorithm/u_div/y10_in[12]
    SLICE_X103Y66        LUT5 (Prop_lut5_I3_O)        0.367    63.171 r  u_alu/u_algorithm/u_div/y1__1082_i_5/O
                         net (fo=1, routed)           0.000    63.171    u_alu/u_algorithm/u_div/y1__1082_i_5_n_0
    SLICE_X103Y66        CARRY4 (Prop_carry4_S[0]_CO[3])
                                                      0.532    63.703 r  u_alu/u_algorithm/u_div/y1__1082/CO[3]
                         net (fo=1, routed)           0.000    63.703    u_alu/u_algorithm/u_div/y1__1082_n_0
    SLICE_X103Y67        CARRY4 (Prop_carry4_CI_CO[3])
                                                      0.114    63.817 r  u_alu/u_algorithm/u_div/y1__1083/CO[3]
                         net (fo=1, routed)           0.000    63.817    u_alu/u_algorithm/u_div/y1__1083_n_0
    SLICE_X103Y68        CARRY4 (Prop_carry4_CI_CO[3])
                                                      0.114    63.931 r  u_alu/u_algorithm/u_div/y1__1084/CO[3]
                         net (fo=1, routed)           0.000    63.931    u_alu/u_algorithm/u_div/y1__1084_n_0
    SLICE_X103Y69        CARRY4 (Prop_carry4_CI_CO[3])
                                                      0.114    64.045 r  u_alu/u_algorithm/u_div/y1__1085/CO[3]
                         net (fo=1, routed)           0.000    64.045    u_alu/u_algorithm/u_div/y1__1085_n_0
    SLICE_X103Y70        CARRY4 (Prop_carry4_CI_CO[3])
                                                      0.114    64.159 r  u_alu/u_algorithm/u_div/y1__1086/CO[3]
                         net (fo=1, routed)           0.000    64.159    u_alu/u_algorithm/u_div/y1__1086_n_0
    SLICE_X103Y71        CARRY4 (Prop_carry4_CI_CO[3])
                                                      0.114    64.273 r  u_alu/u_algorithm/u_div/y1__1087/CO[3]
                         net (fo=1, routed)           0.000    64.273    u_alu/u_algorithm/u_div/y1__1087_n_0
    SLICE_X103Y72        CARRY4 (Prop_carry4_CI_CO[3])
                                                      0.114    64.387 r  u_alu/u_algorithm/u_div/y1__1088/CO[3]
                         net (fo=1, routed)           0.000    64.387    u_alu/u_algorithm/u_div/y1__1088_n_0
    SLICE_X103Y73        CARRY4 (Prop_carry4_CI_CO[0])
                                                      0.271    64.658 r  u_alu/u_algorithm/u_div/y1__1089/CO[0]
                         net (fo=34, routed)          0.528    65.185    u_alu/u_algorithm/u_div/y10_in[11]
    SLICE_X102Y73        LUT5 (Prop_lut5_I0_O)        0.373    65.558 r  u_alu/u_algorithm/u_div/y1__1090_i_4/O
                         net (fo=1, routed)           0.000    65.558    u_alu/u_algorithm/u_div/y1__1090_i_4_n_0
    SLICE_X102Y73        CARRY4 (Prop_carry4_S[1]_CO[3])
                                                      0.533    66.091 r  u_alu/u_algorithm/u_div/y1__1090/CO[3]
                         net (fo=1, routed)           0.000    66.091    u_alu/u_algorithm/u_div/y1__1090_n_0
    SLICE_X102Y74        CARRY4 (Prop_carry4_CI_CO[3])
                                                      0.117    66.208 r  u_alu/u_algorithm/u_div/y1__1091/CO[3]
                         net (fo=1, routed)           0.009    66.217    u_alu/u_algorithm/u_div/y1__1091_n_0
    SLICE_X102Y75        CARRY4 (Prop_carry4_CI_CO[3])
                                                      0.117    66.334 r  u_alu/u_algorithm/u_div/y1__1092/CO[3]
                         net (fo=1, routed)           0.000    66.334    u_alu/u_algorithm/u_div/y1__1092_n_0
    SLICE_X102Y76        CARRY4 (Prop_carry4_CI_CO[3])
                                                      0.117    66.451 r  u_alu/u_algorithm/u_div/y1__1093/CO[3]
                         net (fo=1, routed)           0.000    66.451    u_alu/u_algorithm/u_div/y1__1093_n_0
    SLICE_X102Y77        CARRY4 (Prop_carry4_CI_CO[3])
                                                      0.117    66.568 r  u_alu/u_algorithm/u_div/y1__1094/CO[3]
                         net (fo=1, routed)           0.000    66.568    u_alu/u_algorithm/u_div/y1__1094_n_0
    SLICE_X102Y78        CARRY4 (Prop_carry4_CI_CO[3])
                                                      0.117    66.685 r  u_alu/u_algorithm/u_div/y1__1095/CO[3]
                         net (fo=1, routed)           0.000    66.685    u_alu/u_algorithm/u_div/y1__1095_n_0
    SLICE_X102Y79        CARRY4 (Prop_carry4_CI_CO[3])
                                                      0.117    66.802 r  u_alu/u_algorithm/u_div/y1__1096/CO[3]
                         net (fo=1, routed)           0.000    66.802    u_alu/u_algorithm/u_div/y1__1096_n_0
    SLICE_X102Y80        CARRY4 (Prop_carry4_CI_CO[0])
                                                      0.254    67.056 r  u_alu/u_algorithm/u_div/y1__1097/CO[0]
                         net (fo=34, routed)          0.650    67.706    u_alu/u_algorithm/u_div/y10_in[10]
    SLICE_X103Y79        LUT5 (Prop_lut5_I3_O)        0.367    68.073 r  u_alu/u_algorithm/u_div/y1__1098_i_5/O
                         net (fo=1, routed)           0.000    68.073    u_alu/u_algorithm/u_div/y1__1098_i_5_n_0
    SLICE_X103Y79        CARRY4 (Prop_carry4_S[0]_CO[3])
                                                      0.532    68.605 r  u_alu/u_algorithm/u_div/y1__1098/CO[3]
                         net (fo=1, routed)           0.000    68.605    u_alu/u_algorithm/u_div/y1__1098_n_0
    SLICE_X103Y80        CARRY4 (Prop_carry4_CI_CO[3])
                                                      0.114    68.719 r  u_alu/u_algorithm/u_div/y1__1099/CO[3]
                         net (fo=1, routed)           0.000    68.719    u_alu/u_algorithm/u_div/y1__1099_n_0
    SLICE_X103Y81        CARRY4 (Prop_carry4_CI_CO[3])
                                                      0.114    68.833 r  u_alu/u_algorithm/u_div/y1__1100/CO[3]
                         net (fo=1, routed)           0.000    68.833    u_alu/u_algorithm/u_div/y1__1100_n_0
    SLICE_X103Y82        CARRY4 (Prop_carry4_CI_CO[3])
                                                      0.114    68.947 r  u_alu/u_algorithm/u_div/y1__1101/CO[3]
                         net (fo=1, routed)           0.000    68.947    u_alu/u_algorithm/u_div/y1__1101_n_0
    SLICE_X103Y83        CARRY4 (Prop_carry4_CI_CO[3])
                                                      0.114    69.061 r  u_alu/u_algorithm/u_div/y1__1102/CO[3]
                         net (fo=1, routed)           0.000    69.061    u_alu/u_algorithm/u_div/y1__1102_n_0
    SLICE_X103Y84        CARRY4 (Prop_carry4_CI_CO[3])
                                                      0.114    69.175 r  u_alu/u_algorithm/u_div/y1__1103/CO[3]
                         net (fo=1, routed)           0.000    69.175    u_alu/u_algorithm/u_div/y1__1103_n_0
    SLICE_X103Y85        CARRY4 (Prop_carry4_CI_CO[3])
                                                      0.114    69.289 r  u_alu/u_algorithm/u_div/y1__1104/CO[3]
                         net (fo=1, routed)           0.000    69.289    u_alu/u_algorithm/u_div/y1__1104_n_0
    SLICE_X103Y86        CARRY4 (Prop_carry4_CI_CO[0])
                                                      0.271    69.560 r  u_alu/u_algorithm/u_div/y1__1105/CO[0]
                         net (fo=34, routed)          0.545    70.105    u_alu/u_algorithm/u_div/y10_in[9]
    SLICE_X102Y86        LUT5 (Prop_lut5_I0_O)        0.373    70.478 r  u_alu/u_algorithm/u_div/y1__1106_i_4/O
                         net (fo=1, routed)           0.000    70.478    u_alu/u_algorithm/u_div/y1__1106_i_4_n_0
    SLICE_X102Y86        CARRY4 (Prop_carry4_S[1]_CO[3])
                                                      0.533    71.011 r  u_alu/u_algorithm/u_div/y1__1106/CO[3]
                         net (fo=1, routed)           0.000    71.011    u_alu/u_algorithm/u_div/y1__1106_n_0
    SLICE_X102Y87        CARRY4 (Prop_carry4_CI_CO[3])
                                                      0.117    71.128 r  u_alu/u_algorithm/u_div/y1__1107/CO[3]
                         net (fo=1, routed)           0.000    71.128    u_alu/u_algorithm/u_div/y1__1107_n_0
    SLICE_X102Y88        CARRY4 (Prop_carry4_CI_CO[3])
                                                      0.117    71.245 r  u_alu/u_algorithm/u_div/y1__1108/CO[3]
                         net (fo=1, routed)           0.000    71.245    u_alu/u_algorithm/u_div/y1__1108_n_0
    SLICE_X102Y89        CARRY4 (Prop_carry4_CI_CO[3])
                                                      0.117    71.362 r  u_alu/u_algorithm/u_div/y1__1109/CO[3]
                         net (fo=1, routed)           0.000    71.362    u_alu/u_algorithm/u_div/y1__1109_n_0
    SLICE_X102Y90        CARRY4 (Prop_carry4_CI_CO[3])
                                                      0.117    71.479 r  u_alu/u_algorithm/u_div/y1__1110/CO[3]
                         net (fo=1, routed)           0.000    71.479    u_alu/u_algorithm/u_div/y1__1110_n_0
    SLICE_X102Y91        CARRY4 (Prop_carry4_CI_CO[3])
                                                      0.117    71.595 r  u_alu/u_algorithm/u_div/y1__1111/CO[3]
                         net (fo=1, routed)           0.000    71.595    u_alu/u_algorithm/u_div/y1__1111_n_0
    SLICE_X102Y92        CARRY4 (Prop_carry4_CI_CO[3])
                                                      0.117    71.712 r  u_alu/u_algorithm/u_div/y1__1112/CO[3]
                         net (fo=1, routed)           0.000    71.712    u_alu/u_algorithm/u_div/y1__1112_n_0
    SLICE_X102Y93        CARRY4 (Prop_carry4_CI_CO[0])
                                                      0.254    71.966 r  u_alu/u_algorithm/u_div/y1__1113/CO[0]
                         net (fo=34, routed)          0.735    72.701    u_alu/u_algorithm/u_div/y10_in[8]
    SLICE_X103Y93        LUT5 (Prop_lut5_I3_O)        0.367    73.068 r  u_alu/u_algorithm/u_div/y1__1114_i_5/O
                         net (fo=1, routed)           0.000    73.068    u_alu/u_algorithm/u_div/y1__1114_i_5_n_0
    SLICE_X103Y93        CARRY4 (Prop_carry4_S[0]_CO[3])
                                                      0.532    73.600 r  u_alu/u_algorithm/u_div/y1__1114/CO[3]
                         net (fo=1, routed)           0.000    73.600    u_alu/u_algorithm/u_div/y1__1114_n_0
    SLICE_X103Y94        CARRY4 (Prop_carry4_CI_CO[3])
                                                      0.114    73.714 r  u_alu/u_algorithm/u_div/y1__1115/CO[3]
                         net (fo=1, routed)           0.000    73.714    u_alu/u_algorithm/u_div/y1__1115_n_0
    SLICE_X103Y95        CARRY4 (Prop_carry4_CI_CO[3])
                                                      0.114    73.828 r  u_alu/u_algorithm/u_div/y1__1116/CO[3]
                         net (fo=1, routed)           0.000    73.828    u_alu/u_algorithm/u_div/y1__1116_n_0
    SLICE_X103Y96        CARRY4 (Prop_carry4_CI_CO[3])
                                                      0.114    73.942 r  u_alu/u_algorithm/u_div/y1__1117/CO[3]
                         net (fo=1, routed)           0.000    73.942    u_alu/u_algorithm/u_div/y1__1117_n_0
    SLICE_X103Y97        CARRY4 (Prop_carry4_CI_CO[3])
                                                      0.114    74.056 r  u_alu/u_algorithm/u_div/y1__1118/CO[3]
                         net (fo=1, routed)           0.000    74.056    u_alu/u_algorithm/u_div/y1__1118_n_0
    SLICE_X103Y98        CARRY4 (Prop_carry4_CI_CO[3])
                                                      0.114    74.170 r  u_alu/u_algorithm/u_div/y1__1119/CO[3]
                         net (fo=1, routed)           0.000    74.170    u_alu/u_algorithm/u_div/y1__1119_n_0
    SLICE_X103Y99        CARRY4 (Prop_carry4_CI_CO[3])
                                                      0.114    74.284 r  u_alu/u_algorithm/u_div/y1__1120/CO[3]
                         net (fo=1, routed)           0.001    74.285    u_alu/u_algorithm/u_div/y1__1120_n_0
    SLICE_X103Y100       CARRY4 (Prop_carry4_CI_CO[0])
                                                      0.271    74.556 r  u_alu/u_algorithm/u_div/y1__1121/CO[0]
                         net (fo=34, routed)          0.731    75.287    u_alu/u_algorithm/u_div/y10_in[7]
    SLICE_X102Y100       LUT5 (Prop_lut5_I0_O)        0.373    75.660 r  u_alu/u_algorithm/u_div/y1__1122_i_4/O
                         net (fo=1, routed)           0.000    75.660    u_alu/u_algorithm/u_div/y1__1122_i_4_n_0
    SLICE_X102Y100       CARRY4 (Prop_carry4_S[1]_CO[3])
                                                      0.533    76.193 r  u_alu/u_algorithm/u_div/y1__1122/CO[3]
                         net (fo=1, routed)           0.000    76.193    u_alu/u_algorithm/u_div/y1__1122_n_0
    SLICE_X102Y101       CARRY4 (Prop_carry4_CI_CO[3])
                                                      0.117    76.310 r  u_alu/u_algorithm/u_div/y1__1123/CO[3]
                         net (fo=1, routed)           0.000    76.310    u_alu/u_algorithm/u_div/y1__1123_n_0
    SLICE_X102Y102       CARRY4 (Prop_carry4_CI_CO[3])
                                                      0.117    76.427 r  u_alu/u_algorithm/u_div/y1__1124/CO[3]
                         net (fo=1, routed)           0.000    76.427    u_alu/u_algorithm/u_div/y1__1124_n_0
    SLICE_X102Y103       CARRY4 (Prop_carry4_CI_CO[3])
                                                      0.117    76.544 r  u_alu/u_algorithm/u_div/y1__1125/CO[3]
                         net (fo=1, routed)           0.000    76.544    u_alu/u_algorithm/u_div/y1__1125_n_0
    SLICE_X102Y104       CARRY4 (Prop_carry4_CI_CO[3])
                                                      0.117    76.661 r  u_alu/u_algorithm/u_div/y1__1126/CO[3]
                         net (fo=1, routed)           0.000    76.661    u_alu/u_algorithm/u_div/y1__1126_n_0
    SLICE_X102Y105       CARRY4 (Prop_carry4_CI_CO[3])
                                                      0.117    76.778 r  u_alu/u_algorithm/u_div/y1__1127/CO[3]
                         net (fo=1, routed)           0.000    76.778    u_alu/u_algorithm/u_div/y1__1127_n_0
    SLICE_X102Y106       CARRY4 (Prop_carry4_CI_CO[3])
                                                      0.117    76.895 r  u_alu/u_algorithm/u_div/y1__1128/CO[3]
                         net (fo=1, routed)           0.000    76.895    u_alu/u_algorithm/u_div/y1__1128_n_0
    SLICE_X102Y107       CARRY4 (Prop_carry4_CI_CO[0])
                                                      0.254    77.149 r  u_alu/u_algorithm/u_div/y1__1129/CO[0]
                         net (fo=33, routed)          0.660    77.809    u_alu/u_algorithm/u_div/y10_in[6]
    SLICE_X103Y106       LUT5 (Prop_lut5_I3_O)        0.367    78.176 r  u_alu/u_algorithm/u_div/y1__1130_i_5/O
                         net (fo=1, routed)           0.000    78.176    u_alu/u_algorithm/u_div/y1__1130_i_5_n_0
    SLICE_X103Y106       CARRY4 (Prop_carry4_S[0]_CO[3])
                                                      0.532    78.708 r  u_alu/u_algorithm/u_div/y1__1130/CO[3]
                         net (fo=1, routed)           0.000    78.708    u_alu/u_algorithm/u_div/y1__1130_n_0
    SLICE_X103Y107       CARRY4 (Prop_carry4_CI_CO[3])
                                                      0.114    78.822 r  u_alu/u_algorithm/u_div/y1__1131/CO[3]
                         net (fo=1, routed)           0.000    78.822    u_alu/u_algorithm/u_div/y1__1131_n_0
    SLICE_X103Y108       CARRY4 (Prop_carry4_CI_CO[3])
                                                      0.114    78.936 r  u_alu/u_algorithm/u_div/y1__1132/CO[3]
                         net (fo=1, routed)           0.000    78.936    u_alu/u_algorithm/u_div/y1__1132_n_0
    SLICE_X103Y109       CARRY4 (Prop_carry4_CI_CO[3])
                                                      0.114    79.050 r  u_alu/u_algorithm/u_div/y1__1133/CO[3]
                         net (fo=1, routed)           0.000    79.050    u_alu/u_algorithm/u_div/y1__1133_n_0
    SLICE_X103Y110       CARRY4 (Prop_carry4_CI_CO[3])
                                                      0.114    79.164 r  u_alu/u_algorithm/u_div/y1__1134/CO[3]
                         net (fo=1, routed)           0.000    79.164    u_alu/u_algorithm/u_div/y1__1134_n_0
    SLICE_X103Y111       CARRY4 (Prop_carry4_CI_CO[3])
                                                      0.114    79.278 r  u_alu/u_algorithm/u_div/y1__1135/CO[3]
                         net (fo=1, routed)           0.000    79.278    u_alu/u_algorithm/u_div/y1__1135_n_0
    SLICE_X103Y112       CARRY4 (Prop_carry4_CI_CO[3])
                                                      0.114    79.392 r  u_alu/u_algorithm/u_div/y1__1136/CO[3]
                         net (fo=1, routed)           0.000    79.392    u_alu/u_algorithm/u_div/y1__1136_n_0
    SLICE_X103Y113       CARRY4 (Prop_carry4_CI_CO[0])
                                                      0.271    79.663 r  u_alu/u_algorithm/u_div/y1__1137/CO[0]
                         net (fo=33, routed)          0.644    80.307    u_alu/u_algorithm/u_div/y10_in[5]
    SLICE_X104Y112       CARRY4 (Prop_carry4_CYINIT_CO[3])
                                                      0.844    81.151 r  u_alu/u_algorithm/u_div/y1__1138/CO[3]
                         net (fo=1, routed)           0.000    81.151    u_alu/u_algorithm/u_div/y1__1138_n_0
    SLICE_X104Y113       CARRY4 (Prop_carry4_CI_CO[3])
                                                      0.117    81.268 r  u_alu/u_algorithm/u_div/y1__1139/CO[3]
                         net (fo=1, routed)           0.000    81.268    u_alu/u_algorithm/u_div/y1__1139_n_0
    SLICE_X104Y114       CARRY4 (Prop_carry4_CI_CO[3])
                                                      0.117    81.385 r  u_alu/u_algorithm/u_div/y1__1140/CO[3]
                         net (fo=1, routed)           0.000    81.385    u_alu/u_algorithm/u_div/y1__1140_n_0
    SLICE_X104Y115       CARRY4 (Prop_carry4_CI_CO[3])
                                                      0.117    81.502 r  u_alu/u_algorithm/u_div/y1__1141/CO[3]
                         net (fo=1, routed)           0.000    81.502    u_alu/u_algorithm/u_div/y1__1141_n_0
    SLICE_X104Y116       CARRY4 (Prop_carry4_CI_CO[3])
                                                      0.117    81.619 r  u_alu/u_algorithm/u_div/y1__1142/CO[3]
                         net (fo=1, routed)           0.000    81.619    u_alu/u_algorithm/u_div/y1__1142_n_0
    SLICE_X104Y117       CARRY4 (Prop_carry4_CI_CO[3])
                                                      0.117    81.736 r  u_alu/u_algorithm/u_div/y1__1143/CO[3]
                         net (fo=1, routed)           0.000    81.736    u_alu/u_algorithm/u_div/y1__1143_n_0
    SLICE_X104Y118       CARRY4 (Prop_carry4_CI_CO[3])
                                                      0.117    81.853 r  u_alu/u_algorithm/u_div/y1__1144/CO[3]
                         net (fo=1, routed)           0.000    81.853    u_alu/u_algorithm/u_div/y1__1144_n_0
    SLICE_X104Y119       CARRY4 (Prop_carry4_CI_CO[1])
                                                      0.157    82.010 r  u_alu/u_algorithm/u_div/y1__1145/CO[1]
                         net (fo=34, routed)          0.729    82.739    u_alu/u_algorithm/u_div/y10_in[4]
    SLICE_X103Y119       LUT4 (Prop_lut4_I3_O)        0.332    83.071 r  u_alu/u_algorithm/u_div/y1__1146_i_4/O
                         net (fo=1, routed)           0.000    83.071    u_alu/u_algorithm/u_div/y1__1146_i_4_n_0
    SLICE_X103Y119       CARRY4 (Prop_carry4_S[1]_CO[3])
                                                      0.550    83.621 r  u_alu/u_algorithm/u_div/y1__1146/CO[3]
                         net (fo=1, routed)           0.000    83.621    u_alu/u_algorithm/u_div/y1__1146_n_0
    SLICE_X103Y120       CARRY4 (Prop_carry4_CI_CO[3])
                                                      0.114    83.735 r  u_alu/u_algorithm/u_div/y1__1147/CO[3]
                         net (fo=1, routed)           0.000    83.735    u_alu/u_algorithm/u_div/y1__1147_n_0
    SLICE_X103Y121       CARRY4 (Prop_carry4_CI_CO[3])
                                                      0.114    83.849 r  u_alu/u_algorithm/u_div/y1__1148/CO[3]
                         net (fo=1, routed)           0.000    83.849    u_alu/u_algorithm/u_div/y1__1148_n_0
    SLICE_X103Y122       CARRY4 (Prop_carry4_CI_CO[3])
                                                      0.114    83.963 r  u_alu/u_algorithm/u_div/y1__1149/CO[3]
                         net (fo=1, routed)           0.000    83.963    u_alu/u_algorithm/u_div/y1__1149_n_0
    SLICE_X103Y123       CARRY4 (Prop_carry4_CI_CO[3])
                                                      0.114    84.077 r  u_alu/u_algorithm/u_div/y1__1150/CO[3]
                         net (fo=1, routed)           0.000    84.077    u_alu/u_algorithm/u_div/y1__1150_n_0
    SLICE_X103Y124       CARRY4 (Prop_carry4_CI_CO[3])
                                                      0.114    84.191 r  u_alu/u_algorithm/u_div/y1__1151/CO[3]
                         net (fo=1, routed)           0.009    84.200    u_alu/u_algorithm/u_div/y1__1151_n_0
    SLICE_X103Y125       CARRY4 (Prop_carry4_CI_CO[3])
                                                      0.114    84.314 r  u_alu/u_algorithm/u_div/y1__1152/CO[3]
                         net (fo=1, routed)           0.000    84.314    u_alu/u_algorithm/u_div/y1__1152_n_0
    SLICE_X103Y126       CARRY4 (Prop_carry4_CI_CO[1])
                                                      0.157    84.471 r  u_alu/u_algorithm/u_div/y1__1153/CO[1]
                         net (fo=34, routed)          0.699    85.170    u_alu/u_algorithm/u_div/y10_in[3]
    SLICE_X102Y126       LUT4 (Prop_lut4_I3_O)        0.329    85.499 r  u_alu/u_algorithm/u_div/y1__1154_i_4/O
                         net (fo=1, routed)           0.000    85.499    u_alu/u_algorithm/u_div/y1__1154_i_4_n_0
    SLICE_X102Y126       CARRY4 (Prop_carry4_S[1]_CO[3])
                                                      0.533    86.032 r  u_alu/u_algorithm/u_div/y1__1154/CO[3]
                         net (fo=1, routed)           0.000    86.032    u_alu/u_algorithm/u_div/y1__1154_n_0
    SLICE_X102Y127       CARRY4 (Prop_carry4_CI_CO[3])
                                                      0.117    86.149 r  u_alu/u_algorithm/u_div/y1__1155/CO[3]
                         net (fo=1, routed)           0.000    86.149    u_alu/u_algorithm/u_div/y1__1155_n_0
    SLICE_X102Y128       CARRY4 (Prop_carry4_CI_CO[3])
                                                      0.117    86.266 r  u_alu/u_algorithm/u_div/y1__1156/CO[3]
                         net (fo=1, routed)           0.000    86.266    u_alu/u_algorithm/u_div/y1__1156_n_0
    SLICE_X102Y129       CARRY4 (Prop_carry4_CI_CO[3])
                                                      0.117    86.383 r  u_alu/u_algorithm/u_div/y1__1157/CO[3]
                         net (fo=1, routed)           0.000    86.383    u_alu/u_algorithm/u_div/y1__1157_n_0
    SLICE_X102Y130       CARRY4 (Prop_carry4_CI_CO[3])
                                                      0.117    86.500 r  u_alu/u_algorithm/u_div/y1__1158/CO[3]
                         net (fo=1, routed)           0.000    86.500    u_alu/u_algorithm/u_div/y1__1158_n_0
    SLICE_X102Y131       CARRY4 (Prop_carry4_CI_CO[3])
                                                      0.117    86.617 r  u_alu/u_algorithm/u_div/y1__1159/CO[3]
                         net (fo=1, routed)           0.000    86.617    u_alu/u_algorithm/u_div/y1__1159_n_0
    SLICE_X102Y132       CARRY4 (Prop_carry4_CI_CO[3])
                                                      0.117    86.734 r  u_alu/u_algorithm/u_div/y1__1160/CO[3]
                         net (fo=1, routed)           0.000    86.734    u_alu/u_algorithm/u_div/y1__1160_n_0
    SLICE_X102Y133       CARRY4 (Prop_carry4_CI_CO[1])
                                                      0.157    86.891 r  u_alu/u_algorithm/u_div/y1__1161/CO[1]
                         net (fo=34, routed)          0.701    87.592    u_alu/u_algorithm/u_div/y10_in[2]
    SLICE_X103Y131       LUT4 (Prop_lut4_I3_O)        0.332    87.924 r  u_alu/u_algorithm/u_div/y1__1162_i_4/O
                         net (fo=1, routed)           0.000    87.924    u_alu/u_algorithm/u_div/y1__1162_i_4_n_0
    SLICE_X103Y131       CARRY4 (Prop_carry4_S[1]_CO[3])
                                                      0.550    88.474 r  u_alu/u_algorithm/u_div/y1__1162/CO[3]
                         net (fo=1, routed)           0.000    88.474    u_alu/u_algorithm/u_div/y1__1162_n_0
    SLICE_X103Y132       CARRY4 (Prop_carry4_CI_CO[3])
                                                      0.114    88.588 r  u_alu/u_algorithm/u_div/y1__1163/CO[3]
                         net (fo=1, routed)           0.000    88.588    u_alu/u_algorithm/u_div/y1__1163_n_0
    SLICE_X103Y133       CARRY4 (Prop_carry4_CI_CO[3])
                                                      0.114    88.702 r  u_alu/u_algorithm/u_div/y1__1164/CO[3]
                         net (fo=1, routed)           0.000    88.702    u_alu/u_algorithm/u_div/y1__1164_n_0
    SLICE_X103Y134       CARRY4 (Prop_carry4_CI_CO[3])
                                                      0.114    88.816 r  u_alu/u_algorithm/u_div/y1__1165/CO[3]
                         net (fo=1, routed)           0.000    88.816    u_alu/u_algorithm/u_div/y1__1165_n_0
    SLICE_X103Y135       CARRY4 (Prop_carry4_CI_CO[3])
                                                      0.114    88.930 r  u_alu/u_algorithm/u_div/y1__1166/CO[3]
                         net (fo=1, routed)           0.000    88.930    u_alu/u_algorithm/u_div/y1__1166_n_0
    SLICE_X103Y136       CARRY4 (Prop_carry4_CI_CO[3])
                                                      0.114    89.044 r  u_alu/u_algorithm/u_div/y1__1167/CO[3]
                         net (fo=1, routed)           0.000    89.044    u_alu/u_algorithm/u_div/y1__1167_n_0
    SLICE_X103Y137       CARRY4 (Prop_carry4_CI_CO[3])
                                                      0.114    89.158 r  u_alu/u_algorithm/u_div/y1__1168/CO[3]
                         net (fo=1, routed)           0.000    89.158    u_alu/u_algorithm/u_div/y1__1168_n_0
    SLICE_X103Y138       CARRY4 (Prop_carry4_CI_CO[1])
                                                      0.157    89.315 r  u_alu/u_algorithm/u_div/y1__1169/CO[1]
                         net (fo=34, routed)          0.926    90.241    u_alu/u_algorithm/u_div/y10_in[1]
    SLICE_X102Y134       LUT5 (Prop_lut5_I0_O)        0.329    90.570 r  u_alu/u_algorithm/u_div/y1__1170_i_4/O
                         net (fo=1, routed)           0.000    90.570    u_alu/u_algorithm/u_div/y1__1170_i_4_n_0
    SLICE_X102Y134       CARRY4 (Prop_carry4_S[1]_CO[3])
                                                      0.533    91.103 r  u_alu/u_algorithm/u_div/y1__1170/CO[3]
                         net (fo=1, routed)           0.000    91.103    u_alu/u_algorithm/u_div/y1__1170_n_0
    SLICE_X102Y135       CARRY4 (Prop_carry4_CI_CO[3])
                                                      0.117    91.220 r  u_alu/u_algorithm/u_div/y1__1171/CO[3]
                         net (fo=1, routed)           0.000    91.220    u_alu/u_algorithm/u_div/y1__1171_n_0
    SLICE_X102Y136       CARRY4 (Prop_carry4_CI_CO[3])
                                                      0.117    91.337 r  u_alu/u_algorithm/u_div/y1__1172/CO[3]
                         net (fo=1, routed)           0.000    91.337    u_alu/u_algorithm/u_div/y1__1172_n_0
    SLICE_X102Y137       CARRY4 (Prop_carry4_CI_CO[3])
                                                      0.117    91.454 r  u_alu/u_algorithm/u_div/y1__1173/CO[3]
                         net (fo=1, routed)           0.000    91.454    u_alu/u_algorithm/u_div/y1__1173_n_0
    SLICE_X102Y138       CARRY4 (Prop_carry4_CI_CO[3])
                                                      0.117    91.571 r  u_alu/u_algorithm/u_div/y1__1174/CO[3]
                         net (fo=1, routed)           0.000    91.571    u_alu/u_algorithm/u_div/y1__1174_n_0
    SLICE_X102Y139       CARRY4 (Prop_carry4_CI_CO[3])
                                                      0.117    91.688 r  u_alu/u_algorithm/u_div/y1__1175/CO[3]
                         net (fo=1, routed)           0.000    91.688    u_alu/u_algorithm/u_div/y1__1175_n_0
    SLICE_X102Y140       CARRY4 (Prop_carry4_CI_CO[3])
                                                      0.117    91.805 r  u_alu/u_algorithm/u_div/y1__1176/CO[3]
                         net (fo=1, routed)           0.000    91.805    u_alu/u_algorithm/u_div/y1__1176_n_0
    SLICE_X102Y141       CARRY4 (Prop_carry4_CI_CO[0])
                                                      0.254    92.059 f  u_alu/u_algorithm/u_div/y1__1177/CO[0]
                         net (fo=2, routed)           0.308    92.367    u_alu/u_algorithm/u_div/y10_in[0]
    SLICE_X103Y143       LUT1 (Prop_lut1_I0_O)        0.367    92.734 r  u_alu/u_algorithm/u_div/y[4]_i_3/O
                         net (fo=1, routed)           0.332    93.066    u_alu/u_algorithm/u_div/p_0_in[0]
    SLICE_X102Y145       CARRY4 (Prop_carry4_CYINIT_CO[3])
                                                      0.595    93.661 r  u_alu/u_algorithm/u_div/y_reg[4]_i_2/CO[3]
                         net (fo=1, routed)           0.000    93.661    u_alu/u_algorithm/u_div/y_reg[4]_i_2_n_0
    SLICE_X102Y146       CARRY4 (Prop_carry4_CI_CO[3])
                                                      0.117    93.778 r  u_alu/u_algorithm/u_div/y_reg[8]_i_2/CO[3]
                         net (fo=1, routed)           0.000    93.778    u_alu/u_algorithm/u_div/y_reg[8]_i_2_n_0
    SLICE_X102Y147       CARRY4 (Prop_carry4_CI_O[0])
                                                      0.219    93.997 r  u_alu/u_algorithm/u_div/y_reg[12]_i_2/O[0]
                         net (fo=1, routed)           0.298    94.295    u_alu/u_algorithm/u_div/y1[9]
    SLICE_X103Y148       LUT5 (Prop_lut5_I1_O)        0.295    94.590 r  u_alu/u_algorithm/u_div/y[9]_i_1/O
                         net (fo=1, routed)           0.000    94.590    u_alu/u_algorithm/u_div/y[9]_i_1_n_0
    SLICE_X103Y148       FDCE                                         r  u_alu/u_algorithm/u_div/y_reg[9]/D
  -------------------------------------------------------------------    -------------------

                         (clock sys_clk_pin rise edge)
                                                      8.000     8.000 r  
    H16                                               0.000     8.000 r  clk (IN)
                         net (fo=0)                   0.000     8.000    clk
    H16                  IBUF (Prop_ibuf_I_O)         1.380     9.380 r  clk_IBUF_inst/O
                         net (fo=1, routed)           2.293    11.673    clk_IBUF
    BUFGCTRL_X0Y16       BUFG (Prop_bufg_I_O)         0.091    11.764 r  clk_IBUF_BUFG_inst/O
                         net (fo=126, routed)         1.784    13.549    u_alu/u_algorithm/u_div/clk_IBUF_BUFG
    SLICE_X103Y148       FDCE                                         r  u_alu/u_algorithm/u_div/y_reg[9]/C
                         clock pessimism              0.309    13.858    
                         clock uncertainty           -0.035    13.822    
    SLICE_X103Y148       FDCE (Setup_fdce_C_D)        0.032    13.854    u_alu/u_algorithm/u_div/y_reg[9]
  -------------------------------------------------------------------
                         required time                         13.854    
                         arrival time                         -94.590    
  -------------------------------------------------------------------
                         slack                                -80.735    

Slack (VIOLATED) :        -80.725ns  (required time - arrival time)
  Source:                 B_in_reg[4]_replica_8/C
                            (rising edge-triggered cell FDCE clocked by sys_clk_pin  {rise@0.000ns fall@4.000ns period=8.000ns})
  Destination:            u_alu/u_algorithm/u_div/y_reg[8]/D
                            (rising edge-triggered cell FDCE clocked by sys_clk_pin  {rise@0.000ns fall@4.000ns period=8.000ns})
  Path Group:             sys_clk_pin
  Path Type:              Setup (Max at Slow Process Corner)
  Requirement:            8.000ns  (sys_clk_pin rise@8.000ns - sys_clk_pin rise@0.000ns)
  Data Path Delay:        88.622ns  (logic 61.346ns (69.222%)  route 27.276ns (30.778%))
  Logic Levels:           289  (CARRY4=256 LUT1=2 LUT2=1 LUT4=5 LUT5=24 LUT6=1)
  Clock Path Skew:        -0.098ns (DCD - SCD + CPR)
    Destination Clock Delay (DCD):    5.548ns = ( 13.548 - 8.000 ) 
    Source Clock Delay      (SCD):    5.955ns
    Clock Pessimism Removal (CPR):    0.309ns
  Clock Uncertainty:      0.035ns  ((TSJ^2 + TIJ^2)^1/2 + DJ) / 2 + PE
    Total System Jitter     (TSJ):    0.071ns
    Total Input Jitter      (TIJ):    0.000ns
    Discrete Jitter          (DJ):    0.000ns
    Phase Error              (PE):    0.000ns

    Location             Delay type                Incr(ns)  Path(ns)    Netlist Resource(s)
  -------------------------------------------------------------------    -------------------
                         (clock sys_clk_pin rise edge)
                                                      0.000     0.000 r  
    H16                                               0.000     0.000 r  clk (IN)
                         net (fo=0)                   0.000     0.000    clk
    H16                  IBUF (Prop_ibuf_I_O)         1.451     1.451 r  clk_IBUF_inst/O
                         net (fo=1, routed)           2.522     3.973    clk_IBUF
    BUFGCTRL_X0Y16       BUFG (Prop_bufg_I_O)         0.101     4.074 r  clk_IBUF_BUFG_inst/O
                         net (fo=126, routed)         1.881     5.955    clk_IBUF_BUFG
    SLICE_X107Y6         FDCE                                         r  B_in_reg[4]_replica_8/C
  -------------------------------------------------------------------    -------------------
    SLICE_X107Y6         FDCE (Prop_fdce_C_Q)         0.456     6.411 f  B_in_reg[4]_replica_8/Q
                         net (fo=1, routed)           0.403     6.814    u_alu/u_algorithm/u_div/B_in_reg_n_0_[4]_repN_8_alias
    SLICE_X107Y7         LUT1 (Prop_lut1_I0_O)        0.124     6.938 r  u_alu/u_algorithm/u_div/y20_carry__0_i_4/O
                         net (fo=1, routed)           0.000     6.938    u_alu/u_algorithm/u_div/y20_carry__0_i_4_n_0
    SLICE_X107Y7         CARRY4 (Prop_carry4_S[0]_CO[3])
                                                      0.532     7.470 r  u_alu/u_algorithm/u_div/y20_carry__0/CO[3]
                         net (fo=1, routed)           0.000     7.470    u_alu/u_algorithm/u_div/y20_carry__0_n_0
    SLICE_X107Y8         CARRY4 (Prop_carry4_CI_CO[3])
                                                      0.114     7.584 r  u_alu/u_algorithm/u_div/y20_carry__1/CO[3]
                         net (fo=1, routed)           0.000     7.584    u_alu/u_algorithm/u_div/y20_carry__1_n_0
    SLICE_X107Y9         CARRY4 (Prop_carry4_CI_CO[0])
                                                      0.271     7.855 r  u_alu/u_algorithm/u_div/y1__925_i_9/CO[0]
                         net (fo=528, routed)         0.879     8.734    u_alu/u_algorithm/u_div/y1__925_i_9_n_3
    SLICE_X106Y6         LUT2 (Prop_lut2_I0_O)        0.373     9.107 r  u_alu/u_algorithm/u_div/y1__926_i_7/O
                         net (fo=1, routed)           0.000     9.107    u_alu/u_algorithm/u_div/y1__926_i_7_n_0
    SLICE_X106Y6         CARRY4 (Prop_carry4_S[1]_CO[3])
                                                      0.550     9.657 r  u_alu/u_algorithm/u_div/y1__926/CO[3]
                         net (fo=1, routed)           0.000     9.657    u_alu/u_algorithm/u_div/y1__926_n_0
    SLICE_X106Y7         CARRY4 (Prop_carry4_CI_CO[3])
                                                      0.114     9.771 r  u_alu/u_algorithm/u_div/y1__927/CO[3]
                         net (fo=1, routed)           0.000     9.771    u_alu/u_algorithm/u_div/y1__927_n_0
    SLICE_X106Y8         CARRY4 (Prop_carry4_CI_CO[3])
                                                      0.114     9.885 r  u_alu/u_algorithm/u_div/y1__928/CO[3]
                         net (fo=1, routed)           0.000     9.885    u_alu/u_algorithm/u_div/y1__928_n_0
    SLICE_X106Y9         CARRY4 (Prop_carry4_CI_CO[2])
                                                      0.228    10.113 r  u_alu/u_algorithm/u_div/y1__929/CO[2]
                         net (fo=33, routed)          1.062    11.175    u_alu/u_algorithm/u_div/y1__929_n_1
    SLICE_X105Y4         LUT5 (Prop_lut5_I0_O)        0.313    11.488 r  u_alu/u_algorithm/u_div/y1__931_i_3/O
                         net (fo=1, routed)           0.000    11.488    u_alu/u_algorithm/u_div/y1__931_i_3_n_0
    SLICE_X105Y4         CARRY4 (Prop_carry4_S[1]_CO[3])
                                                      0.550    12.038 r  u_alu/u_algorithm/u_div/y1__931/CO[3]
                         net (fo=1, routed)           0.000    12.038    u_alu/u_algorithm/u_div/y1__931_n_0
    SLICE_X105Y5         CARRY4 (Prop_carry4_CI_CO[3])
                                                      0.114    12.152 r  u_alu/u_algorithm/u_div/y1__932/CO[3]
                         net (fo=1, routed)           0.000    12.152    u_alu/u_algorithm/u_div/y1__932_n_0
    SLICE_X105Y6         CARRY4 (Prop_carry4_CI_CO[3])
                                                      0.114    12.266 r  u_alu/u_algorithm/u_div/y1__933/CO[3]
                         net (fo=1, routed)           0.000    12.266    u_alu/u_algorithm/u_div/y1__933_n_0
    SLICE_X105Y7         CARRY4 (Prop_carry4_CI_CO[3])
                                                      0.114    12.380 r  u_alu/u_algorithm/u_div/y1__934/CO[3]
                         net (fo=1, routed)           0.000    12.380    u_alu/u_algorithm/u_div/y1__934_n_0
    SLICE_X105Y8         CARRY4 (Prop_carry4_CI_CO[3])
                                                      0.114    12.494 r  u_alu/u_algorithm/u_div/y1__935/CO[3]
                         net (fo=1, routed)           0.000    12.494    u_alu/u_algorithm/u_div/y1__935_n_0
    SLICE_X105Y9         CARRY4 (Prop_carry4_CI_CO[3])
                                                      0.114    12.608 r  u_alu/u_algorithm/u_div/y1__936/CO[3]
                         net (fo=1, routed)           0.000    12.608    u_alu/u_algorithm/u_div/y1__936_n_0
    SLICE_X105Y10        CARRY4 (Prop_carry4_CI_CO[0])
                                                      0.271    12.879 r  u_alu/u_algorithm/u_div/y1__937/CO[0]
                         net (fo=33, routed)          0.688    13.567    u_alu/u_algorithm/u_div/y1__937_n_3
    SLICE_X104Y8         LUT4 (Prop_lut4_I3_O)        0.373    13.940 r  u_alu/u_algorithm/u_div/y1__938_i_5/O
                         net (fo=1, routed)           0.000    13.940    u_alu/u_algorithm/u_div/y1__938_i_5_n_0
    SLICE_X104Y8         CARRY4 (Prop_carry4_S[0]_CO[3])
                                                      0.513    14.453 r  u_alu/u_algorithm/u_div/y1__938/CO[3]
                         net (fo=1, routed)           0.000    14.453    u_alu/u_algorithm/u_div/y1__938_n_0
    SLICE_X104Y9         CARRY4 (Prop_carry4_CI_CO[3])
                                                      0.117    14.570 r  u_alu/u_algorithm/u_div/y1__939/CO[3]
                         net (fo=1, routed)           0.000    14.570    u_alu/u_algorithm/u_div/y1__939_n_0
    SLICE_X104Y10        CARRY4 (Prop_carry4_CI_CO[3])
                                                      0.117    14.687 r  u_alu/u_algorithm/u_div/y1__940/CO[3]
                         net (fo=1, routed)           0.000    14.687    u_alu/u_algorithm/u_div/y1__940_n_0
    SLICE_X104Y11        CARRY4 (Prop_carry4_CI_CO[3])
                                                      0.117    14.804 r  u_alu/u_algorithm/u_div/y1__941/CO[3]
                         net (fo=1, routed)           0.000    14.804    u_alu/u_algorithm/u_div/y1__941_n_0
    SLICE_X104Y12        CARRY4 (Prop_carry4_CI_CO[3])
                                                      0.117    14.921 r  u_alu/u_algorithm/u_div/y1__942/CO[3]
                         net (fo=1, routed)           0.000    14.921    u_alu/u_algorithm/u_div/y1__942_n_0
    SLICE_X104Y13        CARRY4 (Prop_carry4_CI_CO[3])
                                                      0.117    15.038 r  u_alu/u_algorithm/u_div/y1__943/CO[3]
                         net (fo=1, routed)           0.000    15.038    u_alu/u_algorithm/u_div/y1__943_n_0
    SLICE_X104Y14        CARRY4 (Prop_carry4_CI_CO[3])
                                                      0.117    15.155 r  u_alu/u_algorithm/u_div/y1__944/CO[3]
                         net (fo=1, routed)           0.000    15.155    u_alu/u_algorithm/u_div/y1__944_n_0
    SLICE_X104Y15        CARRY4 (Prop_carry4_CI_CO[0])
                                                      0.254    15.409 r  u_alu/u_algorithm/u_div/y1__945/CO[0]
                         net (fo=33, routed)          1.164    16.573    u_alu/u_algorithm/u_div/y1__945_n_3
    SLICE_X103Y3         LUT4 (Prop_lut4_I3_O)        0.367    16.940 r  u_alu/u_algorithm/u_div/y1__946_i_5/O
                         net (fo=1, routed)           0.000    16.940    u_alu/u_algorithm/u_div/y1__946_i_5_n_0
    SLICE_X103Y3         CARRY4 (Prop_carry4_S[0]_CO[3])
                                                      0.532    17.472 r  u_alu/u_algorithm/u_div/y1__946/CO[3]
                         net (fo=1, routed)           0.000    17.472    u_alu/u_algorithm/u_div/y1__946_n_0
    SLICE_X103Y4         CARRY4 (Prop_carry4_CI_CO[3])
                                                      0.114    17.586 r  u_alu/u_algorithm/u_div/y1__947/CO[3]
                         net (fo=1, routed)           0.000    17.586    u_alu/u_algorithm/u_div/y1__947_n_0
    SLICE_X103Y5         CARRY4 (Prop_carry4_CI_CO[3])
                                                      0.114    17.700 r  u_alu/u_algorithm/u_div/y1__948/CO[3]
                         net (fo=1, routed)           0.000    17.700    u_alu/u_algorithm/u_div/y1__948_n_0
    SLICE_X103Y6         CARRY4 (Prop_carry4_CI_CO[3])
                                                      0.114    17.814 r  u_alu/u_algorithm/u_div/y1__949/CO[3]
                         net (fo=1, routed)           0.000    17.814    u_alu/u_algorithm/u_div/y1__949_n_0
    SLICE_X103Y7         CARRY4 (Prop_carry4_CI_CO[3])
                                                      0.114    17.928 r  u_alu/u_algorithm/u_div/y1__950/CO[3]
                         net (fo=1, routed)           0.000    17.928    u_alu/u_algorithm/u_div/y1__950_n_0
    SLICE_X103Y8         CARRY4 (Prop_carry4_CI_CO[3])
                                                      0.114    18.042 r  u_alu/u_algorithm/u_div/y1__951/CO[3]
                         net (fo=1, routed)           0.000    18.042    u_alu/u_algorithm/u_div/y1__951_n_0
    SLICE_X103Y9         CARRY4 (Prop_carry4_CI_CO[3])
                                                      0.114    18.156 r  u_alu/u_algorithm/u_div/y1__952/CO[3]
                         net (fo=1, routed)           0.000    18.156    u_alu/u_algorithm/u_div/y1__952_n_0
    SLICE_X103Y10        CARRY4 (Prop_carry4_CI_CO[0])
                                                      0.271    18.427 r  u_alu/u_algorithm/u_div/y1__953/CO[0]
                         net (fo=32, routed)          0.629    19.056    u_alu/u_algorithm/u_div/y1__953_n_3
    SLICE_X103Y2         LUT6 (Prop_lut6_I5_O)        0.373    19.429 r  u_alu/u_algorithm/u_div/y1__954_i_5/O
                         net (fo=1, routed)           0.711    20.140    u_alu/u_algorithm/u_div/y1__954_i_5_n_0
    SLICE_X104Y0         CARRY4 (Prop_carry4_S[0]_CO[3])
                                                      0.637    20.777 r  u_alu/u_algorithm/u_div/y1__954/CO[3]
                         net (fo=1, routed)           0.000    20.777    u_alu/u_algorithm/u_div/y1__954_n_0
    SLICE_X104Y1         CARRY4 (Prop_carry4_CI_CO[3])
                                                      0.117    20.894 r  u_alu/u_algorithm/u_div/y1__955/CO[3]
                         net (fo=1, routed)           0.000    20.894    u_alu/u_algorithm/u_div/y1__955_n_0
    SLICE_X104Y2         CARRY4 (Prop_carry4_CI_CO[3])
                                                      0.117    21.011 r  u_alu/u_algorithm/u_div/y1__956/CO[3]
                         net (fo=1, routed)           0.000    21.011    u_alu/u_algorithm/u_div/y1__956_n_0
    SLICE_X104Y3         CARRY4 (Prop_carry4_CI_CO[3])
                                                      0.117    21.128 r  u_alu/u_algorithm/u_div/y1__957/CO[3]
                         net (fo=1, routed)           0.000    21.128    u_alu/u_algorithm/u_div/y1__957_n_0
    SLICE_X104Y4         CARRY4 (Prop_carry4_CI_CO[3])
                                                      0.117    21.245 r  u_alu/u_algorithm/u_div/y1__958/CO[3]
                         net (fo=1, routed)           0.000    21.245    u_alu/u_algorithm/u_div/y1__958_n_0
    SLICE_X104Y5         CARRY4 (Prop_carry4_CI_CO[3])
                                                      0.117    21.362 r  u_alu/u_algorithm/u_div/y1__959/CO[3]
                         net (fo=1, routed)           0.000    21.362    u_alu/u_algorithm/u_div/y1__959_n_0
    SLICE_X104Y6         CARRY4 (Prop_carry4_CI_CO[3])
                                                      0.117    21.479 r  u_alu/u_algorithm/u_div/y1__960/CO[3]
                         net (fo=1, routed)           0.000    21.479    u_alu/u_algorithm/u_div/y1__960_n_0
    SLICE_X104Y7         CARRY4 (Prop_carry4_CI_CO[0])
                                                      0.254    21.733 r  u_alu/u_algorithm/u_div/y1__961/CO[0]
                         net (fo=32, routed)          0.922    22.655    u_alu/u_algorithm/u_div/y1__961_n_3
    SLICE_X102Y2         LUT5 (Prop_lut5_I3_O)        0.367    23.022 r  u_alu/u_algorithm/u_div/y1__962_i_5/O
                         net (fo=1, routed)           0.000    23.022    u_alu/u_algorithm/u_div/y1__962_i_5_n_0
    SLICE_X102Y2         CARRY4 (Prop_carry4_S[0]_CO[3])
                                                      0.513    23.535 r  u_alu/u_algorithm/u_div/y1__962/CO[3]
                         net (fo=1, routed)           0.000    23.535    u_alu/u_algorithm/u_div/y1__962_n_0
    SLICE_X102Y3         CARRY4 (Prop_carry4_CI_CO[3])
                                                      0.117    23.652 r  u_alu/u_algorithm/u_div/y1__963/CO[3]
                         net (fo=1, routed)           0.000    23.652    u_alu/u_algorithm/u_div/y1__963_n_0
    SLICE_X102Y4         CARRY4 (Prop_carry4_CI_CO[3])
                                                      0.117    23.769 r  u_alu/u_algorithm/u_div/y1__964/CO[3]
                         net (fo=1, routed)           0.000    23.769    u_alu/u_algorithm/u_div/y1__964_n_0
    SLICE_X102Y5         CARRY4 (Prop_carry4_CI_CO[3])
                                                      0.117    23.886 r  u_alu/u_algorithm/u_div/y1__965/CO[3]
                         net (fo=1, routed)           0.000    23.886    u_alu/u_algorithm/u_div/y1__965_n_0
    SLICE_X102Y6         CARRY4 (Prop_carry4_CI_CO[3])
                                                      0.117    24.003 r  u_alu/u_algorithm/u_div/y1__966/CO[3]
                         net (fo=1, routed)           0.000    24.003    u_alu/u_algorithm/u_div/y1__966_n_0
    SLICE_X102Y7         CARRY4 (Prop_carry4_CI_CO[3])
                                                      0.117    24.120 r  u_alu/u_algorithm/u_div/y1__967/CO[3]
                         net (fo=1, routed)           0.000    24.120    u_alu/u_algorithm/u_div/y1__967_n_0
    SLICE_X102Y8         CARRY4 (Prop_carry4_CI_CO[3])
                                                      0.117    24.237 r  u_alu/u_algorithm/u_div/y1__968/CO[3]
                         net (fo=1, routed)           0.000    24.237    u_alu/u_algorithm/u_div/y1__968_n_0
    SLICE_X102Y9         CARRY4 (Prop_carry4_CI_CO[0])
                                                      0.254    24.491 r  u_alu/u_algorithm/u_div/y1__969/CO[0]
                         net (fo=32, routed)          1.118    25.608    u_alu/u_algorithm/u_div/y1__969_n_3
    SLICE_X101Y2         LUT5 (Prop_lut5_I3_O)        0.367    25.975 r  u_alu/u_algorithm/u_div/y1__970_i_5/O
                         net (fo=1, routed)           0.000    25.975    u_alu/u_algorithm/u_div/y1__970_i_5_n_0
    SLICE_X101Y2         CARRY4 (Prop_carry4_S[0]_CO[3])
                                                      0.532    26.507 r  u_alu/u_algorithm/u_div/y1__970/CO[3]
                         net (fo=1, routed)           0.000    26.507    u_alu/u_algorithm/u_div/y1__970_n_0
    SLICE_X101Y3         CARRY4 (Prop_carry4_CI_CO[3])
                                                      0.114    26.621 r  u_alu/u_algorithm/u_div/y1__971/CO[3]
                         net (fo=1, routed)           0.000    26.621    u_alu/u_algorithm/u_div/y1__971_n_0
    SLICE_X101Y4         CARRY4 (Prop_carry4_CI_CO[3])
                                                      0.114    26.735 r  u_alu/u_algorithm/u_div/y1__972/CO[3]
                         net (fo=1, routed)           0.000    26.735    u_alu/u_algorithm/u_div/y1__972_n_0
    SLICE_X101Y5         CARRY4 (Prop_carry4_CI_CO[3])
                                                      0.114    26.849 r  u_alu/u_algorithm/u_div/y1__973/CO[3]
                         net (fo=1, routed)           0.000    26.849    u_alu/u_algorithm/u_div/y1__973_n_0
    SLICE_X101Y6         CARRY4 (Prop_carry4_CI_CO[3])
                                                      0.114    26.963 r  u_alu/u_algorithm/u_div/y1__974/CO[3]
                         net (fo=1, routed)           0.000    26.963    u_alu/u_algorithm/u_div/y1__974_n_0
    SLICE_X101Y7         CARRY4 (Prop_carry4_CI_CO[3])
                                                      0.114    27.077 r  u_alu/u_algorithm/u_div/y1__975/CO[3]
                         net (fo=1, routed)           0.000    27.077    u_alu/u_algorithm/u_div/y1__975_n_0
    SLICE_X101Y8         CARRY4 (Prop_carry4_CI_CO[3])
                                                      0.114    27.191 r  u_alu/u_algorithm/u_div/y1__976/CO[3]
                         net (fo=1, routed)           0.000    27.191    u_alu/u_algorithm/u_div/y1__976_n_0
    SLICE_X101Y9         CARRY4 (Prop_carry4_CI_CO[0])
                                                      0.271    27.462 r  u_alu/u_algorithm/u_div/y1__977/CO[0]
                         net (fo=32, routed)          0.945    28.407    u_alu/u_algorithm/u_div/y1__977_n_3
    SLICE_X100Y1         CARRY4 (Prop_carry4_CYINIT_CO[3])
                                                      0.844    29.251 r  u_alu/u_algorithm/u_div/y1__978/CO[3]
                         net (fo=1, routed)           0.000    29.251    u_alu/u_algorithm/u_div/y1__978_n_0
    SLICE_X100Y2         CARRY4 (Prop_carry4_CI_CO[3])
                                                      0.117    29.368 r  u_alu/u_algorithm/u_div/y1__979/CO[3]
                         net (fo=1, routed)           0.000    29.368    u_alu/u_algorithm/u_div/y1__979_n_0
    SLICE_X100Y3         CARRY4 (Prop_carry4_CI_CO[3])
                                                      0.117    29.485 r  u_alu/u_algorithm/u_div/y1__980/CO[3]
                         net (fo=1, routed)           0.000    29.485    u_alu/u_algorithm/u_div/y1__980_n_0
    SLICE_X100Y4         CARRY4 (Prop_carry4_CI_CO[3])
                                                      0.117    29.602 r  u_alu/u_algorithm/u_div/y1__981/CO[3]
                         net (fo=1, routed)           0.000    29.602    u_alu/u_algorithm/u_div/y1__981_n_0
    SLICE_X100Y5         CARRY4 (Prop_carry4_CI_CO[3])
                                                      0.117    29.719 r  u_alu/u_algorithm/u_div/y1__982/CO[3]
                         net (fo=1, routed)           0.000    29.719    u_alu/u_algorithm/u_div/y1__982_n_0
    SLICE_X100Y6         CARRY4 (Prop_carry4_CI_CO[3])
                                                      0.117    29.836 r  u_alu/u_algorithm/u_div/y1__983/CO[3]
                         net (fo=1, routed)           0.000    29.836    u_alu/u_algorithm/u_div/y1__983_n_0
    SLICE_X100Y7         CARRY4 (Prop_carry4_CI_CO[3])
                                                      0.117    29.953 r  u_alu/u_algorithm/u_div/y1__984/CO[3]
                         net (fo=1, routed)           0.000    29.953    u_alu/u_algorithm/u_div/y1__984_n_0
    SLICE_X100Y8         CARRY4 (Prop_carry4_CI_CO[0])
                                                      0.254    30.207 r  u_alu/u_algorithm/u_div/y1__985/CO[0]
                         net (fo=32, routed)          1.112    31.319    u_alu/u_algorithm/u_div/y1__985_n_3
    SLICE_X98Y0          LUT5 (Prop_lut5_I3_O)        0.367    31.686 r  u_alu/u_algorithm/u_div/y1__986_i_5/O
                         net (fo=1, routed)           0.000    31.686    u_alu/u_algorithm/u_div/y1__986_i_5_n_0
    SLICE_X98Y0          CARRY4 (Prop_carry4_S[0]_CO[3])
                                                      0.513    32.199 r  u_alu/u_algorithm/u_div/y1__986/CO[3]
                         net (fo=1, routed)           0.000    32.199    u_alu/u_algorithm/u_div/y1__986_n_0
    SLICE_X98Y1          CARRY4 (Prop_carry4_CI_CO[3])
                                                      0.117    32.316 r  u_alu/u_algorithm/u_div/y1__987/CO[3]
                         net (fo=1, routed)           0.000    32.316    u_alu/u_algorithm/u_div/y1__987_n_0
    SLICE_X98Y2          CARRY4 (Prop_carry4_CI_CO[3])
                                                      0.117    32.433 r  u_alu/u_algorithm/u_div/y1__988/CO[3]
                         net (fo=1, routed)           0.000    32.433    u_alu/u_algorithm/u_div/y1__988_n_0
    SLICE_X98Y3          CARRY4 (Prop_carry4_CI_CO[3])
                                                      0.117    32.550 r  u_alu/u_algorithm/u_div/y1__989/CO[3]
                         net (fo=1, routed)           0.000    32.550    u_alu/u_algorithm/u_div/y1__989_n_0
    SLICE_X98Y4          CARRY4 (Prop_carry4_CI_CO[3])
                                                      0.117    32.667 r  u_alu/u_algorithm/u_div/y1__990/CO[3]
                         net (fo=1, routed)           0.000    32.667    u_alu/u_algorithm/u_div/y1__990_n_0
    SLICE_X98Y5          CARRY4 (Prop_carry4_CI_CO[3])
                                                      0.117    32.784 r  u_alu/u_algorithm/u_div/y1__991/CO[3]
                         net (fo=1, routed)           0.000    32.784    u_alu/u_algorithm/u_div/y1__991_n_0
    SLICE_X98Y6          CARRY4 (Prop_carry4_CI_CO[3])
                                                      0.117    32.901 r  u_alu/u_algorithm/u_div/y1__992/CO[3]
                         net (fo=1, routed)           0.000    32.901    u_alu/u_algorithm/u_div/y1__992_n_0
    SLICE_X98Y7          CARRY4 (Prop_carry4_CI_CO[0])
                                                      0.254    33.155 r  u_alu/u_algorithm/u_div/y1__993/CO[0]
                         net (fo=32, routed)          0.951    34.105    u_alu/u_algorithm/u_div/y1__993_n_3
    SLICE_X96Y1          LUT5 (Prop_lut5_I3_O)        0.367    34.472 r  u_alu/u_algorithm/u_div/y1__994_i_5/O
                         net (fo=1, routed)           0.000    34.472    u_alu/u_algorithm/u_div/y1__994_i_5_n_0
    SLICE_X96Y1          CARRY4 (Prop_carry4_S[0]_CO[3])
                                                      0.513    34.985 r  u_alu/u_algorithm/u_div/y1__994/CO[3]
                         net (fo=1, routed)           0.000    34.985    u_alu/u_algorithm/u_div/y1__994_n_0
    SLICE_X96Y2          CARRY4 (Prop_carry4_CI_CO[3])
                                                      0.117    35.102 r  u_alu/u_algorithm/u_div/y1__995/CO[3]
                         net (fo=1, routed)           0.000    35.102    u_alu/u_algorithm/u_div/y1__995_n_0
    SLICE_X96Y3          CARRY4 (Prop_carry4_CI_CO[3])
                                                      0.117    35.219 r  u_alu/u_algorithm/u_div/y1__996/CO[3]
                         net (fo=1, routed)           0.000    35.219    u_alu/u_algorithm/u_div/y1__996_n_0
    SLICE_X96Y4          CARRY4 (Prop_carry4_CI_CO[3])
                                                      0.117    35.336 r  u_alu/u_algorithm/u_div/y1__997/CO[3]
                         net (fo=1, routed)           0.000    35.336    u_alu/u_algorithm/u_div/y1__997_n_0
    SLICE_X96Y5          CARRY4 (Prop_carry4_CI_CO[3])
                                                      0.117    35.453 r  u_alu/u_algorithm/u_div/y1__998/CO[3]
                         net (fo=1, routed)           0.000    35.453    u_alu/u_algorithm/u_div/y1__998_n_0
    SLICE_X96Y6          CARRY4 (Prop_carry4_CI_CO[3])
                                                      0.117    35.570 r  u_alu/u_algorithm/u_div/y1__999/CO[3]
                         net (fo=1, routed)           0.000    35.570    u_alu/u_algorithm/u_div/y1__999_n_0
    SLICE_X96Y7          CARRY4 (Prop_carry4_CI_CO[3])
                                                      0.117    35.687 r  u_alu/u_algorithm/u_div/y1__1000/CO[3]
                         net (fo=1, routed)           0.000    35.687    u_alu/u_algorithm/u_div/y1__1000_n_0
    SLICE_X96Y8          CARRY4 (Prop_carry4_CI_CO[0])
                                                      0.254    35.941 r  u_alu/u_algorithm/u_div/y1__1001/CO[0]
                         net (fo=32, routed)          0.985    36.926    u_alu/u_algorithm/u_div/y1__1001_n_3
    SLICE_X95Y3          LUT5 (Prop_lut5_I3_O)        0.367    37.293 r  u_alu/u_algorithm/u_div/y1__1002_i_5/O
                         net (fo=1, routed)           0.000    37.293    u_alu/u_algorithm/u_div/y1__1002_i_5_n_0
    SLICE_X95Y3          CARRY4 (Prop_carry4_S[0]_CO[3])
                                                      0.532    37.825 r  u_alu/u_algorithm/u_div/y1__1002/CO[3]
                         net (fo=1, routed)           0.000    37.825    u_alu/u_algorithm/u_div/y1__1002_n_0
    SLICE_X95Y4          CARRY4 (Prop_carry4_CI_CO[3])
                                                      0.114    37.939 r  u_alu/u_algorithm/u_div/y1__1003/CO[3]
                         net (fo=1, routed)           0.000    37.939    u_alu/u_algorithm/u_div/y1__1003_n_0
    SLICE_X95Y5          CARRY4 (Prop_carry4_CI_CO[3])
                                                      0.114    38.053 r  u_alu/u_algorithm/u_div/y1__1004/CO[3]
                         net (fo=1, routed)           0.000    38.053    u_alu/u_algorithm/u_div/y1__1004_n_0
    SLICE_X95Y6          CARRY4 (Prop_carry4_CI_CO[3])
                                                      0.114    38.167 r  u_alu/u_algorithm/u_div/y1__1005/CO[3]
                         net (fo=1, routed)           0.000    38.167    u_alu/u_algorithm/u_div/y1__1005_n_0
    SLICE_X95Y7          CARRY4 (Prop_carry4_CI_CO[3])
                                                      0.114    38.281 r  u_alu/u_algorithm/u_div/y1__1006/CO[3]
                         net (fo=1, routed)           0.000    38.281    u_alu/u_algorithm/u_div/y1__1006_n_0
    SLICE_X95Y8          CARRY4 (Prop_carry4_CI_CO[3])
                                                      0.114    38.395 r  u_alu/u_algorithm/u_div/y1__1007/CO[3]
                         net (fo=1, routed)           0.000    38.395    u_alu/u_algorithm/u_div/y1__1007_n_0
    SLICE_X95Y9          CARRY4 (Prop_carry4_CI_CO[3])
                                                      0.114    38.509 r  u_alu/u_algorithm/u_div/y1__1008/CO[3]
                         net (fo=1, routed)           0.000    38.509    u_alu/u_algorithm/u_div/y1__1008_n_0
    SLICE_X95Y10         CARRY4 (Prop_carry4_CI_CO[0])
                                                      0.271    38.780 r  u_alu/u_algorithm/u_div/y1__1009/CO[0]
                         net (fo=32, routed)          0.863    39.643    u_alu/u_algorithm/u_div/y1__1009_n_3
    SLICE_X97Y7          LUT5 (Prop_lut5_I3_O)        0.373    40.016 r  u_alu/u_algorithm/u_div/y1__1010_i_5/O
                         net (fo=1, routed)           0.000    40.016    u_alu/u_algorithm/u_div/y1__1010_i_5_n_0
    SLICE_X97Y7          CARRY4 (Prop_carry4_S[0]_CO[3])
                                                      0.532    40.548 r  u_alu/u_algorithm/u_div/y1__1010/CO[3]
                         net (fo=1, routed)           0.000    40.548    u_alu/u_algorithm/u_div/y1__1010_n_0
    SLICE_X97Y8          CARRY4 (Prop_carry4_CI_CO[3])
                                                      0.114    40.662 r  u_alu/u_algorithm/u_div/y1__1011/CO[3]
                         net (fo=1, routed)           0.000    40.662    u_alu/u_algorithm/u_div/y1__1011_n_0
    SLICE_X97Y9          CARRY4 (Prop_carry4_CI_CO[3])
                                                      0.114    40.776 r  u_alu/u_algorithm/u_div/y1__1012/CO[3]
                         net (fo=1, routed)           0.000    40.776    u_alu/u_algorithm/u_div/y1__1012_n_0
    SLICE_X97Y10         CARRY4 (Prop_carry4_CI_CO[3])
                                                      0.114    40.890 r  u_alu/u_algorithm/u_div/y1__1013/CO[3]
                         net (fo=1, routed)           0.000    40.890    u_alu/u_algorithm/u_div/y1__1013_n_0
    SLICE_X97Y11         CARRY4 (Prop_carry4_CI_CO[3])
                                                      0.114    41.004 r  u_alu/u_algorithm/u_div/y1__1014/CO[3]
                         net (fo=1, routed)           0.000    41.004    u_alu/u_algorithm/u_div/y1__1014_n_0
    SLICE_X97Y12         CARRY4 (Prop_carry4_CI_CO[3])
                                                      0.114    41.118 r  u_alu/u_algorithm/u_div/y1__1015/CO[3]
                         net (fo=1, routed)           0.000    41.118    u_alu/u_algorithm/u_div/y1__1015_n_0
    SLICE_X97Y13         CARRY4 (Prop_carry4_CI_CO[3])
                                                      0.114    41.232 r  u_alu/u_algorithm/u_div/y1__1016/CO[3]
                         net (fo=1, routed)           0.000    41.232    u_alu/u_algorithm/u_div/y1__1016_n_0
    SLICE_X97Y14         CARRY4 (Prop_carry4_CI_CO[0])
                                                      0.271    41.503 r  u_alu/u_algorithm/u_div/y1__1017/CO[0]
                         net (fo=32, routed)          0.457    41.960    u_alu/u_algorithm/u_div/y1__1017_n_3
    SLICE_X100Y14        LUT5 (Prop_lut5_I3_O)        0.373    42.333 r  u_alu/u_algorithm/u_div/y1__1018_i_5/O
                         net (fo=1, routed)           0.402    42.736    u_alu/u_algorithm/u_div/y1__1018_i_5_n_0
    SLICE_X101Y13        CARRY4 (Prop_carry4_S[0]_CO[3])
                                                      0.656    43.392 r  u_alu/u_algorithm/u_div/y1__1018/CO[3]
                         net (fo=1, routed)           0.000    43.392    u_alu/u_algorithm/u_div/y1__1018_n_0
    SLICE_X101Y14        CARRY4 (Prop_carry4_CI_CO[3])
                                                      0.114    43.506 r  u_alu/u_algorithm/u_div/y1__1019/CO[3]
                         net (fo=1, routed)           0.000    43.506    u_alu/u_algorithm/u_div/y1__1019_n_0
    SLICE_X101Y15        CARRY4 (Prop_carry4_CI_CO[3])
                                                      0.114    43.620 r  u_alu/u_algorithm/u_div/y1__1020/CO[3]
                         net (fo=1, routed)           0.000    43.620    u_alu/u_algorithm/u_div/y1__1020_n_0
    SLICE_X101Y16        CARRY4 (Prop_carry4_CI_CO[3])
                                                      0.114    43.734 r  u_alu/u_algorithm/u_div/y1__1021/CO[3]
                         net (fo=1, routed)           0.000    43.734    u_alu/u_algorithm/u_div/y1__1021_n_0
    SLICE_X101Y17        CARRY4 (Prop_carry4_CI_CO[3])
                                                      0.114    43.848 r  u_alu/u_algorithm/u_div/y1__1022/CO[3]
                         net (fo=1, routed)           0.000    43.848    u_alu/u_algorithm/u_div/y1__1022_n_0
    SLICE_X101Y18        CARRY4 (Prop_carry4_CI_CO[3])
                                                      0.114    43.962 r  u_alu/u_algorithm/u_div/y1__1023/CO[3]
                         net (fo=1, routed)           0.000    43.962    u_alu/u_algorithm/u_div/y1__1023_n_0
    SLICE_X101Y19        CARRY4 (Prop_carry4_CI_CO[3])
                                                      0.114    44.076 r  u_alu/u_algorithm/u_div/y1__1024/CO[3]
                         net (fo=1, routed)           0.000    44.076    u_alu/u_algorithm/u_div/y1__1024_n_0
    SLICE_X101Y20        CARRY4 (Prop_carry4_CI_CO[0])
                                                      0.271    44.347 r  u_alu/u_algorithm/u_div/y1__1025/CO[0]
                         net (fo=32, routed)          0.826    45.173    u_alu/u_algorithm/u_div/y1__1025_n_3
    SLICE_X102Y19        LUT5 (Prop_lut5_I3_O)        0.373    45.546 r  u_alu/u_algorithm/u_div/y1__1026_i_5/O
                         net (fo=1, routed)           0.000    45.546    u_alu/u_algorithm/u_div/y1__1026_i_5_n_0
    SLICE_X102Y19        CARRY4 (Prop_carry4_S[0]_CO[3])
                                                      0.513    46.059 r  u_alu/u_algorithm/u_div/y1__1026/CO[3]
                         net (fo=1, routed)           0.000    46.059    u_alu/u_algorithm/u_div/y1__1026_n_0
    SLICE_X102Y20        CARRY4 (Prop_carry4_CI_CO[3])
                                                      0.117    46.176 r  u_alu/u_algorithm/u_div/y1__1027/CO[3]
                         net (fo=1, routed)           0.000    46.176    u_alu/u_algorithm/u_div/y1__1027_n_0
    SLICE_X102Y21        CARRY4 (Prop_carry4_CI_CO[3])
                                                      0.117    46.293 r  u_alu/u_algorithm/u_div/y1__1028/CO[3]
                         net (fo=1, routed)           0.000    46.293    u_alu/u_algorithm/u_div/y1__1028_n_0
    SLICE_X102Y22        CARRY4 (Prop_carry4_CI_CO[3])
                                                      0.117    46.410 r  u_alu/u_algorithm/u_div/y1__1029/CO[3]
                         net (fo=1, routed)           0.000    46.410    u_alu/u_algorithm/u_div/y1__1029_n_0
    SLICE_X102Y23        CARRY4 (Prop_carry4_CI_CO[3])
                                                      0.117    46.527 r  u_alu/u_algorithm/u_div/y1__1030/CO[3]
                         net (fo=1, routed)           0.000    46.527    u_alu/u_algorithm/u_div/y1__1030_n_0
    SLICE_X102Y24        CARRY4 (Prop_carry4_CI_CO[3])
                                                      0.117    46.644 r  u_alu/u_algorithm/u_div/y1__1031/CO[3]
                         net (fo=1, routed)           0.009    46.653    u_alu/u_algorithm/u_div/y1__1031_n_0
    SLICE_X102Y25        CARRY4 (Prop_carry4_CI_CO[3])
                                                      0.117    46.770 r  u_alu/u_algorithm/u_div/y1__1032/CO[3]
                         net (fo=1, routed)           0.000    46.770    u_alu/u_algorithm/u_div/y1__1032_n_0
    SLICE_X102Y26        CARRY4 (Prop_carry4_CI_CO[0])
                                                      0.254    47.024 r  u_alu/u_algorithm/u_div/y1__1033/CO[0]
                         net (fo=32, routed)          0.740    47.764    u_alu/u_algorithm/u_div/y1__1033_n_3
    SLICE_X103Y26        LUT5 (Prop_lut5_I3_O)        0.367    48.131 r  u_alu/u_algorithm/u_div/y1__1034_i_5/O
                         net (fo=1, routed)           0.000    48.131    u_alu/u_algorithm/u_div/y1__1034_i_5_n_0
    SLICE_X103Y26        CARRY4 (Prop_carry4_S[0]_CO[3])
                                                      0.532    48.663 r  u_alu/u_algorithm/u_div/y1__1034/CO[3]
                         net (fo=1, routed)           0.000    48.663    u_alu/u_algorithm/u_div/y1__1034_n_0
    SLICE_X103Y27        CARRY4 (Prop_carry4_CI_CO[3])
                                                      0.114    48.777 r  u_alu/u_algorithm/u_div/y1__1035/CO[3]
                         net (fo=1, routed)           0.000    48.777    u_alu/u_algorithm/u_div/y1__1035_n_0
    SLICE_X103Y28        CARRY4 (Prop_carry4_CI_CO[3])
                                                      0.114    48.891 r  u_alu/u_algorithm/u_div/y1__1036/CO[3]
                         net (fo=1, routed)           0.000    48.891    u_alu/u_algorithm/u_div/y1__1036_n_0
    SLICE_X103Y29        CARRY4 (Prop_carry4_CI_CO[3])
                                                      0.114    49.005 r  u_alu/u_algorithm/u_div/y1__1037/CO[3]
                         net (fo=1, routed)           0.000    49.005    u_alu/u_algorithm/u_div/y1__1037_n_0
    SLICE_X103Y30        CARRY4 (Prop_carry4_CI_CO[3])
                                                      0.114    49.119 r  u_alu/u_algorithm/u_div/y1__1038/CO[3]
                         net (fo=1, routed)           0.000    49.119    u_alu/u_algorithm/u_div/y1__1038_n_0
    SLICE_X103Y31        CARRY4 (Prop_carry4_CI_CO[3])
                                                      0.114    49.233 r  u_alu/u_algorithm/u_div/y1__1039/CO[3]
                         net (fo=1, routed)           0.000    49.233    u_alu/u_algorithm/u_div/y1__1039_n_0
    SLICE_X103Y32        CARRY4 (Prop_carry4_CI_CO[3])
                                                      0.114    49.347 r  u_alu/u_algorithm/u_div/y1__1040/CO[3]
                         net (fo=1, routed)           0.000    49.347    u_alu/u_algorithm/u_div/y1__1040_n_0
    SLICE_X103Y33        CARRY4 (Prop_carry4_CI_CO[0])
                                                      0.271    49.618 r  u_alu/u_algorithm/u_div/y1__1041/CO[0]
                         net (fo=32, routed)          0.528    50.146    u_alu/u_algorithm/u_div/y1__1041_n_3
    SLICE_X102Y33        LUT5 (Prop_lut5_I0_O)        0.373    50.519 r  u_alu/u_algorithm/u_div/y1__1042_i_4/O
                         net (fo=1, routed)           0.000    50.519    u_alu/u_algorithm/u_div/y1__1042_i_4_n_0
    SLICE_X102Y33        CARRY4 (Prop_carry4_S[1]_CO[3])
                                                      0.533    51.052 r  u_alu/u_algorithm/u_div/y1__1042/CO[3]
                         net (fo=1, routed)           0.000    51.052    u_alu/u_algorithm/u_div/y1__1042_n_0
    SLICE_X102Y34        CARRY4 (Prop_carry4_CI_CO[3])
                                                      0.117    51.169 r  u_alu/u_algorithm/u_div/y1__1043/CO[3]
                         net (fo=1, routed)           0.000    51.169    u_alu/u_algorithm/u_div/y1__1043_n_0
    SLICE_X102Y35        CARRY4 (Prop_carry4_CI_CO[3])
                                                      0.117    51.286 r  u_alu/u_algorithm/u_div/y1__1044/CO[3]
                         net (fo=1, routed)           0.000    51.286    u_alu/u_algorithm/u_div/y1__1044_n_0
    SLICE_X102Y36        CARRY4 (Prop_carry4_CI_CO[3])
                                                      0.117    51.403 r  u_alu/u_algorithm/u_div/y1__1045/CO[3]
                         net (fo=1, routed)           0.000    51.403    u_alu/u_algorithm/u_div/y1__1045_n_0
    SLICE_X102Y37        CARRY4 (Prop_carry4_CI_CO[3])
                                                      0.117    51.520 r  u_alu/u_algorithm/u_div/y1__1046/CO[3]
                         net (fo=1, routed)           0.000    51.520    u_alu/u_algorithm/u_div/y1__1046_n_0
    SLICE_X102Y38        CARRY4 (Prop_carry4_CI_CO[3])
                                                      0.117    51.637 r  u_alu/u_algorithm/u_div/y1__1047/CO[3]
                         net (fo=1, routed)           0.000    51.637    u_alu/u_algorithm/u_div/y1__1047_n_0
    SLICE_X102Y39        CARRY4 (Prop_carry4_CI_CO[3])
                                                      0.117    51.754 r  u_alu/u_algorithm/u_div/y1__1048/CO[3]
                         net (fo=1, routed)           0.000    51.754    u_alu/u_algorithm/u_div/y1__1048_n_0
    SLICE_X102Y40        CARRY4 (Prop_carry4_CI_CO[0])
                                                      0.254    52.008 r  u_alu/u_algorithm/u_div/y1__1049/CO[0]
                         net (fo=32, routed)          0.672    52.680    u_alu/u_algorithm/u_div/y1__1049_n_3
    SLICE_X103Y39        LUT5 (Prop_lut5_I3_O)        0.367    53.047 r  u_alu/u_algorithm/u_div/y1__1050_i_5/O
                         net (fo=1, routed)           0.000    53.047    u_alu/u_algorithm/u_div/y1__1050_i_5_n_0
    SLICE_X103Y39        CARRY4 (Prop_carry4_S[0]_CO[3])
                                                      0.532    53.579 r  u_alu/u_algorithm/u_div/y1__1050/CO[3]
                         net (fo=1, routed)           0.000    53.579    u_alu/u_algorithm/u_div/y1__1050_n_0
    SLICE_X103Y40        CARRY4 (Prop_carry4_CI_CO[3])
                                                      0.114    53.693 r  u_alu/u_algorithm/u_div/y1__1051/CO[3]
                         net (fo=1, routed)           0.000    53.693    u_alu/u_algorithm/u_div/y1__1051_n_0
    SLICE_X103Y41        CARRY4 (Prop_carry4_CI_CO[3])
                                                      0.114    53.807 r  u_alu/u_algorithm/u_div/y1__1052/CO[3]
                         net (fo=1, routed)           0.000    53.807    u_alu/u_algorithm/u_div/y1__1052_n_0
    SLICE_X103Y42        CARRY4 (Prop_carry4_CI_CO[3])
                                                      0.114    53.921 r  u_alu/u_algorithm/u_div/y1__1053/CO[3]
                         net (fo=1, routed)           0.000    53.921    u_alu/u_algorithm/u_div/y1__1053_n_0
    SLICE_X103Y43        CARRY4 (Prop_carry4_CI_CO[3])
                                                      0.114    54.035 r  u_alu/u_algorithm/u_div/y1__1054/CO[3]
                         net (fo=1, routed)           0.000    54.035    u_alu/u_algorithm/u_div/y1__1054_n_0
    SLICE_X103Y44        CARRY4 (Prop_carry4_CI_CO[3])
                                                      0.114    54.149 r  u_alu/u_algorithm/u_div/y1__1055/CO[3]
                         net (fo=1, routed)           0.000    54.149    u_alu/u_algorithm/u_div/y1__1055_n_0
    SLICE_X103Y45        CARRY4 (Prop_carry4_CI_CO[3])
                                                      0.114    54.263 r  u_alu/u_algorithm/u_div/y1__1056/CO[3]
                         net (fo=1, routed)           0.000    54.263    u_alu/u_algorithm/u_div/y1__1056_n_0
    SLICE_X103Y46        CARRY4 (Prop_carry4_CI_CO[0])
                                                      0.271    54.534 r  u_alu/u_algorithm/u_div/y1__1057/CO[0]
                         net (fo=34, routed)          0.528    55.061    u_alu/u_algorithm/u_div/y10_in[15]
    SLICE_X102Y46        LUT5 (Prop_lut5_I0_O)        0.373    55.434 r  u_alu/u_algorithm/u_div/y1__1058_i_4/O
                         net (fo=1, routed)           0.000    55.434    u_alu/u_algorithm/u_div/y1__1058_i_4_n_0
    SLICE_X102Y46        CARRY4 (Prop_carry4_S[1]_CO[3])
                                                      0.533    55.967 r  u_alu/u_algorithm/u_div/y1__1058/CO[3]
                         net (fo=1, routed)           0.000    55.967    u_alu/u_algorithm/u_div/y1__1058_n_0
    SLICE_X102Y47        CARRY4 (Prop_carry4_CI_CO[3])
                                                      0.117    56.084 r  u_alu/u_algorithm/u_div/y1__1059/CO[3]
                         net (fo=1, routed)           0.000    56.084    u_alu/u_algorithm/u_div/y1__1059_n_0
    SLICE_X102Y48        CARRY4 (Prop_carry4_CI_CO[3])
                                                      0.117    56.201 r  u_alu/u_algorithm/u_div/y1__1060/CO[3]
                         net (fo=1, routed)           0.000    56.201    u_alu/u_algorithm/u_div/y1__1060_n_0
    SLICE_X102Y49        CARRY4 (Prop_carry4_CI_CO[3])
                                                      0.117    56.318 r  u_alu/u_algorithm/u_div/y1__1061/CO[3]
                         net (fo=1, routed)           0.001    56.319    u_alu/u_algorithm/u_div/y1__1061_n_0
    SLICE_X102Y50        CARRY4 (Prop_carry4_CI_CO[3])
                                                      0.117    56.436 r  u_alu/u_algorithm/u_div/y1__1062/CO[3]
                         net (fo=1, routed)           0.000    56.436    u_alu/u_algorithm/u_div/y1__1062_n_0
    SLICE_X102Y51        CARRY4 (Prop_carry4_CI_CO[3])
                                                      0.117    56.553 r  u_alu/u_algorithm/u_div/y1__1063/CO[3]
                         net (fo=1, routed)           0.000    56.553    u_alu/u_algorithm/u_div/y1__1063_n_0
    SLICE_X102Y52        CARRY4 (Prop_carry4_CI_CO[3])
                                                      0.117    56.670 r  u_alu/u_algorithm/u_div/y1__1064/CO[3]
                         net (fo=1, routed)           0.000    56.670    u_alu/u_algorithm/u_div/y1__1064_n_0
    SLICE_X102Y53        CARRY4 (Prop_carry4_CI_CO[0])
                                                      0.254    56.924 r  u_alu/u_algorithm/u_div/y1__1065/CO[0]
                         net (fo=34, routed)          0.771    57.695    u_alu/u_algorithm/u_div/y10_in[14]
    SLICE_X103Y53        LUT5 (Prop_lut5_I3_O)        0.367    58.062 r  u_alu/u_algorithm/u_div/y1__1066_i_5/O
                         net (fo=1, routed)           0.000    58.062    u_alu/u_algorithm/u_div/y1__1066_i_5_n_0
    SLICE_X103Y53        CARRY4 (Prop_carry4_S[0]_CO[3])
                                                      0.532    58.594 r  u_alu/u_algorithm/u_div/y1__1066/CO[3]
                         net (fo=1, routed)           0.000    58.594    u_alu/u_algorithm/u_div/y1__1066_n_0
    SLICE_X103Y54        CARRY4 (Prop_carry4_CI_CO[3])
                                                      0.114    58.708 r  u_alu/u_algorithm/u_div/y1__1067/CO[3]
                         net (fo=1, routed)           0.000    58.708    u_alu/u_algorithm/u_div/y1__1067_n_0
    SLICE_X103Y55        CARRY4 (Prop_carry4_CI_CO[3])
                                                      0.114    58.822 r  u_alu/u_algorithm/u_div/y1__1068/CO[3]
                         net (fo=1, routed)           0.000    58.822    u_alu/u_algorithm/u_div/y1__1068_n_0
    SLICE_X103Y56        CARRY4 (Prop_carry4_CI_CO[3])
                                                      0.114    58.936 r  u_alu/u_algorithm/u_div/y1__1069/CO[3]
                         net (fo=1, routed)           0.000    58.936    u_alu/u_algorithm/u_div/y1__1069_n_0
    SLICE_X103Y57        CARRY4 (Prop_carry4_CI_CO[3])
                                                      0.114    59.050 r  u_alu/u_algorithm/u_div/y1__1070/CO[3]
                         net (fo=1, routed)           0.000    59.050    u_alu/u_algorithm/u_div/y1__1070_n_0
    SLICE_X103Y58        CARRY4 (Prop_carry4_CI_CO[3])
                                                      0.114    59.164 r  u_alu/u_algorithm/u_div/y1__1071/CO[3]
                         net (fo=1, routed)           0.000    59.164    u_alu/u_algorithm/u_div/y1__1071_n_0
    SLICE_X103Y59        CARRY4 (Prop_carry4_CI_CO[3])
                                                      0.114    59.278 r  u_alu/u_algorithm/u_div/y1__1072/CO[3]
                         net (fo=1, routed)           0.000    59.278    u_alu/u_algorithm/u_div/y1__1072_n_0
    SLICE_X103Y60        CARRY4 (Prop_carry4_CI_CO[0])
                                                      0.271    59.549 r  u_alu/u_algorithm/u_div/y1__1073/CO[0]
                         net (fo=34, routed)          0.680    60.228    u_alu/u_algorithm/u_div/y10_in[13]
    SLICE_X102Y59        LUT5 (Prop_lut5_I3_O)        0.373    60.601 r  u_alu/u_algorithm/u_div/y1__1074_i_5/O
                         net (fo=1, routed)           0.000    60.601    u_alu/u_algorithm/u_div/y1__1074_i_5_n_0
    SLICE_X102Y59        CARRY4 (Prop_carry4_S[0]_CO[3])
                                                      0.513    61.114 r  u_alu/u_algorithm/u_div/y1__1074/CO[3]
                         net (fo=1, routed)           0.000    61.114    u_alu/u_algorithm/u_div/y1__1074_n_0
    SLICE_X102Y60        CARRY4 (Prop_carry4_CI_CO[3])
                                                      0.117    61.231 r  u_alu/u_algorithm/u_div/y1__1075/CO[3]
                         net (fo=1, routed)           0.000    61.231    u_alu/u_algorithm/u_div/y1__1075_n_0
    SLICE_X102Y61        CARRY4 (Prop_carry4_CI_CO[3])
                                                      0.117    61.348 r  u_alu/u_algorithm/u_div/y1__1076/CO[3]
                         net (fo=1, routed)           0.000    61.348    u_alu/u_algorithm/u_div/y1__1076_n_0
    SLICE_X102Y62        CARRY4 (Prop_carry4_CI_CO[3])
                                                      0.117    61.465 r  u_alu/u_algorithm/u_div/y1__1077/CO[3]
                         net (fo=1, routed)           0.000    61.465    u_alu/u_algorithm/u_div/y1__1077_n_0
    SLICE_X102Y63        CARRY4 (Prop_carry4_CI_CO[3])
                                                      0.117    61.582 r  u_alu/u_algorithm/u_div/y1__1078/CO[3]
                         net (fo=1, routed)           0.000    61.582    u_alu/u_algorithm/u_div/y1__1078_n_0
    SLICE_X102Y64        CARRY4 (Prop_carry4_CI_CO[3])
                                                      0.117    61.699 r  u_alu/u_algorithm/u_div/y1__1079/CO[3]
                         net (fo=1, routed)           0.000    61.699    u_alu/u_algorithm/u_div/y1__1079_n_0
    SLICE_X102Y65        CARRY4 (Prop_carry4_CI_CO[3])
                                                      0.117    61.816 r  u_alu/u_algorithm/u_div/y1__1080/CO[3]
                         net (fo=1, routed)           0.000    61.816    u_alu/u_algorithm/u_div/y1__1080_n_0
    SLICE_X102Y66        CARRY4 (Prop_carry4_CI_CO[0])
                                                      0.254    62.070 r  u_alu/u_algorithm/u_div/y1__1081/CO[0]
                         net (fo=34, routed)          0.733    62.804    u_alu/u_algorithm/u_div/y10_in[12]
    SLICE_X103Y66        LUT5 (Prop_lut5_I3_O)        0.367    63.171 r  u_alu/u_algorithm/u_div/y1__1082_i_5/O
                         net (fo=1, routed)           0.000    63.171    u_alu/u_algorithm/u_div/y1__1082_i_5_n_0
    SLICE_X103Y66        CARRY4 (Prop_carry4_S[0]_CO[3])
                                                      0.532    63.703 r  u_alu/u_algorithm/u_div/y1__1082/CO[3]
                         net (fo=1, routed)           0.000    63.703    u_alu/u_algorithm/u_div/y1__1082_n_0
    SLICE_X103Y67        CARRY4 (Prop_carry4_CI_CO[3])
                                                      0.114    63.817 r  u_alu/u_algorithm/u_div/y1__1083/CO[3]
                         net (fo=1, routed)           0.000    63.817    u_alu/u_algorithm/u_div/y1__1083_n_0
    SLICE_X103Y68        CARRY4 (Prop_carry4_CI_CO[3])
                                                      0.114    63.931 r  u_alu/u_algorithm/u_div/y1__1084/CO[3]
                         net (fo=1, routed)           0.000    63.931    u_alu/u_algorithm/u_div/y1__1084_n_0
    SLICE_X103Y69        CARRY4 (Prop_carry4_CI_CO[3])
                                                      0.114    64.045 r  u_alu/u_algorithm/u_div/y1__1085/CO[3]
                         net (fo=1, routed)           0.000    64.045    u_alu/u_algorithm/u_div/y1__1085_n_0
    SLICE_X103Y70        CARRY4 (Prop_carry4_CI_CO[3])
                                                      0.114    64.159 r  u_alu/u_algorithm/u_div/y1__1086/CO[3]
                         net (fo=1, routed)           0.000    64.159    u_alu/u_algorithm/u_div/y1__1086_n_0
    SLICE_X103Y71        CARRY4 (Prop_carry4_CI_CO[3])
                                                      0.114    64.273 r  u_alu/u_algorithm/u_div/y1__1087/CO[3]
                         net (fo=1, routed)           0.000    64.273    u_alu/u_algorithm/u_div/y1__1087_n_0
    SLICE_X103Y72        CARRY4 (Prop_carry4_CI_CO[3])
                                                      0.114    64.387 r  u_alu/u_algorithm/u_div/y1__1088/CO[3]
                         net (fo=1, routed)           0.000    64.387    u_alu/u_algorithm/u_div/y1__1088_n_0
    SLICE_X103Y73        CARRY4 (Prop_carry4_CI_CO[0])
                                                      0.271    64.658 r  u_alu/u_algorithm/u_div/y1__1089/CO[0]
                         net (fo=34, routed)          0.528    65.185    u_alu/u_algorithm/u_div/y10_in[11]
    SLICE_X102Y73        LUT5 (Prop_lut5_I0_O)        0.373    65.558 r  u_alu/u_algorithm/u_div/y1__1090_i_4/O
                         net (fo=1, routed)           0.000    65.558    u_alu/u_algorithm/u_div/y1__1090_i_4_n_0
    SLICE_X102Y73        CARRY4 (Prop_carry4_S[1]_CO[3])
                                                      0.533    66.091 r  u_alu/u_algorithm/u_div/y1__1090/CO[3]
                         net (fo=1, routed)           0.000    66.091    u_alu/u_algorithm/u_div/y1__1090_n_0
    SLICE_X102Y74        CARRY4 (Prop_carry4_CI_CO[3])
                                                      0.117    66.208 r  u_alu/u_algorithm/u_div/y1__1091/CO[3]
                         net (fo=1, routed)           0.009    66.217    u_alu/u_algorithm/u_div/y1__1091_n_0
    SLICE_X102Y75        CARRY4 (Prop_carry4_CI_CO[3])
                                                      0.117    66.334 r  u_alu/u_algorithm/u_div/y1__1092/CO[3]
                         net (fo=1, routed)           0.000    66.334    u_alu/u_algorithm/u_div/y1__1092_n_0
    SLICE_X102Y76        CARRY4 (Prop_carry4_CI_CO[3])
                                                      0.117    66.451 r  u_alu/u_algorithm/u_div/y1__1093/CO[3]
                         net (fo=1, routed)           0.000    66.451    u_alu/u_algorithm/u_div/y1__1093_n_0
    SLICE_X102Y77        CARRY4 (Prop_carry4_CI_CO[3])
                                                      0.117    66.568 r  u_alu/u_algorithm/u_div/y1__1094/CO[3]
                         net (fo=1, routed)           0.000    66.568    u_alu/u_algorithm/u_div/y1__1094_n_0
    SLICE_X102Y78        CARRY4 (Prop_carry4_CI_CO[3])
                                                      0.117    66.685 r  u_alu/u_algorithm/u_div/y1__1095/CO[3]
                         net (fo=1, routed)           0.000    66.685    u_alu/u_algorithm/u_div/y1__1095_n_0
    SLICE_X102Y79        CARRY4 (Prop_carry4_CI_CO[3])
                                                      0.117    66.802 r  u_alu/u_algorithm/u_div/y1__1096/CO[3]
                         net (fo=1, routed)           0.000    66.802    u_alu/u_algorithm/u_div/y1__1096_n_0
    SLICE_X102Y80        CARRY4 (Prop_carry4_CI_CO[0])
                                                      0.254    67.056 r  u_alu/u_algorithm/u_div/y1__1097/CO[0]
                         net (fo=34, routed)          0.650    67.706    u_alu/u_algorithm/u_div/y10_in[10]
    SLICE_X103Y79        LUT5 (Prop_lut5_I3_O)        0.367    68.073 r  u_alu/u_algorithm/u_div/y1__1098_i_5/O
                         net (fo=1, routed)           0.000    68.073    u_alu/u_algorithm/u_div/y1__1098_i_5_n_0
    SLICE_X103Y79        CARRY4 (Prop_carry4_S[0]_CO[3])
                                                      0.532    68.605 r  u_alu/u_algorithm/u_div/y1__1098/CO[3]
                         net (fo=1, routed)           0.000    68.605    u_alu/u_algorithm/u_div/y1__1098_n_0
    SLICE_X103Y80        CARRY4 (Prop_carry4_CI_CO[3])
                                                      0.114    68.719 r  u_alu/u_algorithm/u_div/y1__1099/CO[3]
                         net (fo=1, routed)           0.000    68.719    u_alu/u_algorithm/u_div/y1__1099_n_0
    SLICE_X103Y81        CARRY4 (Prop_carry4_CI_CO[3])
                                                      0.114    68.833 r  u_alu/u_algorithm/u_div/y1__1100/CO[3]
                         net (fo=1, routed)           0.000    68.833    u_alu/u_algorithm/u_div/y1__1100_n_0
    SLICE_X103Y82        CARRY4 (Prop_carry4_CI_CO[3])
                                                      0.114    68.947 r  u_alu/u_algorithm/u_div/y1__1101/CO[3]
                         net (fo=1, routed)           0.000    68.947    u_alu/u_algorithm/u_div/y1__1101_n_0
    SLICE_X103Y83        CARRY4 (Prop_carry4_CI_CO[3])
                                                      0.114    69.061 r  u_alu/u_algorithm/u_div/y1__1102/CO[3]
                         net (fo=1, routed)           0.000    69.061    u_alu/u_algorithm/u_div/y1__1102_n_0
    SLICE_X103Y84        CARRY4 (Prop_carry4_CI_CO[3])
                                                      0.114    69.175 r  u_alu/u_algorithm/u_div/y1__1103/CO[3]
                         net (fo=1, routed)           0.000    69.175    u_alu/u_algorithm/u_div/y1__1103_n_0
    SLICE_X103Y85        CARRY4 (Prop_carry4_CI_CO[3])
                                                      0.114    69.289 r  u_alu/u_algorithm/u_div/y1__1104/CO[3]
                         net (fo=1, routed)           0.000    69.289    u_alu/u_algorithm/u_div/y1__1104_n_0
    SLICE_X103Y86        CARRY4 (Prop_carry4_CI_CO[0])
                                                      0.271    69.560 r  u_alu/u_algorithm/u_div/y1__1105/CO[0]
                         net (fo=34, routed)          0.545    70.105    u_alu/u_algorithm/u_div/y10_in[9]
    SLICE_X102Y86        LUT5 (Prop_lut5_I0_O)        0.373    70.478 r  u_alu/u_algorithm/u_div/y1__1106_i_4/O
                         net (fo=1, routed)           0.000    70.478    u_alu/u_algorithm/u_div/y1__1106_i_4_n_0
    SLICE_X102Y86        CARRY4 (Prop_carry4_S[1]_CO[3])
                                                      0.533    71.011 r  u_alu/u_algorithm/u_div/y1__1106/CO[3]
                         net (fo=1, routed)           0.000    71.011    u_alu/u_algorithm/u_div/y1__1106_n_0
    SLICE_X102Y87        CARRY4 (Prop_carry4_CI_CO[3])
                                                      0.117    71.128 r  u_alu/u_algorithm/u_div/y1__1107/CO[3]
                         net (fo=1, routed)           0.000    71.128    u_alu/u_algorithm/u_div/y1__1107_n_0
    SLICE_X102Y88        CARRY4 (Prop_carry4_CI_CO[3])
                                                      0.117    71.245 r  u_alu/u_algorithm/u_div/y1__1108/CO[3]
                         net (fo=1, routed)           0.000    71.245    u_alu/u_algorithm/u_div/y1__1108_n_0
    SLICE_X102Y89        CARRY4 (Prop_carry4_CI_CO[3])
                                                      0.117    71.362 r  u_alu/u_algorithm/u_div/y1__1109/CO[3]
                         net (fo=1, routed)           0.000    71.362    u_alu/u_algorithm/u_div/y1__1109_n_0
    SLICE_X102Y90        CARRY4 (Prop_carry4_CI_CO[3])
                                                      0.117    71.479 r  u_alu/u_algorithm/u_div/y1__1110/CO[3]
                         net (fo=1, routed)           0.000    71.479    u_alu/u_algorithm/u_div/y1__1110_n_0
    SLICE_X102Y91        CARRY4 (Prop_carry4_CI_CO[3])
                                                      0.117    71.595 r  u_alu/u_algorithm/u_div/y1__1111/CO[3]
                         net (fo=1, routed)           0.000    71.595    u_alu/u_algorithm/u_div/y1__1111_n_0
    SLICE_X102Y92        CARRY4 (Prop_carry4_CI_CO[3])
                                                      0.117    71.712 r  u_alu/u_algorithm/u_div/y1__1112/CO[3]
                         net (fo=1, routed)           0.000    71.712    u_alu/u_algorithm/u_div/y1__1112_n_0
    SLICE_X102Y93        CARRY4 (Prop_carry4_CI_CO[0])
                                                      0.254    71.966 r  u_alu/u_algorithm/u_div/y1__1113/CO[0]
                         net (fo=34, routed)          0.735    72.701    u_alu/u_algorithm/u_div/y10_in[8]
    SLICE_X103Y93        LUT5 (Prop_lut5_I3_O)        0.367    73.068 r  u_alu/u_algorithm/u_div/y1__1114_i_5/O
                         net (fo=1, routed)           0.000    73.068    u_alu/u_algorithm/u_div/y1__1114_i_5_n_0
    SLICE_X103Y93        CARRY4 (Prop_carry4_S[0]_CO[3])
                                                      0.532    73.600 r  u_alu/u_algorithm/u_div/y1__1114/CO[3]
                         net (fo=1, routed)           0.000    73.600    u_alu/u_algorithm/u_div/y1__1114_n_0
    SLICE_X103Y94        CARRY4 (Prop_carry4_CI_CO[3])
                                                      0.114    73.714 r  u_alu/u_algorithm/u_div/y1__1115/CO[3]
                         net (fo=1, routed)           0.000    73.714    u_alu/u_algorithm/u_div/y1__1115_n_0
    SLICE_X103Y95        CARRY4 (Prop_carry4_CI_CO[3])
                                                      0.114    73.828 r  u_alu/u_algorithm/u_div/y1__1116/CO[3]
                         net (fo=1, routed)           0.000    73.828    u_alu/u_algorithm/u_div/y1__1116_n_0
    SLICE_X103Y96        CARRY4 (Prop_carry4_CI_CO[3])
                                                      0.114    73.942 r  u_alu/u_algorithm/u_div/y1__1117/CO[3]
                         net (fo=1, routed)           0.000    73.942    u_alu/u_algorithm/u_div/y1__1117_n_0
    SLICE_X103Y97        CARRY4 (Prop_carry4_CI_CO[3])
                                                      0.114    74.056 r  u_alu/u_algorithm/u_div/y1__1118/CO[3]
                         net (fo=1, routed)           0.000    74.056    u_alu/u_algorithm/u_div/y1__1118_n_0
    SLICE_X103Y98        CARRY4 (Prop_carry4_CI_CO[3])
                                                      0.114    74.170 r  u_alu/u_algorithm/u_div/y1__1119/CO[3]
                         net (fo=1, routed)           0.000    74.170    u_alu/u_algorithm/u_div/y1__1119_n_0
    SLICE_X103Y99        CARRY4 (Prop_carry4_CI_CO[3])
                                                      0.114    74.284 r  u_alu/u_algorithm/u_div/y1__1120/CO[3]
                         net (fo=1, routed)           0.001    74.285    u_alu/u_algorithm/u_div/y1__1120_n_0
    SLICE_X103Y100       CARRY4 (Prop_carry4_CI_CO[0])
                                                      0.271    74.556 r  u_alu/u_algorithm/u_div/y1__1121/CO[0]
                         net (fo=34, routed)          0.731    75.287    u_alu/u_algorithm/u_div/y10_in[7]
    SLICE_X102Y100       LUT5 (Prop_lut5_I0_O)        0.373    75.660 r  u_alu/u_algorithm/u_div/y1__1122_i_4/O
                         net (fo=1, routed)           0.000    75.660    u_alu/u_algorithm/u_div/y1__1122_i_4_n_0
    SLICE_X102Y100       CARRY4 (Prop_carry4_S[1]_CO[3])
                                                      0.533    76.193 r  u_alu/u_algorithm/u_div/y1__1122/CO[3]
                         net (fo=1, routed)           0.000    76.193    u_alu/u_algorithm/u_div/y1__1122_n_0
    SLICE_X102Y101       CARRY4 (Prop_carry4_CI_CO[3])
                                                      0.117    76.310 r  u_alu/u_algorithm/u_div/y1__1123/CO[3]
                         net (fo=1, routed)           0.000    76.310    u_alu/u_algorithm/u_div/y1__1123_n_0
    SLICE_X102Y102       CARRY4 (Prop_carry4_CI_CO[3])
                                                      0.117    76.427 r  u_alu/u_algorithm/u_div/y1__1124/CO[3]
                         net (fo=1, routed)           0.000    76.427    u_alu/u_algorithm/u_div/y1__1124_n_0
    SLICE_X102Y103       CARRY4 (Prop_carry4_CI_CO[3])
                                                      0.117    76.544 r  u_alu/u_algorithm/u_div/y1__1125/CO[3]
                         net (fo=1, routed)           0.000    76.544    u_alu/u_algorithm/u_div/y1__1125_n_0
    SLICE_X102Y104       CARRY4 (Prop_carry4_CI_CO[3])
                                                      0.117    76.661 r  u_alu/u_algorithm/u_div/y1__1126/CO[3]
                         net (fo=1, routed)           0.000    76.661    u_alu/u_algorithm/u_div/y1__1126_n_0
    SLICE_X102Y105       CARRY4 (Prop_carry4_CI_CO[3])
                                                      0.117    76.778 r  u_alu/u_algorithm/u_div/y1__1127/CO[3]
                         net (fo=1, routed)           0.000    76.778    u_alu/u_algorithm/u_div/y1__1127_n_0
    SLICE_X102Y106       CARRY4 (Prop_carry4_CI_CO[3])
                                                      0.117    76.895 r  u_alu/u_algorithm/u_div/y1__1128/CO[3]
                         net (fo=1, routed)           0.000    76.895    u_alu/u_algorithm/u_div/y1__1128_n_0
    SLICE_X102Y107       CARRY4 (Prop_carry4_CI_CO[0])
                                                      0.254    77.149 r  u_alu/u_algorithm/u_div/y1__1129/CO[0]
                         net (fo=33, routed)          0.660    77.809    u_alu/u_algorithm/u_div/y10_in[6]
    SLICE_X103Y106       LUT5 (Prop_lut5_I3_O)        0.367    78.176 r  u_alu/u_algorithm/u_div/y1__1130_i_5/O
                         net (fo=1, routed)           0.000    78.176    u_alu/u_algorithm/u_div/y1__1130_i_5_n_0
    SLICE_X103Y106       CARRY4 (Prop_carry4_S[0]_CO[3])
                                                      0.532    78.708 r  u_alu/u_algorithm/u_div/y1__1130/CO[3]
                         net (fo=1, routed)           0.000    78.708    u_alu/u_algorithm/u_div/y1__1130_n_0
    SLICE_X103Y107       CARRY4 (Prop_carry4_CI_CO[3])
                                                      0.114    78.822 r  u_alu/u_algorithm/u_div/y1__1131/CO[3]
                         net (fo=1, routed)           0.000    78.822    u_alu/u_algorithm/u_div/y1__1131_n_0
    SLICE_X103Y108       CARRY4 (Prop_carry4_CI_CO[3])
                                                      0.114    78.936 r  u_alu/u_algorithm/u_div/y1__1132/CO[3]
                         net (fo=1, routed)           0.000    78.936    u_alu/u_algorithm/u_div/y1__1132_n_0
    SLICE_X103Y109       CARRY4 (Prop_carry4_CI_CO[3])
                                                      0.114    79.050 r  u_alu/u_algorithm/u_div/y1__1133/CO[3]
                         net (fo=1, routed)           0.000    79.050    u_alu/u_algorithm/u_div/y1__1133_n_0
    SLICE_X103Y110       CARRY4 (Prop_carry4_CI_CO[3])
                                                      0.114    79.164 r  u_alu/u_algorithm/u_div/y1__1134/CO[3]
                         net (fo=1, routed)           0.000    79.164    u_alu/u_algorithm/u_div/y1__1134_n_0
    SLICE_X103Y111       CARRY4 (Prop_carry4_CI_CO[3])
                                                      0.114    79.278 r  u_alu/u_algorithm/u_div/y1__1135/CO[3]
                         net (fo=1, routed)           0.000    79.278    u_alu/u_algorithm/u_div/y1__1135_n_0
    SLICE_X103Y112       CARRY4 (Prop_carry4_CI_CO[3])
                                                      0.114    79.392 r  u_alu/u_algorithm/u_div/y1__1136/CO[3]
                         net (fo=1, routed)           0.000    79.392    u_alu/u_algorithm/u_div/y1__1136_n_0
    SLICE_X103Y113       CARRY4 (Prop_carry4_CI_CO[0])
                                                      0.271    79.663 r  u_alu/u_algorithm/u_div/y1__1137/CO[0]
                         net (fo=33, routed)          0.644    80.307    u_alu/u_algorithm/u_div/y10_in[5]
    SLICE_X104Y112       CARRY4 (Prop_carry4_CYINIT_CO[3])
                                                      0.844    81.151 r  u_alu/u_algorithm/u_div/y1__1138/CO[3]
                         net (fo=1, routed)           0.000    81.151    u_alu/u_algorithm/u_div/y1__1138_n_0
    SLICE_X104Y113       CARRY4 (Prop_carry4_CI_CO[3])
                                                      0.117    81.268 r  u_alu/u_algorithm/u_div/y1__1139/CO[3]
                         net (fo=1, routed)           0.000    81.268    u_alu/u_algorithm/u_div/y1__1139_n_0
    SLICE_X104Y114       CARRY4 (Prop_carry4_CI_CO[3])
                                                      0.117    81.385 r  u_alu/u_algorithm/u_div/y1__1140/CO[3]
                         net (fo=1, routed)           0.000    81.385    u_alu/u_algorithm/u_div/y1__1140_n_0
    SLICE_X104Y115       CARRY4 (Prop_carry4_CI_CO[3])
                                                      0.117    81.502 r  u_alu/u_algorithm/u_div/y1__1141/CO[3]
                         net (fo=1, routed)           0.000    81.502    u_alu/u_algorithm/u_div/y1__1141_n_0
    SLICE_X104Y116       CARRY4 (Prop_carry4_CI_CO[3])
                                                      0.117    81.619 r  u_alu/u_algorithm/u_div/y1__1142/CO[3]
                         net (fo=1, routed)           0.000    81.619    u_alu/u_algorithm/u_div/y1__1142_n_0
    SLICE_X104Y117       CARRY4 (Prop_carry4_CI_CO[3])
                                                      0.117    81.736 r  u_alu/u_algorithm/u_div/y1__1143/CO[3]
                         net (fo=1, routed)           0.000    81.736    u_alu/u_algorithm/u_div/y1__1143_n_0
    SLICE_X104Y118       CARRY4 (Prop_carry4_CI_CO[3])
                                                      0.117    81.853 r  u_alu/u_algorithm/u_div/y1__1144/CO[3]
                         net (fo=1, routed)           0.000    81.853    u_alu/u_algorithm/u_div/y1__1144_n_0
    SLICE_X104Y119       CARRY4 (Prop_carry4_CI_CO[1])
                                                      0.157    82.010 r  u_alu/u_algorithm/u_div/y1__1145/CO[1]
                         net (fo=34, routed)          0.729    82.739    u_alu/u_algorithm/u_div/y10_in[4]
    SLICE_X103Y119       LUT4 (Prop_lut4_I3_O)        0.332    83.071 r  u_alu/u_algorithm/u_div/y1__1146_i_4/O
                         net (fo=1, routed)           0.000    83.071    u_alu/u_algorithm/u_div/y1__1146_i_4_n_0
    SLICE_X103Y119       CARRY4 (Prop_carry4_S[1]_CO[3])
                                                      0.550    83.621 r  u_alu/u_algorithm/u_div/y1__1146/CO[3]
                         net (fo=1, routed)           0.000    83.621    u_alu/u_algorithm/u_div/y1__1146_n_0
    SLICE_X103Y120       CARRY4 (Prop_carry4_CI_CO[3])
                                                      0.114    83.735 r  u_alu/u_algorithm/u_div/y1__1147/CO[3]
                         net (fo=1, routed)           0.000    83.735    u_alu/u_algorithm/u_div/y1__1147_n_0
    SLICE_X103Y121       CARRY4 (Prop_carry4_CI_CO[3])
                                                      0.114    83.849 r  u_alu/u_algorithm/u_div/y1__1148/CO[3]
                         net (fo=1, routed)           0.000    83.849    u_alu/u_algorithm/u_div/y1__1148_n_0
    SLICE_X103Y122       CARRY4 (Prop_carry4_CI_CO[3])
                                                      0.114    83.963 r  u_alu/u_algorithm/u_div/y1__1149/CO[3]
                         net (fo=1, routed)           0.000    83.963    u_alu/u_algorithm/u_div/y1__1149_n_0
    SLICE_X103Y123       CARRY4 (Prop_carry4_CI_CO[3])
                                                      0.114    84.077 r  u_alu/u_algorithm/u_div/y1__1150/CO[3]
                         net (fo=1, routed)           0.000    84.077    u_alu/u_algorithm/u_div/y1__1150_n_0
    SLICE_X103Y124       CARRY4 (Prop_carry4_CI_CO[3])
                                                      0.114    84.191 r  u_alu/u_algorithm/u_div/y1__1151/CO[3]
                         net (fo=1, routed)           0.009    84.200    u_alu/u_algorithm/u_div/y1__1151_n_0
    SLICE_X103Y125       CARRY4 (Prop_carry4_CI_CO[3])
                                                      0.114    84.314 r  u_alu/u_algorithm/u_div/y1__1152/CO[3]
                         net (fo=1, routed)           0.000    84.314    u_alu/u_algorithm/u_div/y1__1152_n_0
    SLICE_X103Y126       CARRY4 (Prop_carry4_CI_CO[1])
                                                      0.157    84.471 r  u_alu/u_algorithm/u_div/y1__1153/CO[1]
                         net (fo=34, routed)          0.699    85.170    u_alu/u_algorithm/u_div/y10_in[3]
    SLICE_X102Y126       LUT4 (Prop_lut4_I3_O)        0.329    85.499 r  u_alu/u_algorithm/u_div/y1__1154_i_4/O
                         net (fo=1, routed)           0.000    85.499    u_alu/u_algorithm/u_div/y1__1154_i_4_n_0
    SLICE_X102Y126       CARRY4 (Prop_carry4_S[1]_CO[3])
                                                      0.533    86.032 r  u_alu/u_algorithm/u_div/y1__1154/CO[3]
                         net (fo=1, routed)           0.000    86.032    u_alu/u_algorithm/u_div/y1__1154_n_0
    SLICE_X102Y127       CARRY4 (Prop_carry4_CI_CO[3])
                                                      0.117    86.149 r  u_alu/u_algorithm/u_div/y1__1155/CO[3]
                         net (fo=1, routed)           0.000    86.149    u_alu/u_algorithm/u_div/y1__1155_n_0
    SLICE_X102Y128       CARRY4 (Prop_carry4_CI_CO[3])
                                                      0.117    86.266 r  u_alu/u_algorithm/u_div/y1__1156/CO[3]
                         net (fo=1, routed)           0.000    86.266    u_alu/u_algorithm/u_div/y1__1156_n_0
    SLICE_X102Y129       CARRY4 (Prop_carry4_CI_CO[3])
                                                      0.117    86.383 r  u_alu/u_algorithm/u_div/y1__1157/CO[3]
                         net (fo=1, routed)           0.000    86.383    u_alu/u_algorithm/u_div/y1__1157_n_0
    SLICE_X102Y130       CARRY4 (Prop_carry4_CI_CO[3])
                                                      0.117    86.500 r  u_alu/u_algorithm/u_div/y1__1158/CO[3]
                         net (fo=1, routed)           0.000    86.500    u_alu/u_algorithm/u_div/y1__1158_n_0
    SLICE_X102Y131       CARRY4 (Prop_carry4_CI_CO[3])
                                                      0.117    86.617 r  u_alu/u_algorithm/u_div/y1__1159/CO[3]
                         net (fo=1, routed)           0.000    86.617    u_alu/u_algorithm/u_div/y1__1159_n_0
    SLICE_X102Y132       CARRY4 (Prop_carry4_CI_CO[3])
                                                      0.117    86.734 r  u_alu/u_algorithm/u_div/y1__1160/CO[3]
                         net (fo=1, routed)           0.000    86.734    u_alu/u_algorithm/u_div/y1__1160_n_0
    SLICE_X102Y133       CARRY4 (Prop_carry4_CI_CO[1])
                                                      0.157    86.891 r  u_alu/u_algorithm/u_div/y1__1161/CO[1]
                         net (fo=34, routed)          0.701    87.592    u_alu/u_algorithm/u_div/y10_in[2]
    SLICE_X103Y131       LUT4 (Prop_lut4_I3_O)        0.332    87.924 r  u_alu/u_algorithm/u_div/y1__1162_i_4/O
                         net (fo=1, routed)           0.000    87.924    u_alu/u_algorithm/u_div/y1__1162_i_4_n_0
    SLICE_X103Y131       CARRY4 (Prop_carry4_S[1]_CO[3])
                                                      0.550    88.474 r  u_alu/u_algorithm/u_div/y1__1162/CO[3]
                         net (fo=1, routed)           0.000    88.474    u_alu/u_algorithm/u_div/y1__1162_n_0
    SLICE_X103Y132       CARRY4 (Prop_carry4_CI_CO[3])
                                                      0.114    88.588 r  u_alu/u_algorithm/u_div/y1__1163/CO[3]
                         net (fo=1, routed)           0.000    88.588    u_alu/u_algorithm/u_div/y1__1163_n_0
    SLICE_X103Y133       CARRY4 (Prop_carry4_CI_CO[3])
                                                      0.114    88.702 r  u_alu/u_algorithm/u_div/y1__1164/CO[3]
                         net (fo=1, routed)           0.000    88.702    u_alu/u_algorithm/u_div/y1__1164_n_0
    SLICE_X103Y134       CARRY4 (Prop_carry4_CI_CO[3])
                                                      0.114    88.816 r  u_alu/u_algorithm/u_div/y1__1165/CO[3]
                         net (fo=1, routed)           0.000    88.816    u_alu/u_algorithm/u_div/y1__1165_n_0
    SLICE_X103Y135       CARRY4 (Prop_carry4_CI_CO[3])
                                                      0.114    88.930 r  u_alu/u_algorithm/u_div/y1__1166/CO[3]
                         net (fo=1, routed)           0.000    88.930    u_alu/u_algorithm/u_div/y1__1166_n_0
    SLICE_X103Y136       CARRY4 (Prop_carry4_CI_CO[3])
                                                      0.114    89.044 r  u_alu/u_algorithm/u_div/y1__1167/CO[3]
                         net (fo=1, routed)           0.000    89.044    u_alu/u_algorithm/u_div/y1__1167_n_0
    SLICE_X103Y137       CARRY4 (Prop_carry4_CI_CO[3])
                                                      0.114    89.158 r  u_alu/u_algorithm/u_div/y1__1168/CO[3]
                         net (fo=1, routed)           0.000    89.158    u_alu/u_algorithm/u_div/y1__1168_n_0
    SLICE_X103Y138       CARRY4 (Prop_carry4_CI_CO[1])
                                                      0.157    89.315 r  u_alu/u_algorithm/u_div/y1__1169/CO[1]
                         net (fo=34, routed)          0.926    90.241    u_alu/u_algorithm/u_div/y10_in[1]
    SLICE_X102Y134       LUT5 (Prop_lut5_I0_O)        0.329    90.570 r  u_alu/u_algorithm/u_div/y1__1170_i_4/O
                         net (fo=1, routed)           0.000    90.570    u_alu/u_algorithm/u_div/y1__1170_i_4_n_0
    SLICE_X102Y134       CARRY4 (Prop_carry4_S[1]_CO[3])
                                                      0.533    91.103 r  u_alu/u_algorithm/u_div/y1__1170/CO[3]
                         net (fo=1, routed)           0.000    91.103    u_alu/u_algorithm/u_div/y1__1170_n_0
    SLICE_X102Y135       CARRY4 (Prop_carry4_CI_CO[3])
                                                      0.117    91.220 r  u_alu/u_algorithm/u_div/y1__1171/CO[3]
                         net (fo=1, routed)           0.000    91.220    u_alu/u_algorithm/u_div/y1__1171_n_0
    SLICE_X102Y136       CARRY4 (Prop_carry4_CI_CO[3])
                                                      0.117    91.337 r  u_alu/u_algorithm/u_div/y1__1172/CO[3]
                         net (fo=1, routed)           0.000    91.337    u_alu/u_algorithm/u_div/y1__1172_n_0
    SLICE_X102Y137       CARRY4 (Prop_carry4_CI_CO[3])
                                                      0.117    91.454 r  u_alu/u_algorithm/u_div/y1__1173/CO[3]
                         net (fo=1, routed)           0.000    91.454    u_alu/u_algorithm/u_div/y1__1173_n_0
    SLICE_X102Y138       CARRY4 (Prop_carry4_CI_CO[3])
                                                      0.117    91.571 r  u_alu/u_algorithm/u_div/y1__1174/CO[3]
                         net (fo=1, routed)           0.000    91.571    u_alu/u_algorithm/u_div/y1__1174_n_0
    SLICE_X102Y139       CARRY4 (Prop_carry4_CI_CO[3])
                                                      0.117    91.688 r  u_alu/u_algorithm/u_div/y1__1175/CO[3]
                         net (fo=1, routed)           0.000    91.688    u_alu/u_algorithm/u_div/y1__1175_n_0
    SLICE_X102Y140       CARRY4 (Prop_carry4_CI_CO[3])
                                                      0.117    91.805 r  u_alu/u_algorithm/u_div/y1__1176/CO[3]
                         net (fo=1, routed)           0.000    91.805    u_alu/u_algorithm/u_div/y1__1176_n_0
    SLICE_X102Y141       CARRY4 (Prop_carry4_CI_CO[0])
                                                      0.254    92.059 f  u_alu/u_algorithm/u_div/y1__1177/CO[0]
                         net (fo=2, routed)           0.308    92.367    u_alu/u_algorithm/u_div/y10_in[0]
    SLICE_X103Y143       LUT1 (Prop_lut1_I0_O)        0.367    92.734 r  u_alu/u_algorithm/u_div/y[4]_i_3/O
                         net (fo=1, routed)           0.332    93.066    u_alu/u_algorithm/u_div/p_0_in[0]
    SLICE_X102Y145       CARRY4 (Prop_carry4_CYINIT_CO[3])
                                                      0.595    93.661 r  u_alu/u_algorithm/u_div/y_reg[4]_i_2/CO[3]
                         net (fo=1, routed)           0.000    93.661    u_alu/u_algorithm/u_div/y_reg[4]_i_2_n_0
    SLICE_X102Y146       CARRY4 (Prop_carry4_CI_O[3])
                                                      0.315    93.976 r  u_alu/u_algorithm/u_div/y_reg[8]_i_2/O[3]
                         net (fo=1, routed)           0.294    94.270    u_alu/u_algorithm/u_div/y1[8]
    SLICE_X103Y145       LUT5 (Prop_lut5_I1_O)        0.307    94.577 r  u_alu/u_algorithm/u_div/y[8]_i_1/O
                         net (fo=1, routed)           0.000    94.577    u_alu/u_algorithm/u_div/y[8]_i_1_n_0
    SLICE_X103Y145       FDCE                                         r  u_alu/u_algorithm/u_div/y_reg[8]/D
  -------------------------------------------------------------------    -------------------

                         (clock sys_clk_pin rise edge)
                                                      8.000     8.000 r  
    H16                                               0.000     8.000 r  clk (IN)
                         net (fo=0)                   0.000     8.000    clk
    H16                  IBUF (Prop_ibuf_I_O)         1.380     9.380 r  clk_IBUF_inst/O
                         net (fo=1, routed)           2.293    11.673    clk_IBUF
    BUFGCTRL_X0Y16       BUFG (Prop_bufg_I_O)         0.091    11.764 r  clk_IBUF_BUFG_inst/O
                         net (fo=126, routed)         1.783    13.548    u_alu/u_algorithm/u_div/clk_IBUF_BUFG
    SLICE_X103Y145       FDCE                                         r  u_alu/u_algorithm/u_div/y_reg[8]/C
                         clock pessimism              0.309    13.857    
                         clock uncertainty           -0.035    13.821    
    SLICE_X103Y145       FDCE (Setup_fdce_C_D)        0.031    13.852    u_alu/u_algorithm/u_div/y_reg[8]
  -------------------------------------------------------------------
                         required time                         13.852    
                         arrival time                         -94.577    
  -------------------------------------------------------------------
                         slack                                -80.725    

Slack (VIOLATED) :        -80.644ns  (required time - arrival time)
  Source:                 B_in_reg[4]_replica_8/C
                            (rising edge-triggered cell FDCE clocked by sys_clk_pin  {rise@0.000ns fall@4.000ns period=8.000ns})
  Destination:            u_alu/u_algorithm/u_div/y_reg[7]/D
                            (rising edge-triggered cell FDCE clocked by sys_clk_pin  {rise@0.000ns fall@4.000ns period=8.000ns})
  Path Group:             sys_clk_pin
  Path Type:              Setup (Max at Slow Process Corner)
  Requirement:            8.000ns  (sys_clk_pin rise@8.000ns - sys_clk_pin rise@0.000ns)
  Data Path Delay:        88.542ns  (logic 61.264ns (69.192%)  route 27.278ns (30.808%))
  Logic Levels:           289  (CARRY4=256 LUT1=2 LUT2=1 LUT4=5 LUT5=24 LUT6=1)
  Clock Path Skew:        -0.098ns (DCD - SCD + CPR)
    Destination Clock Delay (DCD):    5.548ns = ( 13.548 - 8.000 ) 
    Source Clock Delay      (SCD):    5.955ns
    Clock Pessimism Removal (CPR):    0.309ns
  Clock Uncertainty:      0.035ns  ((TSJ^2 + TIJ^2)^1/2 + DJ) / 2 + PE
    Total System Jitter     (TSJ):    0.071ns
    Total Input Jitter      (TIJ):    0.000ns
    Discrete Jitter          (DJ):    0.000ns
    Phase Error              (PE):    0.000ns

    Location             Delay type                Incr(ns)  Path(ns)    Netlist Resource(s)
  -------------------------------------------------------------------    -------------------
                         (clock sys_clk_pin rise edge)
                                                      0.000     0.000 r  
    H16                                               0.000     0.000 r  clk (IN)
                         net (fo=0)                   0.000     0.000    clk
    H16                  IBUF (Prop_ibuf_I_O)         1.451     1.451 r  clk_IBUF_inst/O
                         net (fo=1, routed)           2.522     3.973    clk_IBUF
    BUFGCTRL_X0Y16       BUFG (Prop_bufg_I_O)         0.101     4.074 r  clk_IBUF_BUFG_inst/O
                         net (fo=126, routed)         1.881     5.955    clk_IBUF_BUFG
    SLICE_X107Y6         FDCE                                         r  B_in_reg[4]_replica_8/C
  -------------------------------------------------------------------    -------------------
    SLICE_X107Y6         FDCE (Prop_fdce_C_Q)         0.456     6.411 f  B_in_reg[4]_replica_8/Q
                         net (fo=1, routed)           0.403     6.814    u_alu/u_algorithm/u_div/B_in_reg_n_0_[4]_repN_8_alias
    SLICE_X107Y7         LUT1 (Prop_lut1_I0_O)        0.124     6.938 r  u_alu/u_algorithm/u_div/y20_carry__0_i_4/O
                         net (fo=1, routed)           0.000     6.938    u_alu/u_algorithm/u_div/y20_carry__0_i_4_n_0
    SLICE_X107Y7         CARRY4 (Prop_carry4_S[0]_CO[3])
                                                      0.532     7.470 r  u_alu/u_algorithm/u_div/y20_carry__0/CO[3]
                         net (fo=1, routed)           0.000     7.470    u_alu/u_algorithm/u_div/y20_carry__0_n_0
    SLICE_X107Y8         CARRY4 (Prop_carry4_CI_CO[3])
                                                      0.114     7.584 r  u_alu/u_algorithm/u_div/y20_carry__1/CO[3]
                         net (fo=1, routed)           0.000     7.584    u_alu/u_algorithm/u_div/y20_carry__1_n_0
    SLICE_X107Y9         CARRY4 (Prop_carry4_CI_CO[0])
                                                      0.271     7.855 r  u_alu/u_algorithm/u_div/y1__925_i_9/CO[0]
                         net (fo=528, routed)         0.879     8.734    u_alu/u_algorithm/u_div/y1__925_i_9_n_3
    SLICE_X106Y6         LUT2 (Prop_lut2_I0_O)        0.373     9.107 r  u_alu/u_algorithm/u_div/y1__926_i_7/O
                         net (fo=1, routed)           0.000     9.107    u_alu/u_algorithm/u_div/y1__926_i_7_n_0
    SLICE_X106Y6         CARRY4 (Prop_carry4_S[1]_CO[3])
                                                      0.550     9.657 r  u_alu/u_algorithm/u_div/y1__926/CO[3]
                         net (fo=1, routed)           0.000     9.657    u_alu/u_algorithm/u_div/y1__926_n_0
    SLICE_X106Y7         CARRY4 (Prop_carry4_CI_CO[3])
                                                      0.114     9.771 r  u_alu/u_algorithm/u_div/y1__927/CO[3]
                         net (fo=1, routed)           0.000     9.771    u_alu/u_algorithm/u_div/y1__927_n_0
    SLICE_X106Y8         CARRY4 (Prop_carry4_CI_CO[3])
                                                      0.114     9.885 r  u_alu/u_algorithm/u_div/y1__928/CO[3]
                         net (fo=1, routed)           0.000     9.885    u_alu/u_algorithm/u_div/y1__928_n_0
    SLICE_X106Y9         CARRY4 (Prop_carry4_CI_CO[2])
                                                      0.228    10.113 r  u_alu/u_algorithm/u_div/y1__929/CO[2]
                         net (fo=33, routed)          1.062    11.175    u_alu/u_algorithm/u_div/y1__929_n_1
    SLICE_X105Y4         LUT5 (Prop_lut5_I0_O)        0.313    11.488 r  u_alu/u_algorithm/u_div/y1__931_i_3/O
                         net (fo=1, routed)           0.000    11.488    u_alu/u_algorithm/u_div/y1__931_i_3_n_0
    SLICE_X105Y4         CARRY4 (Prop_carry4_S[1]_CO[3])
                                                      0.550    12.038 r  u_alu/u_algorithm/u_div/y1__931/CO[3]
                         net (fo=1, routed)           0.000    12.038    u_alu/u_algorithm/u_div/y1__931_n_0
    SLICE_X105Y5         CARRY4 (Prop_carry4_CI_CO[3])
                                                      0.114    12.152 r  u_alu/u_algorithm/u_div/y1__932/CO[3]
                         net (fo=1, routed)           0.000    12.152    u_alu/u_algorithm/u_div/y1__932_n_0
    SLICE_X105Y6         CARRY4 (Prop_carry4_CI_CO[3])
                                                      0.114    12.266 r  u_alu/u_algorithm/u_div/y1__933/CO[3]
                         net (fo=1, routed)           0.000    12.266    u_alu/u_algorithm/u_div/y1__933_n_0
    SLICE_X105Y7         CARRY4 (Prop_carry4_CI_CO[3])
                                                      0.114    12.380 r  u_alu/u_algorithm/u_div/y1__934/CO[3]
                         net (fo=1, routed)           0.000    12.380    u_alu/u_algorithm/u_div/y1__934_n_0
    SLICE_X105Y8         CARRY4 (Prop_carry4_CI_CO[3])
                                                      0.114    12.494 r  u_alu/u_algorithm/u_div/y1__935/CO[3]
                         net (fo=1, routed)           0.000    12.494    u_alu/u_algorithm/u_div/y1__935_n_0
    SLICE_X105Y9         CARRY4 (Prop_carry4_CI_CO[3])
                                                      0.114    12.608 r  u_alu/u_algorithm/u_div/y1__936/CO[3]
                         net (fo=1, routed)           0.000    12.608    u_alu/u_algorithm/u_div/y1__936_n_0
    SLICE_X105Y10        CARRY4 (Prop_carry4_CI_CO[0])
                                                      0.271    12.879 r  u_alu/u_algorithm/u_div/y1__937/CO[0]
                         net (fo=33, routed)          0.688    13.567    u_alu/u_algorithm/u_div/y1__937_n_3
    SLICE_X104Y8         LUT4 (Prop_lut4_I3_O)        0.373    13.940 r  u_alu/u_algorithm/u_div/y1__938_i_5/O
                         net (fo=1, routed)           0.000    13.940    u_alu/u_algorithm/u_div/y1__938_i_5_n_0
    SLICE_X104Y8         CARRY4 (Prop_carry4_S[0]_CO[3])
                                                      0.513    14.453 r  u_alu/u_algorithm/u_div/y1__938/CO[3]
                         net (fo=1, routed)           0.000    14.453    u_alu/u_algorithm/u_div/y1__938_n_0
    SLICE_X104Y9         CARRY4 (Prop_carry4_CI_CO[3])
                                                      0.117    14.570 r  u_alu/u_algorithm/u_div/y1__939/CO[3]
                         net (fo=1, routed)           0.000    14.570    u_alu/u_algorithm/u_div/y1__939_n_0
    SLICE_X104Y10        CARRY4 (Prop_carry4_CI_CO[3])
                                                      0.117    14.687 r  u_alu/u_algorithm/u_div/y1__940/CO[3]
                         net (fo=1, routed)           0.000    14.687    u_alu/u_algorithm/u_div/y1__940_n_0
    SLICE_X104Y11        CARRY4 (Prop_carry4_CI_CO[3])
                                                      0.117    14.804 r  u_alu/u_algorithm/u_div/y1__941/CO[3]
                         net (fo=1, routed)           0.000    14.804    u_alu/u_algorithm/u_div/y1__941_n_0
    SLICE_X104Y12        CARRY4 (Prop_carry4_CI_CO[3])
                                                      0.117    14.921 r  u_alu/u_algorithm/u_div/y1__942/CO[3]
                         net (fo=1, routed)           0.000    14.921    u_alu/u_algorithm/u_div/y1__942_n_0
    SLICE_X104Y13        CARRY4 (Prop_carry4_CI_CO[3])
                                                      0.117    15.038 r  u_alu/u_algorithm/u_div/y1__943/CO[3]
                         net (fo=1, routed)           0.000    15.038    u_alu/u_algorithm/u_div/y1__943_n_0
    SLICE_X104Y14        CARRY4 (Prop_carry4_CI_CO[3])
                                                      0.117    15.155 r  u_alu/u_algorithm/u_div/y1__944/CO[3]
                         net (fo=1, routed)           0.000    15.155    u_alu/u_algorithm/u_div/y1__944_n_0
    SLICE_X104Y15        CARRY4 (Prop_carry4_CI_CO[0])
                                                      0.254    15.409 r  u_alu/u_algorithm/u_div/y1__945/CO[0]
                         net (fo=33, routed)          1.164    16.573    u_alu/u_algorithm/u_div/y1__945_n_3
    SLICE_X103Y3         LUT4 (Prop_lut4_I3_O)        0.367    16.940 r  u_alu/u_algorithm/u_div/y1__946_i_5/O
                         net (fo=1, routed)           0.000    16.940    u_alu/u_algorithm/u_div/y1__946_i_5_n_0
    SLICE_X103Y3         CARRY4 (Prop_carry4_S[0]_CO[3])
                                                      0.532    17.472 r  u_alu/u_algorithm/u_div/y1__946/CO[3]
                         net (fo=1, routed)           0.000    17.472    u_alu/u_algorithm/u_div/y1__946_n_0
    SLICE_X103Y4         CARRY4 (Prop_carry4_CI_CO[3])
                                                      0.114    17.586 r  u_alu/u_algorithm/u_div/y1__947/CO[3]
                         net (fo=1, routed)           0.000    17.586    u_alu/u_algorithm/u_div/y1__947_n_0
    SLICE_X103Y5         CARRY4 (Prop_carry4_CI_CO[3])
                                                      0.114    17.700 r  u_alu/u_algorithm/u_div/y1__948/CO[3]
                         net (fo=1, routed)           0.000    17.700    u_alu/u_algorithm/u_div/y1__948_n_0
    SLICE_X103Y6         CARRY4 (Prop_carry4_CI_CO[3])
                                                      0.114    17.814 r  u_alu/u_algorithm/u_div/y1__949/CO[3]
                         net (fo=1, routed)           0.000    17.814    u_alu/u_algorithm/u_div/y1__949_n_0
    SLICE_X103Y7         CARRY4 (Prop_carry4_CI_CO[3])
                                                      0.114    17.928 r  u_alu/u_algorithm/u_div/y1__950/CO[3]
                         net (fo=1, routed)           0.000    17.928    u_alu/u_algorithm/u_div/y1__950_n_0
    SLICE_X103Y8         CARRY4 (Prop_carry4_CI_CO[3])
                                                      0.114    18.042 r  u_alu/u_algorithm/u_div/y1__951/CO[3]
                         net (fo=1, routed)           0.000    18.042    u_alu/u_algorithm/u_div/y1__951_n_0
    SLICE_X103Y9         CARRY4 (Prop_carry4_CI_CO[3])
                                                      0.114    18.156 r  u_alu/u_algorithm/u_div/y1__952/CO[3]
                         net (fo=1, routed)           0.000    18.156    u_alu/u_algorithm/u_div/y1__952_n_0
    SLICE_X103Y10        CARRY4 (Prop_carry4_CI_CO[0])
                                                      0.271    18.427 r  u_alu/u_algorithm/u_div/y1__953/CO[0]
                         net (fo=32, routed)          0.629    19.056    u_alu/u_algorithm/u_div/y1__953_n_3
    SLICE_X103Y2         LUT6 (Prop_lut6_I5_O)        0.373    19.429 r  u_alu/u_algorithm/u_div/y1__954_i_5/O
                         net (fo=1, routed)           0.711    20.140    u_alu/u_algorithm/u_div/y1__954_i_5_n_0
    SLICE_X104Y0         CARRY4 (Prop_carry4_S[0]_CO[3])
                                                      0.637    20.777 r  u_alu/u_algorithm/u_div/y1__954/CO[3]
                         net (fo=1, routed)           0.000    20.777    u_alu/u_algorithm/u_div/y1__954_n_0
    SLICE_X104Y1         CARRY4 (Prop_carry4_CI_CO[3])
                                                      0.117    20.894 r  u_alu/u_algorithm/u_div/y1__955/CO[3]
                         net (fo=1, routed)           0.000    20.894    u_alu/u_algorithm/u_div/y1__955_n_0
    SLICE_X104Y2         CARRY4 (Prop_carry4_CI_CO[3])
                                                      0.117    21.011 r  u_alu/u_algorithm/u_div/y1__956/CO[3]
                         net (fo=1, routed)           0.000    21.011    u_alu/u_algorithm/u_div/y1__956_n_0
    SLICE_X104Y3         CARRY4 (Prop_carry4_CI_CO[3])
                                                      0.117    21.128 r  u_alu/u_algorithm/u_div/y1__957/CO[3]
                         net (fo=1, routed)           0.000    21.128    u_alu/u_algorithm/u_div/y1__957_n_0
    SLICE_X104Y4         CARRY4 (Prop_carry4_CI_CO[3])
                                                      0.117    21.245 r  u_alu/u_algorithm/u_div/y1__958/CO[3]
                         net (fo=1, routed)           0.000    21.245    u_alu/u_algorithm/u_div/y1__958_n_0
    SLICE_X104Y5         CARRY4 (Prop_carry4_CI_CO[3])
                                                      0.117    21.362 r  u_alu/u_algorithm/u_div/y1__959/CO[3]
                         net (fo=1, routed)           0.000    21.362    u_alu/u_algorithm/u_div/y1__959_n_0
    SLICE_X104Y6         CARRY4 (Prop_carry4_CI_CO[3])
                                                      0.117    21.479 r  u_alu/u_algorithm/u_div/y1__960/CO[3]
                         net (fo=1, routed)           0.000    21.479    u_alu/u_algorithm/u_div/y1__960_n_0
    SLICE_X104Y7         CARRY4 (Prop_carry4_CI_CO[0])
                                                      0.254    21.733 r  u_alu/u_algorithm/u_div/y1__961/CO[0]
                         net (fo=32, routed)          0.922    22.655    u_alu/u_algorithm/u_div/y1__961_n_3
    SLICE_X102Y2         LUT5 (Prop_lut5_I3_O)        0.367    23.022 r  u_alu/u_algorithm/u_div/y1__962_i_5/O
                         net (fo=1, routed)           0.000    23.022    u_alu/u_algorithm/u_div/y1__962_i_5_n_0
    SLICE_X102Y2         CARRY4 (Prop_carry4_S[0]_CO[3])
                                                      0.513    23.535 r  u_alu/u_algorithm/u_div/y1__962/CO[3]
                         net (fo=1, routed)           0.000    23.535    u_alu/u_algorithm/u_div/y1__962_n_0
    SLICE_X102Y3         CARRY4 (Prop_carry4_CI_CO[3])
                                                      0.117    23.652 r  u_alu/u_algorithm/u_div/y1__963/CO[3]
                         net (fo=1, routed)           0.000    23.652    u_alu/u_algorithm/u_div/y1__963_n_0
    SLICE_X102Y4         CARRY4 (Prop_carry4_CI_CO[3])
                                                      0.117    23.769 r  u_alu/u_algorithm/u_div/y1__964/CO[3]
                         net (fo=1, routed)           0.000    23.769    u_alu/u_algorithm/u_div/y1__964_n_0
    SLICE_X102Y5         CARRY4 (Prop_carry4_CI_CO[3])
                                                      0.117    23.886 r  u_alu/u_algorithm/u_div/y1__965/CO[3]
                         net (fo=1, routed)           0.000    23.886    u_alu/u_algorithm/u_div/y1__965_n_0
    SLICE_X102Y6         CARRY4 (Prop_carry4_CI_CO[3])
                                                      0.117    24.003 r  u_alu/u_algorithm/u_div/y1__966/CO[3]
                         net (fo=1, routed)           0.000    24.003    u_alu/u_algorithm/u_div/y1__966_n_0
    SLICE_X102Y7         CARRY4 (Prop_carry4_CI_CO[3])
                                                      0.117    24.120 r  u_alu/u_algorithm/u_div/y1__967/CO[3]
                         net (fo=1, routed)           0.000    24.120    u_alu/u_algorithm/u_div/y1__967_n_0
    SLICE_X102Y8         CARRY4 (Prop_carry4_CI_CO[3])
                                                      0.117    24.237 r  u_alu/u_algorithm/u_div/y1__968/CO[3]
                         net (fo=1, routed)           0.000    24.237    u_alu/u_algorithm/u_div/y1__968_n_0
    SLICE_X102Y9         CARRY4 (Prop_carry4_CI_CO[0])
                                                      0.254    24.491 r  u_alu/u_algorithm/u_div/y1__969/CO[0]
                         net (fo=32, routed)          1.118    25.608    u_alu/u_algorithm/u_div/y1__969_n_3
    SLICE_X101Y2         LUT5 (Prop_lut5_I3_O)        0.367    25.975 r  u_alu/u_algorithm/u_div/y1__970_i_5/O
                         net (fo=1, routed)           0.000    25.975    u_alu/u_algorithm/u_div/y1__970_i_5_n_0
    SLICE_X101Y2         CARRY4 (Prop_carry4_S[0]_CO[3])
                                                      0.532    26.507 r  u_alu/u_algorithm/u_div/y1__970/CO[3]
                         net (fo=1, routed)           0.000    26.507    u_alu/u_algorithm/u_div/y1__970_n_0
    SLICE_X101Y3         CARRY4 (Prop_carry4_CI_CO[3])
                                                      0.114    26.621 r  u_alu/u_algorithm/u_div/y1__971/CO[3]
                         net (fo=1, routed)           0.000    26.621    u_alu/u_algorithm/u_div/y1__971_n_0
    SLICE_X101Y4         CARRY4 (Prop_carry4_CI_CO[3])
                                                      0.114    26.735 r  u_alu/u_algorithm/u_div/y1__972/CO[3]
                         net (fo=1, routed)           0.000    26.735    u_alu/u_algorithm/u_div/y1__972_n_0
    SLICE_X101Y5         CARRY4 (Prop_carry4_CI_CO[3])
                                                      0.114    26.849 r  u_alu/u_algorithm/u_div/y1__973/CO[3]
                         net (fo=1, routed)           0.000    26.849    u_alu/u_algorithm/u_div/y1__973_n_0
    SLICE_X101Y6         CARRY4 (Prop_carry4_CI_CO[3])
                                                      0.114    26.963 r  u_alu/u_algorithm/u_div/y1__974/CO[3]
                         net (fo=1, routed)           0.000    26.963    u_alu/u_algorithm/u_div/y1__974_n_0
    SLICE_X101Y7         CARRY4 (Prop_carry4_CI_CO[3])
                                                      0.114    27.077 r  u_alu/u_algorithm/u_div/y1__975/CO[3]
                         net (fo=1, routed)           0.000    27.077    u_alu/u_algorithm/u_div/y1__975_n_0
    SLICE_X101Y8         CARRY4 (Prop_carry4_CI_CO[3])
                                                      0.114    27.191 r  u_alu/u_algorithm/u_div/y1__976/CO[3]
                         net (fo=1, routed)           0.000    27.191    u_alu/u_algorithm/u_div/y1__976_n_0
    SLICE_X101Y9         CARRY4 (Prop_carry4_CI_CO[0])
                                                      0.271    27.462 r  u_alu/u_algorithm/u_div/y1__977/CO[0]
                         net (fo=32, routed)          0.945    28.407    u_alu/u_algorithm/u_div/y1__977_n_3
    SLICE_X100Y1         CARRY4 (Prop_carry4_CYINIT_CO[3])
                                                      0.844    29.251 r  u_alu/u_algorithm/u_div/y1__978/CO[3]
                         net (fo=1, routed)           0.000    29.251    u_alu/u_algorithm/u_div/y1__978_n_0
    SLICE_X100Y2         CARRY4 (Prop_carry4_CI_CO[3])
                                                      0.117    29.368 r  u_alu/u_algorithm/u_div/y1__979/CO[3]
                         net (fo=1, routed)           0.000    29.368    u_alu/u_algorithm/u_div/y1__979_n_0
    SLICE_X100Y3         CARRY4 (Prop_carry4_CI_CO[3])
                                                      0.117    29.485 r  u_alu/u_algorithm/u_div/y1__980/CO[3]
                         net (fo=1, routed)           0.000    29.485    u_alu/u_algorithm/u_div/y1__980_n_0
    SLICE_X100Y4         CARRY4 (Prop_carry4_CI_CO[3])
                                                      0.117    29.602 r  u_alu/u_algorithm/u_div/y1__981/CO[3]
                         net (fo=1, routed)           0.000    29.602    u_alu/u_algorithm/u_div/y1__981_n_0
    SLICE_X100Y5         CARRY4 (Prop_carry4_CI_CO[3])
                                                      0.117    29.719 r  u_alu/u_algorithm/u_div/y1__982/CO[3]
                         net (fo=1, routed)           0.000    29.719    u_alu/u_algorithm/u_div/y1__982_n_0
    SLICE_X100Y6         CARRY4 (Prop_carry4_CI_CO[3])
                                                      0.117    29.836 r  u_alu/u_algorithm/u_div/y1__983/CO[3]
                         net (fo=1, routed)           0.000    29.836    u_alu/u_algorithm/u_div/y1__983_n_0
    SLICE_X100Y7         CARRY4 (Prop_carry4_CI_CO[3])
                                                      0.117    29.953 r  u_alu/u_algorithm/u_div/y1__984/CO[3]
                         net (fo=1, routed)           0.000    29.953    u_alu/u_algorithm/u_div/y1__984_n_0
    SLICE_X100Y8         CARRY4 (Prop_carry4_CI_CO[0])
                                                      0.254    30.207 r  u_alu/u_algorithm/u_div/y1__985/CO[0]
                         net (fo=32, routed)          1.112    31.319    u_alu/u_algorithm/u_div/y1__985_n_3
    SLICE_X98Y0          LUT5 (Prop_lut5_I3_O)        0.367    31.686 r  u_alu/u_algorithm/u_div/y1__986_i_5/O
                         net (fo=1, routed)           0.000    31.686    u_alu/u_algorithm/u_div/y1__986_i_5_n_0
    SLICE_X98Y0          CARRY4 (Prop_carry4_S[0]_CO[3])
                                                      0.513    32.199 r  u_alu/u_algorithm/u_div/y1__986/CO[3]
                         net (fo=1, routed)           0.000    32.199    u_alu/u_algorithm/u_div/y1__986_n_0
    SLICE_X98Y1          CARRY4 (Prop_carry4_CI_CO[3])
                                                      0.117    32.316 r  u_alu/u_algorithm/u_div/y1__987/CO[3]
                         net (fo=1, routed)           0.000    32.316    u_alu/u_algorithm/u_div/y1__987_n_0
    SLICE_X98Y2          CARRY4 (Prop_carry4_CI_CO[3])
                                                      0.117    32.433 r  u_alu/u_algorithm/u_div/y1__988/CO[3]
                         net (fo=1, routed)           0.000    32.433    u_alu/u_algorithm/u_div/y1__988_n_0
    SLICE_X98Y3          CARRY4 (Prop_carry4_CI_CO[3])
                                                      0.117    32.550 r  u_alu/u_algorithm/u_div/y1__989/CO[3]
                         net (fo=1, routed)           0.000    32.550    u_alu/u_algorithm/u_div/y1__989_n_0
    SLICE_X98Y4          CARRY4 (Prop_carry4_CI_CO[3])
                                                      0.117    32.667 r  u_alu/u_algorithm/u_div/y1__990/CO[3]
                         net (fo=1, routed)           0.000    32.667    u_alu/u_algorithm/u_div/y1__990_n_0
    SLICE_X98Y5          CARRY4 (Prop_carry4_CI_CO[3])
                                                      0.117    32.784 r  u_alu/u_algorithm/u_div/y1__991/CO[3]
                         net (fo=1, routed)           0.000    32.784    u_alu/u_algorithm/u_div/y1__991_n_0
    SLICE_X98Y6          CARRY4 (Prop_carry4_CI_CO[3])
                                                      0.117    32.901 r  u_alu/u_algorithm/u_div/y1__992/CO[3]
                         net (fo=1, routed)           0.000    32.901    u_alu/u_algorithm/u_div/y1__992_n_0
    SLICE_X98Y7          CARRY4 (Prop_carry4_CI_CO[0])
                                                      0.254    33.155 r  u_alu/u_algorithm/u_div/y1__993/CO[0]
                         net (fo=32, routed)          0.951    34.105    u_alu/u_algorithm/u_div/y1__993_n_3
    SLICE_X96Y1          LUT5 (Prop_lut5_I3_O)        0.367    34.472 r  u_alu/u_algorithm/u_div/y1__994_i_5/O
                         net (fo=1, routed)           0.000    34.472    u_alu/u_algorithm/u_div/y1__994_i_5_n_0
    SLICE_X96Y1          CARRY4 (Prop_carry4_S[0]_CO[3])
                                                      0.513    34.985 r  u_alu/u_algorithm/u_div/y1__994/CO[3]
                         net (fo=1, routed)           0.000    34.985    u_alu/u_algorithm/u_div/y1__994_n_0
    SLICE_X96Y2          CARRY4 (Prop_carry4_CI_CO[3])
                                                      0.117    35.102 r  u_alu/u_algorithm/u_div/y1__995/CO[3]
                         net (fo=1, routed)           0.000    35.102    u_alu/u_algorithm/u_div/y1__995_n_0
    SLICE_X96Y3          CARRY4 (Prop_carry4_CI_CO[3])
                                                      0.117    35.219 r  u_alu/u_algorithm/u_div/y1__996/CO[3]
                         net (fo=1, routed)           0.000    35.219    u_alu/u_algorithm/u_div/y1__996_n_0
    SLICE_X96Y4          CARRY4 (Prop_carry4_CI_CO[3])
                                                      0.117    35.336 r  u_alu/u_algorithm/u_div/y1__997/CO[3]
                         net (fo=1, routed)           0.000    35.336    u_alu/u_algorithm/u_div/y1__997_n_0
    SLICE_X96Y5          CARRY4 (Prop_carry4_CI_CO[3])
                                                      0.117    35.453 r  u_alu/u_algorithm/u_div/y1__998/CO[3]
                         net (fo=1, routed)           0.000    35.453    u_alu/u_algorithm/u_div/y1__998_n_0
    SLICE_X96Y6          CARRY4 (Prop_carry4_CI_CO[3])
                                                      0.117    35.570 r  u_alu/u_algorithm/u_div/y1__999/CO[3]
                         net (fo=1, routed)           0.000    35.570    u_alu/u_algorithm/u_div/y1__999_n_0
    SLICE_X96Y7          CARRY4 (Prop_carry4_CI_CO[3])
                                                      0.117    35.687 r  u_alu/u_algorithm/u_div/y1__1000/CO[3]
                         net (fo=1, routed)           0.000    35.687    u_alu/u_algorithm/u_div/y1__1000_n_0
    SLICE_X96Y8          CARRY4 (Prop_carry4_CI_CO[0])
                                                      0.254    35.941 r  u_alu/u_algorithm/u_div/y1__1001/CO[0]
                         net (fo=32, routed)          0.985    36.926    u_alu/u_algorithm/u_div/y1__1001_n_3
    SLICE_X95Y3          LUT5 (Prop_lut5_I3_O)        0.367    37.293 r  u_alu/u_algorithm/u_div/y1__1002_i_5/O
                         net (fo=1, routed)           0.000    37.293    u_alu/u_algorithm/u_div/y1__1002_i_5_n_0
    SLICE_X95Y3          CARRY4 (Prop_carry4_S[0]_CO[3])
                                                      0.532    37.825 r  u_alu/u_algorithm/u_div/y1__1002/CO[3]
                         net (fo=1, routed)           0.000    37.825    u_alu/u_algorithm/u_div/y1__1002_n_0
    SLICE_X95Y4          CARRY4 (Prop_carry4_CI_CO[3])
                                                      0.114    37.939 r  u_alu/u_algorithm/u_div/y1__1003/CO[3]
                         net (fo=1, routed)           0.000    37.939    u_alu/u_algorithm/u_div/y1__1003_n_0
    SLICE_X95Y5          CARRY4 (Prop_carry4_CI_CO[3])
                                                      0.114    38.053 r  u_alu/u_algorithm/u_div/y1__1004/CO[3]
                         net (fo=1, routed)           0.000    38.053    u_alu/u_algorithm/u_div/y1__1004_n_0
    SLICE_X95Y6          CARRY4 (Prop_carry4_CI_CO[3])
                                                      0.114    38.167 r  u_alu/u_algorithm/u_div/y1__1005/CO[3]
                         net (fo=1, routed)           0.000    38.167    u_alu/u_algorithm/u_div/y1__1005_n_0
    SLICE_X95Y7          CARRY4 (Prop_carry4_CI_CO[3])
                                                      0.114    38.281 r  u_alu/u_algorithm/u_div/y1__1006/CO[3]
                         net (fo=1, routed)           0.000    38.281    u_alu/u_algorithm/u_div/y1__1006_n_0
    SLICE_X95Y8          CARRY4 (Prop_carry4_CI_CO[3])
                                                      0.114    38.395 r  u_alu/u_algorithm/u_div/y1__1007/CO[3]
                         net (fo=1, routed)           0.000    38.395    u_alu/u_algorithm/u_div/y1__1007_n_0
    SLICE_X95Y9          CARRY4 (Prop_carry4_CI_CO[3])
                                                      0.114    38.509 r  u_alu/u_algorithm/u_div/y1__1008/CO[3]
                         net (fo=1, routed)           0.000    38.509    u_alu/u_algorithm/u_div/y1__1008_n_0
    SLICE_X95Y10         CARRY4 (Prop_carry4_CI_CO[0])
                                                      0.271    38.780 r  u_alu/u_algorithm/u_div/y1__1009/CO[0]
                         net (fo=32, routed)          0.863    39.643    u_alu/u_algorithm/u_div/y1__1009_n_3
    SLICE_X97Y7          LUT5 (Prop_lut5_I3_O)        0.373    40.016 r  u_alu/u_algorithm/u_div/y1__1010_i_5/O
                         net (fo=1, routed)           0.000    40.016    u_alu/u_algorithm/u_div/y1__1010_i_5_n_0
    SLICE_X97Y7          CARRY4 (Prop_carry4_S[0]_CO[3])
                                                      0.532    40.548 r  u_alu/u_algorithm/u_div/y1__1010/CO[3]
                         net (fo=1, routed)           0.000    40.548    u_alu/u_algorithm/u_div/y1__1010_n_0
    SLICE_X97Y8          CARRY4 (Prop_carry4_CI_CO[3])
                                                      0.114    40.662 r  u_alu/u_algorithm/u_div/y1__1011/CO[3]
                         net (fo=1, routed)           0.000    40.662    u_alu/u_algorithm/u_div/y1__1011_n_0
    SLICE_X97Y9          CARRY4 (Prop_carry4_CI_CO[3])
                                                      0.114    40.776 r  u_alu/u_algorithm/u_div/y1__1012/CO[3]
                         net (fo=1, routed)           0.000    40.776    u_alu/u_algorithm/u_div/y1__1012_n_0
    SLICE_X97Y10         CARRY4 (Prop_carry4_CI_CO[3])
                                                      0.114    40.890 r  u_alu/u_algorithm/u_div/y1__1013/CO[3]
                         net (fo=1, routed)           0.000    40.890    u_alu/u_algorithm/u_div/y1__1013_n_0
    SLICE_X97Y11         CARRY4 (Prop_carry4_CI_CO[3])
                                                      0.114    41.004 r  u_alu/u_algorithm/u_div/y1__1014/CO[3]
                         net (fo=1, routed)           0.000    41.004    u_alu/u_algorithm/u_div/y1__1014_n_0
    SLICE_X97Y12         CARRY4 (Prop_carry4_CI_CO[3])
                                                      0.114    41.118 r  u_alu/u_algorithm/u_div/y1__1015/CO[3]
                         net (fo=1, routed)           0.000    41.118    u_alu/u_algorithm/u_div/y1__1015_n_0
    SLICE_X97Y13         CARRY4 (Prop_carry4_CI_CO[3])
                                                      0.114    41.232 r  u_alu/u_algorithm/u_div/y1__1016/CO[3]
                         net (fo=1, routed)           0.000    41.232    u_alu/u_algorithm/u_div/y1__1016_n_0
    SLICE_X97Y14         CARRY4 (Prop_carry4_CI_CO[0])
                                                      0.271    41.503 r  u_alu/u_algorithm/u_div/y1__1017/CO[0]
                         net (fo=32, routed)          0.457    41.960    u_alu/u_algorithm/u_div/y1__1017_n_3
    SLICE_X100Y14        LUT5 (Prop_lut5_I3_O)        0.373    42.333 r  u_alu/u_algorithm/u_div/y1__1018_i_5/O
                         net (fo=1, routed)           0.402    42.736    u_alu/u_algorithm/u_div/y1__1018_i_5_n_0
    SLICE_X101Y13        CARRY4 (Prop_carry4_S[0]_CO[3])
                                                      0.656    43.392 r  u_alu/u_algorithm/u_div/y1__1018/CO[3]
                         net (fo=1, routed)           0.000    43.392    u_alu/u_algorithm/u_div/y1__1018_n_0
    SLICE_X101Y14        CARRY4 (Prop_carry4_CI_CO[3])
                                                      0.114    43.506 r  u_alu/u_algorithm/u_div/y1__1019/CO[3]
                         net (fo=1, routed)           0.000    43.506    u_alu/u_algorithm/u_div/y1__1019_n_0
    SLICE_X101Y15        CARRY4 (Prop_carry4_CI_CO[3])
                                                      0.114    43.620 r  u_alu/u_algorithm/u_div/y1__1020/CO[3]
                         net (fo=1, routed)           0.000    43.620    u_alu/u_algorithm/u_div/y1__1020_n_0
    SLICE_X101Y16        CARRY4 (Prop_carry4_CI_CO[3])
                                                      0.114    43.734 r  u_alu/u_algorithm/u_div/y1__1021/CO[3]
                         net (fo=1, routed)           0.000    43.734    u_alu/u_algorithm/u_div/y1__1021_n_0
    SLICE_X101Y17        CARRY4 (Prop_carry4_CI_CO[3])
                                                      0.114    43.848 r  u_alu/u_algorithm/u_div/y1__1022/CO[3]
                         net (fo=1, routed)           0.000    43.848    u_alu/u_algorithm/u_div/y1__1022_n_0
    SLICE_X101Y18        CARRY4 (Prop_carry4_CI_CO[3])
                                                      0.114    43.962 r  u_alu/u_algorithm/u_div/y1__1023/CO[3]
                         net (fo=1, routed)           0.000    43.962    u_alu/u_algorithm/u_div/y1__1023_n_0
    SLICE_X101Y19        CARRY4 (Prop_carry4_CI_CO[3])
                                                      0.114    44.076 r  u_alu/u_algorithm/u_div/y1__1024/CO[3]
                         net (fo=1, routed)           0.000    44.076    u_alu/u_algorithm/u_div/y1__1024_n_0
    SLICE_X101Y20        CARRY4 (Prop_carry4_CI_CO[0])
                                                      0.271    44.347 r  u_alu/u_algorithm/u_div/y1__1025/CO[0]
                         net (fo=32, routed)          0.826    45.173    u_alu/u_algorithm/u_div/y1__1025_n_3
    SLICE_X102Y19        LUT5 (Prop_lut5_I3_O)        0.373    45.546 r  u_alu/u_algorithm/u_div/y1__1026_i_5/O
                         net (fo=1, routed)           0.000    45.546    u_alu/u_algorithm/u_div/y1__1026_i_5_n_0
    SLICE_X102Y19        CARRY4 (Prop_carry4_S[0]_CO[3])
                                                      0.513    46.059 r  u_alu/u_algorithm/u_div/y1__1026/CO[3]
                         net (fo=1, routed)           0.000    46.059    u_alu/u_algorithm/u_div/y1__1026_n_0
    SLICE_X102Y20        CARRY4 (Prop_carry4_CI_CO[3])
                                                      0.117    46.176 r  u_alu/u_algorithm/u_div/y1__1027/CO[3]
                         net (fo=1, routed)           0.000    46.176    u_alu/u_algorithm/u_div/y1__1027_n_0
    SLICE_X102Y21        CARRY4 (Prop_carry4_CI_CO[3])
                                                      0.117    46.293 r  u_alu/u_algorithm/u_div/y1__1028/CO[3]
                         net (fo=1, routed)           0.000    46.293    u_alu/u_algorithm/u_div/y1__1028_n_0
    SLICE_X102Y22        CARRY4 (Prop_carry4_CI_CO[3])
                                                      0.117    46.410 r  u_alu/u_algorithm/u_div/y1__1029/CO[3]
                         net (fo=1, routed)           0.000    46.410    u_alu/u_algorithm/u_div/y1__1029_n_0
    SLICE_X102Y23        CARRY4 (Prop_carry4_CI_CO[3])
                                                      0.117    46.527 r  u_alu/u_algorithm/u_div/y1__1030/CO[3]
                         net (fo=1, routed)           0.000    46.527    u_alu/u_algorithm/u_div/y1__1030_n_0
    SLICE_X102Y24        CARRY4 (Prop_carry4_CI_CO[3])
                                                      0.117    46.644 r  u_alu/u_algorithm/u_div/y1__1031/CO[3]
                         net (fo=1, routed)           0.009    46.653    u_alu/u_algorithm/u_div/y1__1031_n_0
    SLICE_X102Y25        CARRY4 (Prop_carry4_CI_CO[3])
                                                      0.117    46.770 r  u_alu/u_algorithm/u_div/y1__1032/CO[3]
                         net (fo=1, routed)           0.000    46.770    u_alu/u_algorithm/u_div/y1__1032_n_0
    SLICE_X102Y26        CARRY4 (Prop_carry4_CI_CO[0])
                                                      0.254    47.024 r  u_alu/u_algorithm/u_div/y1__1033/CO[0]
                         net (fo=32, routed)          0.740    47.764    u_alu/u_algorithm/u_div/y1__1033_n_3
    SLICE_X103Y26        LUT5 (Prop_lut5_I3_O)        0.367    48.131 r  u_alu/u_algorithm/u_div/y1__1034_i_5/O
                         net (fo=1, routed)           0.000    48.131    u_alu/u_algorithm/u_div/y1__1034_i_5_n_0
    SLICE_X103Y26        CARRY4 (Prop_carry4_S[0]_CO[3])
                                                      0.532    48.663 r  u_alu/u_algorithm/u_div/y1__1034/CO[3]
                         net (fo=1, routed)           0.000    48.663    u_alu/u_algorithm/u_div/y1__1034_n_0
    SLICE_X103Y27        CARRY4 (Prop_carry4_CI_CO[3])
                                                      0.114    48.777 r  u_alu/u_algorithm/u_div/y1__1035/CO[3]
                         net (fo=1, routed)           0.000    48.777    u_alu/u_algorithm/u_div/y1__1035_n_0
    SLICE_X103Y28        CARRY4 (Prop_carry4_CI_CO[3])
                                                      0.114    48.891 r  u_alu/u_algorithm/u_div/y1__1036/CO[3]
                         net (fo=1, routed)           0.000    48.891    u_alu/u_algorithm/u_div/y1__1036_n_0
    SLICE_X103Y29        CARRY4 (Prop_carry4_CI_CO[3])
                                                      0.114    49.005 r  u_alu/u_algorithm/u_div/y1__1037/CO[3]
                         net (fo=1, routed)           0.000    49.005    u_alu/u_algorithm/u_div/y1__1037_n_0
    SLICE_X103Y30        CARRY4 (Prop_carry4_CI_CO[3])
                                                      0.114    49.119 r  u_alu/u_algorithm/u_div/y1__1038/CO[3]
                         net (fo=1, routed)           0.000    49.119    u_alu/u_algorithm/u_div/y1__1038_n_0
    SLICE_X103Y31        CARRY4 (Prop_carry4_CI_CO[3])
                                                      0.114    49.233 r  u_alu/u_algorithm/u_div/y1__1039/CO[3]
                         net (fo=1, routed)           0.000    49.233    u_alu/u_algorithm/u_div/y1__1039_n_0
    SLICE_X103Y32        CARRY4 (Prop_carry4_CI_CO[3])
                                                      0.114    49.347 r  u_alu/u_algorithm/u_div/y1__1040/CO[3]
                         net (fo=1, routed)           0.000    49.347    u_alu/u_algorithm/u_div/y1__1040_n_0
    SLICE_X103Y33        CARRY4 (Prop_carry4_CI_CO[0])
                                                      0.271    49.618 r  u_alu/u_algorithm/u_div/y1__1041/CO[0]
                         net (fo=32, routed)          0.528    50.146    u_alu/u_algorithm/u_div/y1__1041_n_3
    SLICE_X102Y33        LUT5 (Prop_lut5_I0_O)        0.373    50.519 r  u_alu/u_algorithm/u_div/y1__1042_i_4/O
                         net (fo=1, routed)           0.000    50.519    u_alu/u_algorithm/u_div/y1__1042_i_4_n_0
    SLICE_X102Y33        CARRY4 (Prop_carry4_S[1]_CO[3])
                                                      0.533    51.052 r  u_alu/u_algorithm/u_div/y1__1042/CO[3]
                         net (fo=1, routed)           0.000    51.052    u_alu/u_algorithm/u_div/y1__1042_n_0
    SLICE_X102Y34        CARRY4 (Prop_carry4_CI_CO[3])
                                                      0.117    51.169 r  u_alu/u_algorithm/u_div/y1__1043/CO[3]
                         net (fo=1, routed)           0.000    51.169    u_alu/u_algorithm/u_div/y1__1043_n_0
    SLICE_X102Y35        CARRY4 (Prop_carry4_CI_CO[3])
                                                      0.117    51.286 r  u_alu/u_algorithm/u_div/y1__1044/CO[3]
                         net (fo=1, routed)           0.000    51.286    u_alu/u_algorithm/u_div/y1__1044_n_0
    SLICE_X102Y36        CARRY4 (Prop_carry4_CI_CO[3])
                                                      0.117    51.403 r  u_alu/u_algorithm/u_div/y1__1045/CO[3]
                         net (fo=1, routed)           0.000    51.403    u_alu/u_algorithm/u_div/y1__1045_n_0
    SLICE_X102Y37        CARRY4 (Prop_carry4_CI_CO[3])
                                                      0.117    51.520 r  u_alu/u_algorithm/u_div/y1__1046/CO[3]
                         net (fo=1, routed)           0.000    51.520    u_alu/u_algorithm/u_div/y1__1046_n_0
    SLICE_X102Y38        CARRY4 (Prop_carry4_CI_CO[3])
                                                      0.117    51.637 r  u_alu/u_algorithm/u_div/y1__1047/CO[3]
                         net (fo=1, routed)           0.000    51.637    u_alu/u_algorithm/u_div/y1__1047_n_0
    SLICE_X102Y39        CARRY4 (Prop_carry4_CI_CO[3])
                                                      0.117    51.754 r  u_alu/u_algorithm/u_div/y1__1048/CO[3]
                         net (fo=1, routed)           0.000    51.754    u_alu/u_algorithm/u_div/y1__1048_n_0
    SLICE_X102Y40        CARRY4 (Prop_carry4_CI_CO[0])
                                                      0.254    52.008 r  u_alu/u_algorithm/u_div/y1__1049/CO[0]
                         net (fo=32, routed)          0.672    52.680    u_alu/u_algorithm/u_div/y1__1049_n_3
    SLICE_X103Y39        LUT5 (Prop_lut5_I3_O)        0.367    53.047 r  u_alu/u_algorithm/u_div/y1__1050_i_5/O
                         net (fo=1, routed)           0.000    53.047    u_alu/u_algorithm/u_div/y1__1050_i_5_n_0
    SLICE_X103Y39        CARRY4 (Prop_carry4_S[0]_CO[3])
                                                      0.532    53.579 r  u_alu/u_algorithm/u_div/y1__1050/CO[3]
                         net (fo=1, routed)           0.000    53.579    u_alu/u_algorithm/u_div/y1__1050_n_0
    SLICE_X103Y40        CARRY4 (Prop_carry4_CI_CO[3])
                                                      0.114    53.693 r  u_alu/u_algorithm/u_div/y1__1051/CO[3]
                         net (fo=1, routed)           0.000    53.693    u_alu/u_algorithm/u_div/y1__1051_n_0
    SLICE_X103Y41        CARRY4 (Prop_carry4_CI_CO[3])
                                                      0.114    53.807 r  u_alu/u_algorithm/u_div/y1__1052/CO[3]
                         net (fo=1, routed)           0.000    53.807    u_alu/u_algorithm/u_div/y1__1052_n_0
    SLICE_X103Y42        CARRY4 (Prop_carry4_CI_CO[3])
                                                      0.114    53.921 r  u_alu/u_algorithm/u_div/y1__1053/CO[3]
                         net (fo=1, routed)           0.000    53.921    u_alu/u_algorithm/u_div/y1__1053_n_0
    SLICE_X103Y43        CARRY4 (Prop_carry4_CI_CO[3])
                                                      0.114    54.035 r  u_alu/u_algorithm/u_div/y1__1054/CO[3]
                         net (fo=1, routed)           0.000    54.035    u_alu/u_algorithm/u_div/y1__1054_n_0
    SLICE_X103Y44        CARRY4 (Prop_carry4_CI_CO[3])
                                                      0.114    54.149 r  u_alu/u_algorithm/u_div/y1__1055/CO[3]
                         net (fo=1, routed)           0.000    54.149    u_alu/u_algorithm/u_div/y1__1055_n_0
    SLICE_X103Y45        CARRY4 (Prop_carry4_CI_CO[3])
                                                      0.114    54.263 r  u_alu/u_algorithm/u_div/y1__1056/CO[3]
                         net (fo=1, routed)           0.000    54.263    u_alu/u_algorithm/u_div/y1__1056_n_0
    SLICE_X103Y46        CARRY4 (Prop_carry4_CI_CO[0])
                                                      0.271    54.534 r  u_alu/u_algorithm/u_div/y1__1057/CO[0]
                         net (fo=34, routed)          0.528    55.061    u_alu/u_algorithm/u_div/y10_in[15]
    SLICE_X102Y46        LUT5 (Prop_lut5_I0_O)        0.373    55.434 r  u_alu/u_algorithm/u_div/y1__1058_i_4/O
                         net (fo=1, routed)           0.000    55.434    u_alu/u_algorithm/u_div/y1__1058_i_4_n_0
    SLICE_X102Y46        CARRY4 (Prop_carry4_S[1]_CO[3])
                                                      0.533    55.967 r  u_alu/u_algorithm/u_div/y1__1058/CO[3]
                         net (fo=1, routed)           0.000    55.967    u_alu/u_algorithm/u_div/y1__1058_n_0
    SLICE_X102Y47        CARRY4 (Prop_carry4_CI_CO[3])
                                                      0.117    56.084 r  u_alu/u_algorithm/u_div/y1__1059/CO[3]
                         net (fo=1, routed)           0.000    56.084    u_alu/u_algorithm/u_div/y1__1059_n_0
    SLICE_X102Y48        CARRY4 (Prop_carry4_CI_CO[3])
                                                      0.117    56.201 r  u_alu/u_algorithm/u_div/y1__1060/CO[3]
                         net (fo=1, routed)           0.000    56.201    u_alu/u_algorithm/u_div/y1__1060_n_0
    SLICE_X102Y49        CARRY4 (Prop_carry4_CI_CO[3])
                                                      0.117    56.318 r  u_alu/u_algorithm/u_div/y1__1061/CO[3]
                         net (fo=1, routed)           0.001    56.319    u_alu/u_algorithm/u_div/y1__1061_n_0
    SLICE_X102Y50        CARRY4 (Prop_carry4_CI_CO[3])
                                                      0.117    56.436 r  u_alu/u_algorithm/u_div/y1__1062/CO[3]
                         net (fo=1, routed)           0.000    56.436    u_alu/u_algorithm/u_div/y1__1062_n_0
    SLICE_X102Y51        CARRY4 (Prop_carry4_CI_CO[3])
                                                      0.117    56.553 r  u_alu/u_algorithm/u_div/y1__1063/CO[3]
                         net (fo=1, routed)           0.000    56.553    u_alu/u_algorithm/u_div/y1__1063_n_0
    SLICE_X102Y52        CARRY4 (Prop_carry4_CI_CO[3])
                                                      0.117    56.670 r  u_alu/u_algorithm/u_div/y1__1064/CO[3]
                         net (fo=1, routed)           0.000    56.670    u_alu/u_algorithm/u_div/y1__1064_n_0
    SLICE_X102Y53        CARRY4 (Prop_carry4_CI_CO[0])
                                                      0.254    56.924 r  u_alu/u_algorithm/u_div/y1__1065/CO[0]
                         net (fo=34, routed)          0.771    57.695    u_alu/u_algorithm/u_div/y10_in[14]
    SLICE_X103Y53        LUT5 (Prop_lut5_I3_O)        0.367    58.062 r  u_alu/u_algorithm/u_div/y1__1066_i_5/O
                         net (fo=1, routed)           0.000    58.062    u_alu/u_algorithm/u_div/y1__1066_i_5_n_0
    SLICE_X103Y53        CARRY4 (Prop_carry4_S[0]_CO[3])
                                                      0.532    58.594 r  u_alu/u_algorithm/u_div/y1__1066/CO[3]
                         net (fo=1, routed)           0.000    58.594    u_alu/u_algorithm/u_div/y1__1066_n_0
    SLICE_X103Y54        CARRY4 (Prop_carry4_CI_CO[3])
                                                      0.114    58.708 r  u_alu/u_algorithm/u_div/y1__1067/CO[3]
                         net (fo=1, routed)           0.000    58.708    u_alu/u_algorithm/u_div/y1__1067_n_0
    SLICE_X103Y55        CARRY4 (Prop_carry4_CI_CO[3])
                                                      0.114    58.822 r  u_alu/u_algorithm/u_div/y1__1068/CO[3]
                         net (fo=1, routed)           0.000    58.822    u_alu/u_algorithm/u_div/y1__1068_n_0
    SLICE_X103Y56        CARRY4 (Prop_carry4_CI_CO[3])
                                                      0.114    58.936 r  u_alu/u_algorithm/u_div/y1__1069/CO[3]
                         net (fo=1, routed)           0.000    58.936    u_alu/u_algorithm/u_div/y1__1069_n_0
    SLICE_X103Y57        CARRY4 (Prop_carry4_CI_CO[3])
                                                      0.114    59.050 r  u_alu/u_algorithm/u_div/y1__1070/CO[3]
                         net (fo=1, routed)           0.000    59.050    u_alu/u_algorithm/u_div/y1__1070_n_0
    SLICE_X103Y58        CARRY4 (Prop_carry4_CI_CO[3])
                                                      0.114    59.164 r  u_alu/u_algorithm/u_div/y1__1071/CO[3]
                         net (fo=1, routed)           0.000    59.164    u_alu/u_algorithm/u_div/y1__1071_n_0
    SLICE_X103Y59        CARRY4 (Prop_carry4_CI_CO[3])
                                                      0.114    59.278 r  u_alu/u_algorithm/u_div/y1__1072/CO[3]
                         net (fo=1, routed)           0.000    59.278    u_alu/u_algorithm/u_div/y1__1072_n_0
    SLICE_X103Y60        CARRY4 (Prop_carry4_CI_CO[0])
                                                      0.271    59.549 r  u_alu/u_algorithm/u_div/y1__1073/CO[0]
                         net (fo=34, routed)          0.680    60.228    u_alu/u_algorithm/u_div/y10_in[13]
    SLICE_X102Y59        LUT5 (Prop_lut5_I3_O)        0.373    60.601 r  u_alu/u_algorithm/u_div/y1__1074_i_5/O
                         net (fo=1, routed)           0.000    60.601    u_alu/u_algorithm/u_div/y1__1074_i_5_n_0
    SLICE_X102Y59        CARRY4 (Prop_carry4_S[0]_CO[3])
                                                      0.513    61.114 r  u_alu/u_algorithm/u_div/y1__1074/CO[3]
                         net (fo=1, routed)           0.000    61.114    u_alu/u_algorithm/u_div/y1__1074_n_0
    SLICE_X102Y60        CARRY4 (Prop_carry4_CI_CO[3])
                                                      0.117    61.231 r  u_alu/u_algorithm/u_div/y1__1075/CO[3]
                         net (fo=1, routed)           0.000    61.231    u_alu/u_algorithm/u_div/y1__1075_n_0
    SLICE_X102Y61        CARRY4 (Prop_carry4_CI_CO[3])
                                                      0.117    61.348 r  u_alu/u_algorithm/u_div/y1__1076/CO[3]
                         net (fo=1, routed)           0.000    61.348    u_alu/u_algorithm/u_div/y1__1076_n_0
    SLICE_X102Y62        CARRY4 (Prop_carry4_CI_CO[3])
                                                      0.117    61.465 r  u_alu/u_algorithm/u_div/y1__1077/CO[3]
                         net (fo=1, routed)           0.000    61.465    u_alu/u_algorithm/u_div/y1__1077_n_0
    SLICE_X102Y63        CARRY4 (Prop_carry4_CI_CO[3])
                                                      0.117    61.582 r  u_alu/u_algorithm/u_div/y1__1078/CO[3]
                         net (fo=1, routed)           0.000    61.582    u_alu/u_algorithm/u_div/y1__1078_n_0
    SLICE_X102Y64        CARRY4 (Prop_carry4_CI_CO[3])
                                                      0.117    61.699 r  u_alu/u_algorithm/u_div/y1__1079/CO[3]
                         net (fo=1, routed)           0.000    61.699    u_alu/u_algorithm/u_div/y1__1079_n_0
    SLICE_X102Y65        CARRY4 (Prop_carry4_CI_CO[3])
                                                      0.117    61.816 r  u_alu/u_algorithm/u_div/y1__1080/CO[3]
                         net (fo=1, routed)           0.000    61.816    u_alu/u_algorithm/u_div/y1__1080_n_0
    SLICE_X102Y66        CARRY4 (Prop_carry4_CI_CO[0])
                                                      0.254    62.070 r  u_alu/u_algorithm/u_div/y1__1081/CO[0]
                         net (fo=34, routed)          0.733    62.804    u_alu/u_algorithm/u_div/y10_in[12]
    SLICE_X103Y66        LUT5 (Prop_lut5_I3_O)        0.367    63.171 r  u_alu/u_algorithm/u_div/y1__1082_i_5/O
                         net (fo=1, routed)           0.000    63.171    u_alu/u_algorithm/u_div/y1__1082_i_5_n_0
    SLICE_X103Y66        CARRY4 (Prop_carry4_S[0]_CO[3])
                                                      0.532    63.703 r  u_alu/u_algorithm/u_div/y1__1082/CO[3]
                         net (fo=1, routed)           0.000    63.703    u_alu/u_algorithm/u_div/y1__1082_n_0
    SLICE_X103Y67        CARRY4 (Prop_carry4_CI_CO[3])
                                                      0.114    63.817 r  u_alu/u_algorithm/u_div/y1__1083/CO[3]
                         net (fo=1, routed)           0.000    63.817    u_alu/u_algorithm/u_div/y1__1083_n_0
    SLICE_X103Y68        CARRY4 (Prop_carry4_CI_CO[3])
                                                      0.114    63.931 r  u_alu/u_algorithm/u_div/y1__1084/CO[3]
                         net (fo=1, routed)           0.000    63.931    u_alu/u_algorithm/u_div/y1__1084_n_0
    SLICE_X103Y69        CARRY4 (Prop_carry4_CI_CO[3])
                                                      0.114    64.045 r  u_alu/u_algorithm/u_div/y1__1085/CO[3]
                         net (fo=1, routed)           0.000    64.045    u_alu/u_algorithm/u_div/y1__1085_n_0
    SLICE_X103Y70        CARRY4 (Prop_carry4_CI_CO[3])
                                                      0.114    64.159 r  u_alu/u_algorithm/u_div/y1__1086/CO[3]
                         net (fo=1, routed)           0.000    64.159    u_alu/u_algorithm/u_div/y1__1086_n_0
    SLICE_X103Y71        CARRY4 (Prop_carry4_CI_CO[3])
                                                      0.114    64.273 r  u_alu/u_algorithm/u_div/y1__1087/CO[3]
                         net (fo=1, routed)           0.000    64.273    u_alu/u_algorithm/u_div/y1__1087_n_0
    SLICE_X103Y72        CARRY4 (Prop_carry4_CI_CO[3])
                                                      0.114    64.387 r  u_alu/u_algorithm/u_div/y1__1088/CO[3]
                         net (fo=1, routed)           0.000    64.387    u_alu/u_algorithm/u_div/y1__1088_n_0
    SLICE_X103Y73        CARRY4 (Prop_carry4_CI_CO[0])
                                                      0.271    64.658 r  u_alu/u_algorithm/u_div/y1__1089/CO[0]
                         net (fo=34, routed)          0.528    65.185    u_alu/u_algorithm/u_div/y10_in[11]
    SLICE_X102Y73        LUT5 (Prop_lut5_I0_O)        0.373    65.558 r  u_alu/u_algorithm/u_div/y1__1090_i_4/O
                         net (fo=1, routed)           0.000    65.558    u_alu/u_algorithm/u_div/y1__1090_i_4_n_0
    SLICE_X102Y73        CARRY4 (Prop_carry4_S[1]_CO[3])
                                                      0.533    66.091 r  u_alu/u_algorithm/u_div/y1__1090/CO[3]
                         net (fo=1, routed)           0.000    66.091    u_alu/u_algorithm/u_div/y1__1090_n_0
    SLICE_X102Y74        CARRY4 (Prop_carry4_CI_CO[3])
                                                      0.117    66.208 r  u_alu/u_algorithm/u_div/y1__1091/CO[3]
                         net (fo=1, routed)           0.009    66.217    u_alu/u_algorithm/u_div/y1__1091_n_0
    SLICE_X102Y75        CARRY4 (Prop_carry4_CI_CO[3])
                                                      0.117    66.334 r  u_alu/u_algorithm/u_div/y1__1092/CO[3]
                         net (fo=1, routed)           0.000    66.334    u_alu/u_algorithm/u_div/y1__1092_n_0
    SLICE_X102Y76        CARRY4 (Prop_carry4_CI_CO[3])
                                                      0.117    66.451 r  u_alu/u_algorithm/u_div/y1__1093/CO[3]
                         net (fo=1, routed)           0.000    66.451    u_alu/u_algorithm/u_div/y1__1093_n_0
    SLICE_X102Y77        CARRY4 (Prop_carry4_CI_CO[3])
                                                      0.117    66.568 r  u_alu/u_algorithm/u_div/y1__1094/CO[3]
                         net (fo=1, routed)           0.000    66.568    u_alu/u_algorithm/u_div/y1__1094_n_0
    SLICE_X102Y78        CARRY4 (Prop_carry4_CI_CO[3])
                                                      0.117    66.685 r  u_alu/u_algorithm/u_div/y1__1095/CO[3]
                         net (fo=1, routed)           0.000    66.685    u_alu/u_algorithm/u_div/y1__1095_n_0
    SLICE_X102Y79        CARRY4 (Prop_carry4_CI_CO[3])
                                                      0.117    66.802 r  u_alu/u_algorithm/u_div/y1__1096/CO[3]
                         net (fo=1, routed)           0.000    66.802    u_alu/u_algorithm/u_div/y1__1096_n_0
    SLICE_X102Y80        CARRY4 (Prop_carry4_CI_CO[0])
                                                      0.254    67.056 r  u_alu/u_algorithm/u_div/y1__1097/CO[0]
                         net (fo=34, routed)          0.650    67.706    u_alu/u_algorithm/u_div/y10_in[10]
    SLICE_X103Y79        LUT5 (Prop_lut5_I3_O)        0.367    68.073 r  u_alu/u_algorithm/u_div/y1__1098_i_5/O
                         net (fo=1, routed)           0.000    68.073    u_alu/u_algorithm/u_div/y1__1098_i_5_n_0
    SLICE_X103Y79        CARRY4 (Prop_carry4_S[0]_CO[3])
                                                      0.532    68.605 r  u_alu/u_algorithm/u_div/y1__1098/CO[3]
                         net (fo=1, routed)           0.000    68.605    u_alu/u_algorithm/u_div/y1__1098_n_0
    SLICE_X103Y80        CARRY4 (Prop_carry4_CI_CO[3])
                                                      0.114    68.719 r  u_alu/u_algorithm/u_div/y1__1099/CO[3]
                         net (fo=1, routed)           0.000    68.719    u_alu/u_algorithm/u_div/y1__1099_n_0
    SLICE_X103Y81        CARRY4 (Prop_carry4_CI_CO[3])
                                                      0.114    68.833 r  u_alu/u_algorithm/u_div/y1__1100/CO[3]
                         net (fo=1, routed)           0.000    68.833    u_alu/u_algorithm/u_div/y1__1100_n_0
    SLICE_X103Y82        CARRY4 (Prop_carry4_CI_CO[3])
                                                      0.114    68.947 r  u_alu/u_algorithm/u_div/y1__1101/CO[3]
                         net (fo=1, routed)           0.000    68.947    u_alu/u_algorithm/u_div/y1__1101_n_0
    SLICE_X103Y83        CARRY4 (Prop_carry4_CI_CO[3])
                                                      0.114    69.061 r  u_alu/u_algorithm/u_div/y1__1102/CO[3]
                         net (fo=1, routed)           0.000    69.061    u_alu/u_algorithm/u_div/y1__1102_n_0
    SLICE_X103Y84        CARRY4 (Prop_carry4_CI_CO[3])
                                                      0.114    69.175 r  u_alu/u_algorithm/u_div/y1__1103/CO[3]
                         net (fo=1, routed)           0.000    69.175    u_alu/u_algorithm/u_div/y1__1103_n_0
    SLICE_X103Y85        CARRY4 (Prop_carry4_CI_CO[3])
                                                      0.114    69.289 r  u_alu/u_algorithm/u_div/y1__1104/CO[3]
                         net (fo=1, routed)           0.000    69.289    u_alu/u_algorithm/u_div/y1__1104_n_0
    SLICE_X103Y86        CARRY4 (Prop_carry4_CI_CO[0])
                                                      0.271    69.560 r  u_alu/u_algorithm/u_div/y1__1105/CO[0]
                         net (fo=34, routed)          0.545    70.105    u_alu/u_algorithm/u_div/y10_in[9]
    SLICE_X102Y86        LUT5 (Prop_lut5_I0_O)        0.373    70.478 r  u_alu/u_algorithm/u_div/y1__1106_i_4/O
                         net (fo=1, routed)           0.000    70.478    u_alu/u_algorithm/u_div/y1__1106_i_4_n_0
    SLICE_X102Y86        CARRY4 (Prop_carry4_S[1]_CO[3])
                                                      0.533    71.011 r  u_alu/u_algorithm/u_div/y1__1106/CO[3]
                         net (fo=1, routed)           0.000    71.011    u_alu/u_algorithm/u_div/y1__1106_n_0
    SLICE_X102Y87        CARRY4 (Prop_carry4_CI_CO[3])
                                                      0.117    71.128 r  u_alu/u_algorithm/u_div/y1__1107/CO[3]
                         net (fo=1, routed)           0.000    71.128    u_alu/u_algorithm/u_div/y1__1107_n_0
    SLICE_X102Y88        CARRY4 (Prop_carry4_CI_CO[3])
                                                      0.117    71.245 r  u_alu/u_algorithm/u_div/y1__1108/CO[3]
                         net (fo=1, routed)           0.000    71.245    u_alu/u_algorithm/u_div/y1__1108_n_0
    SLICE_X102Y89        CARRY4 (Prop_carry4_CI_CO[3])
                                                      0.117    71.362 r  u_alu/u_algorithm/u_div/y1__1109/CO[3]
                         net (fo=1, routed)           0.000    71.362    u_alu/u_algorithm/u_div/y1__1109_n_0
    SLICE_X102Y90        CARRY4 (Prop_carry4_CI_CO[3])
                                                      0.117    71.479 r  u_alu/u_algorithm/u_div/y1__1110/CO[3]
                         net (fo=1, routed)           0.000    71.479    u_alu/u_algorithm/u_div/y1__1110_n_0
    SLICE_X102Y91        CARRY4 (Prop_carry4_CI_CO[3])
                                                      0.117    71.595 r  u_alu/u_algorithm/u_div/y1__1111/CO[3]
                         net (fo=1, routed)           0.000    71.595    u_alu/u_algorithm/u_div/y1__1111_n_0
    SLICE_X102Y92        CARRY4 (Prop_carry4_CI_CO[3])
                                                      0.117    71.712 r  u_alu/u_algorithm/u_div/y1__1112/CO[3]
                         net (fo=1, routed)           0.000    71.712    u_alu/u_algorithm/u_div/y1__1112_n_0
    SLICE_X102Y93        CARRY4 (Prop_carry4_CI_CO[0])
                                                      0.254    71.966 r  u_alu/u_algorithm/u_div/y1__1113/CO[0]
                         net (fo=34, routed)          0.735    72.701    u_alu/u_algorithm/u_div/y10_in[8]
    SLICE_X103Y93        LUT5 (Prop_lut5_I3_O)        0.367    73.068 r  u_alu/u_algorithm/u_div/y1__1114_i_5/O
                         net (fo=1, routed)           0.000    73.068    u_alu/u_algorithm/u_div/y1__1114_i_5_n_0
    SLICE_X103Y93        CARRY4 (Prop_carry4_S[0]_CO[3])
                                                      0.532    73.600 r  u_alu/u_algorithm/u_div/y1__1114/CO[3]
                         net (fo=1, routed)           0.000    73.600    u_alu/u_algorithm/u_div/y1__1114_n_0
    SLICE_X103Y94        CARRY4 (Prop_carry4_CI_CO[3])
                                                      0.114    73.714 r  u_alu/u_algorithm/u_div/y1__1115/CO[3]
                         net (fo=1, routed)           0.000    73.714    u_alu/u_algorithm/u_div/y1__1115_n_0
    SLICE_X103Y95        CARRY4 (Prop_carry4_CI_CO[3])
                                                      0.114    73.828 r  u_alu/u_algorithm/u_div/y1__1116/CO[3]
                         net (fo=1, routed)           0.000    73.828    u_alu/u_algorithm/u_div/y1__1116_n_0
    SLICE_X103Y96        CARRY4 (Prop_carry4_CI_CO[3])
                                                      0.114    73.942 r  u_alu/u_algorithm/u_div/y1__1117/CO[3]
                         net (fo=1, routed)           0.000    73.942    u_alu/u_algorithm/u_div/y1__1117_n_0
    SLICE_X103Y97        CARRY4 (Prop_carry4_CI_CO[3])
                                                      0.114    74.056 r  u_alu/u_algorithm/u_div/y1__1118/CO[3]
                         net (fo=1, routed)           0.000    74.056    u_alu/u_algorithm/u_div/y1__1118_n_0
    SLICE_X103Y98        CARRY4 (Prop_carry4_CI_CO[3])
                                                      0.114    74.170 r  u_alu/u_algorithm/u_div/y1__1119/CO[3]
                         net (fo=1, routed)           0.000    74.170    u_alu/u_algorithm/u_div/y1__1119_n_0
    SLICE_X103Y99        CARRY4 (Prop_carry4_CI_CO[3])
                                                      0.114    74.284 r  u_alu/u_algorithm/u_div/y1__1120/CO[3]
                         net (fo=1, routed)           0.001    74.285    u_alu/u_algorithm/u_div/y1__1120_n_0
    SLICE_X103Y100       CARRY4 (Prop_carry4_CI_CO[0])
                                                      0.271    74.556 r  u_alu/u_algorithm/u_div/y1__1121/CO[0]
                         net (fo=34, routed)          0.731    75.287    u_alu/u_algorithm/u_div/y10_in[7]
    SLICE_X102Y100       LUT5 (Prop_lut5_I0_O)        0.373    75.660 r  u_alu/u_algorithm/u_div/y1__1122_i_4/O
                         net (fo=1, routed)           0.000    75.660    u_alu/u_algorithm/u_div/y1__1122_i_4_n_0
    SLICE_X102Y100       CARRY4 (Prop_carry4_S[1]_CO[3])
                                                      0.533    76.193 r  u_alu/u_algorithm/u_div/y1__1122/CO[3]
                         net (fo=1, routed)           0.000    76.193    u_alu/u_algorithm/u_div/y1__1122_n_0
    SLICE_X102Y101       CARRY4 (Prop_carry4_CI_CO[3])
                                                      0.117    76.310 r  u_alu/u_algorithm/u_div/y1__1123/CO[3]
                         net (fo=1, routed)           0.000    76.310    u_alu/u_algorithm/u_div/y1__1123_n_0
    SLICE_X102Y102       CARRY4 (Prop_carry4_CI_CO[3])
                                                      0.117    76.427 r  u_alu/u_algorithm/u_div/y1__1124/CO[3]
                         net (fo=1, routed)           0.000    76.427    u_alu/u_algorithm/u_div/y1__1124_n_0
    SLICE_X102Y103       CARRY4 (Prop_carry4_CI_CO[3])
                                                      0.117    76.544 r  u_alu/u_algorithm/u_div/y1__1125/CO[3]
                         net (fo=1, routed)           0.000    76.544    u_alu/u_algorithm/u_div/y1__1125_n_0
    SLICE_X102Y104       CARRY4 (Prop_carry4_CI_CO[3])
                                                      0.117    76.661 r  u_alu/u_algorithm/u_div/y1__1126/CO[3]
                         net (fo=1, routed)           0.000    76.661    u_alu/u_algorithm/u_div/y1__1126_n_0
    SLICE_X102Y105       CARRY4 (Prop_carry4_CI_CO[3])
                                                      0.117    76.778 r  u_alu/u_algorithm/u_div/y1__1127/CO[3]
                         net (fo=1, routed)           0.000    76.778    u_alu/u_algorithm/u_div/y1__1127_n_0
    SLICE_X102Y106       CARRY4 (Prop_carry4_CI_CO[3])
                                                      0.117    76.895 r  u_alu/u_algorithm/u_div/y1__1128/CO[3]
                         net (fo=1, routed)           0.000    76.895    u_alu/u_algorithm/u_div/y1__1128_n_0
    SLICE_X102Y107       CARRY4 (Prop_carry4_CI_CO[0])
                                                      0.254    77.149 r  u_alu/u_algorithm/u_div/y1__1129/CO[0]
                         net (fo=33, routed)          0.660    77.809    u_alu/u_algorithm/u_div/y10_in[6]
    SLICE_X103Y106       LUT5 (Prop_lut5_I3_O)        0.367    78.176 r  u_alu/u_algorithm/u_div/y1__1130_i_5/O
                         net (fo=1, routed)           0.000    78.176    u_alu/u_algorithm/u_div/y1__1130_i_5_n_0
    SLICE_X103Y106       CARRY4 (Prop_carry4_S[0]_CO[3])
                                                      0.532    78.708 r  u_alu/u_algorithm/u_div/y1__1130/CO[3]
                         net (fo=1, routed)           0.000    78.708    u_alu/u_algorithm/u_div/y1__1130_n_0
    SLICE_X103Y107       CARRY4 (Prop_carry4_CI_CO[3])
                                                      0.114    78.822 r  u_alu/u_algorithm/u_div/y1__1131/CO[3]
                         net (fo=1, routed)           0.000    78.822    u_alu/u_algorithm/u_div/y1__1131_n_0
    SLICE_X103Y108       CARRY4 (Prop_carry4_CI_CO[3])
                                                      0.114    78.936 r  u_alu/u_algorithm/u_div/y1__1132/CO[3]
                         net (fo=1, routed)           0.000    78.936    u_alu/u_algorithm/u_div/y1__1132_n_0
    SLICE_X103Y109       CARRY4 (Prop_carry4_CI_CO[3])
                                                      0.114    79.050 r  u_alu/u_algorithm/u_div/y1__1133/CO[3]
                         net (fo=1, routed)           0.000    79.050    u_alu/u_algorithm/u_div/y1__1133_n_0
    SLICE_X103Y110       CARRY4 (Prop_carry4_CI_CO[3])
                                                      0.114    79.164 r  u_alu/u_algorithm/u_div/y1__1134/CO[3]
                         net (fo=1, routed)           0.000    79.164    u_alu/u_algorithm/u_div/y1__1134_n_0
    SLICE_X103Y111       CARRY4 (Prop_carry4_CI_CO[3])
                                                      0.114    79.278 r  u_alu/u_algorithm/u_div/y1__1135/CO[3]
                         net (fo=1, routed)           0.000    79.278    u_alu/u_algorithm/u_div/y1__1135_n_0
    SLICE_X103Y112       CARRY4 (Prop_carry4_CI_CO[3])
                                                      0.114    79.392 r  u_alu/u_algorithm/u_div/y1__1136/CO[3]
                         net (fo=1, routed)           0.000    79.392    u_alu/u_algorithm/u_div/y1__1136_n_0
    SLICE_X103Y113       CARRY4 (Prop_carry4_CI_CO[0])
                                                      0.271    79.663 r  u_alu/u_algorithm/u_div/y1__1137/CO[0]
                         net (fo=33, routed)          0.644    80.307    u_alu/u_algorithm/u_div/y10_in[5]
    SLICE_X104Y112       CARRY4 (Prop_carry4_CYINIT_CO[3])
                                                      0.844    81.151 r  u_alu/u_algorithm/u_div/y1__1138/CO[3]
                         net (fo=1, routed)           0.000    81.151    u_alu/u_algorithm/u_div/y1__1138_n_0
    SLICE_X104Y113       CARRY4 (Prop_carry4_CI_CO[3])
                                                      0.117    81.268 r  u_alu/u_algorithm/u_div/y1__1139/CO[3]
                         net (fo=1, routed)           0.000    81.268    u_alu/u_algorithm/u_div/y1__1139_n_0
    SLICE_X104Y114       CARRY4 (Prop_carry4_CI_CO[3])
                                                      0.117    81.385 r  u_alu/u_algorithm/u_div/y1__1140/CO[3]
                         net (fo=1, routed)           0.000    81.385    u_alu/u_algorithm/u_div/y1__1140_n_0
    SLICE_X104Y115       CARRY4 (Prop_carry4_CI_CO[3])
                                                      0.117    81.502 r  u_alu/u_algorithm/u_div/y1__1141/CO[3]
                         net (fo=1, routed)           0.000    81.502    u_alu/u_algorithm/u_div/y1__1141_n_0
    SLICE_X104Y116       CARRY4 (Prop_carry4_CI_CO[3])
                                                      0.117    81.619 r  u_alu/u_algorithm/u_div/y1__1142/CO[3]
                         net (fo=1, routed)           0.000    81.619    u_alu/u_algorithm/u_div/y1__1142_n_0
    SLICE_X104Y117       CARRY4 (Prop_carry4_CI_CO[3])
                                                      0.117    81.736 r  u_alu/u_algorithm/u_div/y1__1143/CO[3]
                         net (fo=1, routed)           0.000    81.736    u_alu/u_algorithm/u_div/y1__1143_n_0
    SLICE_X104Y118       CARRY4 (Prop_carry4_CI_CO[3])
                                                      0.117    81.853 r  u_alu/u_algorithm/u_div/y1__1144/CO[3]
                         net (fo=1, routed)           0.000    81.853    u_alu/u_algorithm/u_div/y1__1144_n_0
    SLICE_X104Y119       CARRY4 (Prop_carry4_CI_CO[1])
                                                      0.157    82.010 r  u_alu/u_algorithm/u_div/y1__1145/CO[1]
                         net (fo=34, routed)          0.729    82.739    u_alu/u_algorithm/u_div/y10_in[4]
    SLICE_X103Y119       LUT4 (Prop_lut4_I3_O)        0.332    83.071 r  u_alu/u_algorithm/u_div/y1__1146_i_4/O
                         net (fo=1, routed)           0.000    83.071    u_alu/u_algorithm/u_div/y1__1146_i_4_n_0
    SLICE_X103Y119       CARRY4 (Prop_carry4_S[1]_CO[3])
                                                      0.550    83.621 r  u_alu/u_algorithm/u_div/y1__1146/CO[3]
                         net (fo=1, routed)           0.000    83.621    u_alu/u_algorithm/u_div/y1__1146_n_0
    SLICE_X103Y120       CARRY4 (Prop_carry4_CI_CO[3])
                                                      0.114    83.735 r  u_alu/u_algorithm/u_div/y1__1147/CO[3]
                         net (fo=1, routed)           0.000    83.735    u_alu/u_algorithm/u_div/y1__1147_n_0
    SLICE_X103Y121       CARRY4 (Prop_carry4_CI_CO[3])
                                                      0.114    83.849 r  u_alu/u_algorithm/u_div/y1__1148/CO[3]
                         net (fo=1, routed)           0.000    83.849    u_alu/u_algorithm/u_div/y1__1148_n_0
    SLICE_X103Y122       CARRY4 (Prop_carry4_CI_CO[3])
                                                      0.114    83.963 r  u_alu/u_algorithm/u_div/y1__1149/CO[3]
                         net (fo=1, routed)           0.000    83.963    u_alu/u_algorithm/u_div/y1__1149_n_0
    SLICE_X103Y123       CARRY4 (Prop_carry4_CI_CO[3])
                                                      0.114    84.077 r  u_alu/u_algorithm/u_div/y1__1150/CO[3]
                         net (fo=1, routed)           0.000    84.077    u_alu/u_algorithm/u_div/y1__1150_n_0
    SLICE_X103Y124       CARRY4 (Prop_carry4_CI_CO[3])
                                                      0.114    84.191 r  u_alu/u_algorithm/u_div/y1__1151/CO[3]
                         net (fo=1, routed)           0.009    84.200    u_alu/u_algorithm/u_div/y1__1151_n_0
    SLICE_X103Y125       CARRY4 (Prop_carry4_CI_CO[3])
                                                      0.114    84.314 r  u_alu/u_algorithm/u_div/y1__1152/CO[3]
                         net (fo=1, routed)           0.000    84.314    u_alu/u_algorithm/u_div/y1__1152_n_0
    SLICE_X103Y126       CARRY4 (Prop_carry4_CI_CO[1])
                                                      0.157    84.471 r  u_alu/u_algorithm/u_div/y1__1153/CO[1]
                         net (fo=34, routed)          0.699    85.170    u_alu/u_algorithm/u_div/y10_in[3]
    SLICE_X102Y126       LUT4 (Prop_lut4_I3_O)        0.329    85.499 r  u_alu/u_algorithm/u_div/y1__1154_i_4/O
                         net (fo=1, routed)           0.000    85.499    u_alu/u_algorithm/u_div/y1__1154_i_4_n_0
    SLICE_X102Y126       CARRY4 (Prop_carry4_S[1]_CO[3])
                                                      0.533    86.032 r  u_alu/u_algorithm/u_div/y1__1154/CO[3]
                         net (fo=1, routed)           0.000    86.032    u_alu/u_algorithm/u_div/y1__1154_n_0
    SLICE_X102Y127       CARRY4 (Prop_carry4_CI_CO[3])
                                                      0.117    86.149 r  u_alu/u_algorithm/u_div/y1__1155/CO[3]
                         net (fo=1, routed)           0.000    86.149    u_alu/u_algorithm/u_div/y1__1155_n_0
    SLICE_X102Y128       CARRY4 (Prop_carry4_CI_CO[3])
                                                      0.117    86.266 r  u_alu/u_algorithm/u_div/y1__1156/CO[3]
                         net (fo=1, routed)           0.000    86.266    u_alu/u_algorithm/u_div/y1__1156_n_0
    SLICE_X102Y129       CARRY4 (Prop_carry4_CI_CO[3])
                                                      0.117    86.383 r  u_alu/u_algorithm/u_div/y1__1157/CO[3]
                         net (fo=1, routed)           0.000    86.383    u_alu/u_algorithm/u_div/y1__1157_n_0
    SLICE_X102Y130       CARRY4 (Prop_carry4_CI_CO[3])
                                                      0.117    86.500 r  u_alu/u_algorithm/u_div/y1__1158/CO[3]
                         net (fo=1, routed)           0.000    86.500    u_alu/u_algorithm/u_div/y1__1158_n_0
    SLICE_X102Y131       CARRY4 (Prop_carry4_CI_CO[3])
                                                      0.117    86.617 r  u_alu/u_algorithm/u_div/y1__1159/CO[3]
                         net (fo=1, routed)           0.000    86.617    u_alu/u_algorithm/u_div/y1__1159_n_0
    SLICE_X102Y132       CARRY4 (Prop_carry4_CI_CO[3])
                                                      0.117    86.734 r  u_alu/u_algorithm/u_div/y1__1160/CO[3]
                         net (fo=1, routed)           0.000    86.734    u_alu/u_algorithm/u_div/y1__1160_n_0
    SLICE_X102Y133       CARRY4 (Prop_carry4_CI_CO[1])
                                                      0.157    86.891 r  u_alu/u_algorithm/u_div/y1__1161/CO[1]
                         net (fo=34, routed)          0.701    87.592    u_alu/u_algorithm/u_div/y10_in[2]
    SLICE_X103Y131       LUT4 (Prop_lut4_I3_O)        0.332    87.924 r  u_alu/u_algorithm/u_div/y1__1162_i_4/O
                         net (fo=1, routed)           0.000    87.924    u_alu/u_algorithm/u_div/y1__1162_i_4_n_0
    SLICE_X103Y131       CARRY4 (Prop_carry4_S[1]_CO[3])
                                                      0.550    88.474 r  u_alu/u_algorithm/u_div/y1__1162/CO[3]
                         net (fo=1, routed)           0.000    88.474    u_alu/u_algorithm/u_div/y1__1162_n_0
    SLICE_X103Y132       CARRY4 (Prop_carry4_CI_CO[3])
                                                      0.114    88.588 r  u_alu/u_algorithm/u_div/y1__1163/CO[3]
                         net (fo=1, routed)           0.000    88.588    u_alu/u_algorithm/u_div/y1__1163_n_0
    SLICE_X103Y133       CARRY4 (Prop_carry4_CI_CO[3])
                                                      0.114    88.702 r  u_alu/u_algorithm/u_div/y1__1164/CO[3]
                         net (fo=1, routed)           0.000    88.702    u_alu/u_algorithm/u_div/y1__1164_n_0
    SLICE_X103Y134       CARRY4 (Prop_carry4_CI_CO[3])
                                                      0.114    88.816 r  u_alu/u_algorithm/u_div/y1__1165/CO[3]
                         net (fo=1, routed)           0.000    88.816    u_alu/u_algorithm/u_div/y1__1165_n_0
    SLICE_X103Y135       CARRY4 (Prop_carry4_CI_CO[3])
                                                      0.114    88.930 r  u_alu/u_algorithm/u_div/y1__1166/CO[3]
                         net (fo=1, routed)           0.000    88.930    u_alu/u_algorithm/u_div/y1__1166_n_0
    SLICE_X103Y136       CARRY4 (Prop_carry4_CI_CO[3])
                                                      0.114    89.044 r  u_alu/u_algorithm/u_div/y1__1167/CO[3]
                         net (fo=1, routed)           0.000    89.044    u_alu/u_algorithm/u_div/y1__1167_n_0
    SLICE_X103Y137       CARRY4 (Prop_carry4_CI_CO[3])
                                                      0.114    89.158 r  u_alu/u_algorithm/u_div/y1__1168/CO[3]
                         net (fo=1, routed)           0.000    89.158    u_alu/u_algorithm/u_div/y1__1168_n_0
    SLICE_X103Y138       CARRY4 (Prop_carry4_CI_CO[1])
                                                      0.157    89.315 r  u_alu/u_algorithm/u_div/y1__1169/CO[1]
                         net (fo=34, routed)          0.926    90.241    u_alu/u_algorithm/u_div/y10_in[1]
    SLICE_X102Y134       LUT5 (Prop_lut5_I0_O)        0.329    90.570 r  u_alu/u_algorithm/u_div/y1__1170_i_4/O
                         net (fo=1, routed)           0.000    90.570    u_alu/u_algorithm/u_div/y1__1170_i_4_n_0
    SLICE_X102Y134       CARRY4 (Prop_carry4_S[1]_CO[3])
                                                      0.533    91.103 r  u_alu/u_algorithm/u_div/y1__1170/CO[3]
                         net (fo=1, routed)           0.000    91.103    u_alu/u_algorithm/u_div/y1__1170_n_0
    SLICE_X102Y135       CARRY4 (Prop_carry4_CI_CO[3])
                                                      0.117    91.220 r  u_alu/u_algorithm/u_div/y1__1171/CO[3]
                         net (fo=1, routed)           0.000    91.220    u_alu/u_algorithm/u_div/y1__1171_n_0
    SLICE_X102Y136       CARRY4 (Prop_carry4_CI_CO[3])
                                                      0.117    91.337 r  u_alu/u_algorithm/u_div/y1__1172/CO[3]
                         net (fo=1, routed)           0.000    91.337    u_alu/u_algorithm/u_div/y1__1172_n_0
    SLICE_X102Y137       CARRY4 (Prop_carry4_CI_CO[3])
                                                      0.117    91.454 r  u_alu/u_algorithm/u_div/y1__1173/CO[3]
                         net (fo=1, routed)           0.000    91.454    u_alu/u_algorithm/u_div/y1__1173_n_0
    SLICE_X102Y138       CARRY4 (Prop_carry4_CI_CO[3])
                                                      0.117    91.571 r  u_alu/u_algorithm/u_div/y1__1174/CO[3]
                         net (fo=1, routed)           0.000    91.571    u_alu/u_algorithm/u_div/y1__1174_n_0
    SLICE_X102Y139       CARRY4 (Prop_carry4_CI_CO[3])
                                                      0.117    91.688 r  u_alu/u_algorithm/u_div/y1__1175/CO[3]
                         net (fo=1, routed)           0.000    91.688    u_alu/u_algorithm/u_div/y1__1175_n_0
    SLICE_X102Y140       CARRY4 (Prop_carry4_CI_CO[3])
                                                      0.117    91.805 r  u_alu/u_algorithm/u_div/y1__1176/CO[3]
                         net (fo=1, routed)           0.000    91.805    u_alu/u_algorithm/u_div/y1__1176_n_0
    SLICE_X102Y141       CARRY4 (Prop_carry4_CI_CO[0])
                                                      0.254    92.059 f  u_alu/u_algorithm/u_div/y1__1177/CO[0]
                         net (fo=2, routed)           0.308    92.367    u_alu/u_algorithm/u_div/y10_in[0]
    SLICE_X103Y143       LUT1 (Prop_lut1_I0_O)        0.367    92.734 r  u_alu/u_algorithm/u_div/y[4]_i_3/O
                         net (fo=1, routed)           0.332    93.066    u_alu/u_algorithm/u_div/p_0_in[0]
    SLICE_X102Y145       CARRY4 (Prop_carry4_CYINIT_CO[3])
                                                      0.595    93.661 r  u_alu/u_algorithm/u_div/y_reg[4]_i_2/CO[3]
                         net (fo=1, routed)           0.000    93.661    u_alu/u_algorithm/u_div/y_reg[4]_i_2_n_0
    SLICE_X102Y146       CARRY4 (Prop_carry4_CI_O[2])
                                                      0.239    93.900 r  u_alu/u_algorithm/u_div/y_reg[8]_i_2/O[2]
                         net (fo=1, routed)           0.296    94.196    u_alu/u_algorithm/u_div/y1[7]
    SLICE_X103Y146       LUT5 (Prop_lut5_I1_O)        0.301    94.497 r  u_alu/u_algorithm/u_div/y[7]_i_1/O
                         net (fo=1, routed)           0.000    94.497    u_alu/u_algorithm/u_div/y[7]_i_1_n_0
    SLICE_X103Y146       FDCE                                         r  u_alu/u_algorithm/u_div/y_reg[7]/D
  -------------------------------------------------------------------    -------------------

                         (clock sys_clk_pin rise edge)
                                                      8.000     8.000 r  
    H16                                               0.000     8.000 r  clk (IN)
                         net (fo=0)                   0.000     8.000    clk
    H16                  IBUF (Prop_ibuf_I_O)         1.380     9.380 r  clk_IBUF_inst/O
                         net (fo=1, routed)           2.293    11.673    clk_IBUF
    BUFGCTRL_X0Y16       BUFG (Prop_bufg_I_O)         0.091    11.764 r  clk_IBUF_BUFG_inst/O
                         net (fo=126, routed)         1.783    13.548    u_alu/u_algorithm/u_div/clk_IBUF_BUFG
    SLICE_X103Y146       FDCE                                         r  u_alu/u_algorithm/u_div/y_reg[7]/C
                         clock pessimism              0.309    13.857    
                         clock uncertainty           -0.035    13.821    
    SLICE_X103Y146       FDCE (Setup_fdce_C_D)        0.031    13.852    u_alu/u_algorithm/u_div/y_reg[7]
  -------------------------------------------------------------------
                         required time                         13.852    
                         arrival time                         -94.497    
  -------------------------------------------------------------------
                         slack                                -80.644    





Min Delay Paths
--------------------------------------------------------------------------------------
Slack (MET) :             0.199ns  (arrival time - required time)
  Source:                 u_btn_mode/btn_stable_d_reg/C
                            (rising edge-triggered cell FDCE clocked by sys_clk_pin  {rise@0.000ns fall@4.000ns period=8.000ns})
  Destination:            wait_cnt_reg[0]/D
                            (rising edge-triggered cell FDCE clocked by sys_clk_pin  {rise@0.000ns fall@4.000ns period=8.000ns})
  Path Group:             sys_clk_pin
  Path Type:              Hold (Min at Fast Process Corner)
  Requirement:            0.000ns  (sys_clk_pin rise@0.000ns - sys_clk_pin rise@0.000ns)
  Data Path Delay:        0.319ns  (logic 0.189ns (59.214%)  route 0.130ns (40.786%))
  Logic Levels:           1  (LUT5=1)
  Clock Path Skew:        0.013ns (DCD - SCD - CPR)
    Destination Clock Delay (DCD):    2.324ns
    Source Clock Delay      (SCD):    1.797ns
    Clock Pessimism Removal (CPR):    0.515ns

    Location             Delay type                Incr(ns)  Path(ns)    Netlist Resource(s)
  -------------------------------------------------------------------    -------------------
                         (clock sys_clk_pin rise edge)
                                                      0.000     0.000 r  
    H16                                               0.000     0.000 r  clk (IN)
                         net (fo=0)                   0.000     0.000    clk
    H16                  IBUF (Prop_ibuf_I_O)         0.219     0.219 r  clk_IBUF_inst/O
                         net (fo=1, routed)           0.842     1.060    clk_IBUF
    BUFGCTRL_X0Y16       BUFG (Prop_bufg_I_O)         0.026     1.086 r  clk_IBUF_BUFG_inst/O
                         net (fo=126, routed)         0.710     1.797    u_btn_mode/clk_IBUF_BUFG
    SLICE_X107Y131       FDCE                                         r  u_btn_mode/btn_stable_d_reg/C
  -------------------------------------------------------------------    -------------------
    SLICE_X107Y131       FDCE (Prop_fdce_C_Q)         0.141     1.938 r  u_btn_mode/btn_stable_d_reg/Q
                         net (fo=6, routed)           0.130     2.068    u_btn_mode/btn_stable_d
    SLICE_X106Y131       LUT5 (Prop_lut5_I2_O)        0.048     2.116 r  u_btn_mode/wait_cnt[0]_i_1/O
                         net (fo=1, routed)           0.000     2.116    u_btn_mode_n_1
    SLICE_X106Y131       FDCE                                         r  wait_cnt_reg[0]/D
  -------------------------------------------------------------------    -------------------

                         (clock sys_clk_pin rise edge)
                                                      0.000     0.000 r  
    H16                                               0.000     0.000 r  clk (IN)
                         net (fo=0)                   0.000     0.000    clk
    H16                  IBUF (Prop_ibuf_I_O)         0.406     0.406 r  clk_IBUF_inst/O
                         net (fo=1, routed)           0.907     1.313    clk_IBUF
    BUFGCTRL_X0Y16       BUFG (Prop_bufg_I_O)         0.029     1.342 r  clk_IBUF_BUFG_inst/O
                         net (fo=126, routed)         0.982     2.324    clk_IBUF_BUFG
    SLICE_X106Y131       FDCE                                         r  wait_cnt_reg[0]/C
                         clock pessimism             -0.515     1.810    
    SLICE_X106Y131       FDCE (Hold_fdce_C_D)         0.107     1.917    wait_cnt_reg[0]
  -------------------------------------------------------------------
                         required time                         -1.917    
                         arrival time                           2.116    
  -------------------------------------------------------------------
                         slack                                  0.199    

Slack (MET) :             0.202ns  (arrival time - required time)
  Source:                 u_btn_next/btn_sync2_reg/C
                            (rising edge-triggered cell FDCE clocked by sys_clk_pin  {rise@0.000ns fall@4.000ns period=8.000ns})
  Destination:            u_btn_next/cnt_reg[1]/D
                            (rising edge-triggered cell FDCE clocked by sys_clk_pin  {rise@0.000ns fall@4.000ns period=8.000ns})
  Path Group:             sys_clk_pin
  Path Type:              Hold (Min at Fast Process Corner)
  Requirement:            0.000ns  (sys_clk_pin rise@0.000ns - sys_clk_pin rise@0.000ns)
  Data Path Delay:        0.306ns  (logic 0.186ns (60.780%)  route 0.120ns (39.220%))
  Logic Levels:           1  (LUT6=1)
  Clock Path Skew:        0.013ns (DCD - SCD - CPR)
    Destination Clock Delay (DCD):    2.325ns
    Source Clock Delay      (SCD):    1.798ns
    Clock Pessimism Removal (CPR):    0.515ns

    Location             Delay type                Incr(ns)  Path(ns)    Netlist Resource(s)
  -------------------------------------------------------------------    -------------------
                         (clock sys_clk_pin rise edge)
                                                      0.000     0.000 r  
    H16                                               0.000     0.000 r  clk (IN)
                         net (fo=0)                   0.000     0.000    clk
    H16                  IBUF (Prop_ibuf_I_O)         0.219     0.219 r  clk_IBUF_inst/O
                         net (fo=1, routed)           0.842     1.060    clk_IBUF
    BUFGCTRL_X0Y16       BUFG (Prop_bufg_I_O)         0.026     1.086 r  clk_IBUF_BUFG_inst/O
                         net (fo=126, routed)         0.711     1.798    u_btn_next/clk_IBUF_BUFG
    SLICE_X106Y132       FDCE                                         r  u_btn_next/btn_sync2_reg/C
  -------------------------------------------------------------------    -------------------
    SLICE_X106Y132       FDCE (Prop_fdce_C_Q)         0.141     1.939 r  u_btn_next/btn_sync2_reg/Q
                         net (fo=5, routed)           0.120     2.059    u_btn_next/btn_sync2_reg_n_0
    SLICE_X107Y132       LUT6 (Prop_lut6_I2_O)        0.045     2.104 r  u_btn_next/cnt[1]_i_1__0/O
                         net (fo=1, routed)           0.000     2.104    u_btn_next/cnt[1]_i_1__0_n_0
    SLICE_X107Y132       FDCE                                         r  u_btn_next/cnt_reg[1]/D
  -------------------------------------------------------------------    -------------------

                         (clock sys_clk_pin rise edge)
                                                      0.000     0.000 r  
    H16                                               0.000     0.000 r  clk (IN)
                         net (fo=0)                   0.000     0.000    clk
    H16                  IBUF (Prop_ibuf_I_O)         0.406     0.406 r  clk_IBUF_inst/O
                         net (fo=1, routed)           0.907     1.313    clk_IBUF
    BUFGCTRL_X0Y16       BUFG (Prop_bufg_I_O)         0.029     1.342 r  clk_IBUF_BUFG_inst/O
                         net (fo=126, routed)         0.983     2.325    u_btn_next/clk_IBUF_BUFG
    SLICE_X107Y132       FDCE                                         r  u_btn_next/cnt_reg[1]/C
                         clock pessimism             -0.515     1.811    
    SLICE_X107Y132       FDCE (Hold_fdce_C_D)         0.091     1.902    u_btn_next/cnt_reg[1]
  -------------------------------------------------------------------
                         required time                         -1.902    
                         arrival time                           2.104    
  -------------------------------------------------------------------
                         slack                                  0.202    

Slack (MET) :             0.202ns  (arrival time - required time)
  Source:                 u_btn_next/btn_sync2_reg/C
                            (rising edge-triggered cell FDCE clocked by sys_clk_pin  {rise@0.000ns fall@4.000ns period=8.000ns})
  Destination:            u_btn_next/cnt_reg[2]/D
                            (rising edge-triggered cell FDCE clocked by sys_clk_pin  {rise@0.000ns fall@4.000ns period=8.000ns})
  Path Group:             sys_clk_pin
  Path Type:              Hold (Min at Fast Process Corner)
  Requirement:            0.000ns  (sys_clk_pin rise@0.000ns - sys_clk_pin rise@0.000ns)
  Data Path Delay:        0.307ns  (logic 0.186ns (60.582%)  route 0.121ns (39.418%))
  Logic Levels:           1  (LUT5=1)
  Clock Path Skew:        0.013ns (DCD - SCD - CPR)
    Destination Clock Delay (DCD):    2.325ns
    Source Clock Delay      (SCD):    1.798ns
    Clock Pessimism Removal (CPR):    0.515ns

    Location             Delay type                Incr(ns)  Path(ns)    Netlist Resource(s)
  -------------------------------------------------------------------    -------------------
                         (clock sys_clk_pin rise edge)
                                                      0.000     0.000 r  
    H16                                               0.000     0.000 r  clk (IN)
                         net (fo=0)                   0.000     0.000    clk
    H16                  IBUF (Prop_ibuf_I_O)         0.219     0.219 r  clk_IBUF_inst/O
                         net (fo=1, routed)           0.842     1.060    clk_IBUF
    BUFGCTRL_X0Y16       BUFG (Prop_bufg_I_O)         0.026     1.086 r  clk_IBUF_BUFG_inst/O
                         net (fo=126, routed)         0.711     1.798    u_btn_next/clk_IBUF_BUFG
    SLICE_X106Y132       FDCE                                         r  u_btn_next/btn_sync2_reg/C
  -------------------------------------------------------------------    -------------------
    SLICE_X106Y132       FDCE (Prop_fdce_C_Q)         0.141     1.939 r  u_btn_next/btn_sync2_reg/Q
                         net (fo=5, routed)           0.121     2.060    u_btn_next/btn_sync2_reg_n_0
    SLICE_X107Y132       LUT5 (Prop_lut5_I4_O)        0.045     2.105 r  u_btn_next/cnt[2]_i_1__0/O
                         net (fo=1, routed)           0.000     2.105    u_btn_next/cnt[2]_i_1__0_n_0
    SLICE_X107Y132       FDCE                                         r  u_btn_next/cnt_reg[2]/D
  -------------------------------------------------------------------    -------------------

                         (clock sys_clk_pin rise edge)
                                                      0.000     0.000 r  
    H16                                               0.000     0.000 r  clk (IN)
                         net (fo=0)                   0.000     0.000    clk
    H16                  IBUF (Prop_ibuf_I_O)         0.406     0.406 r  clk_IBUF_inst/O
                         net (fo=1, routed)           0.907     1.313    clk_IBUF
    BUFGCTRL_X0Y16       BUFG (Prop_bufg_I_O)         0.029     1.342 r  clk_IBUF_BUFG_inst/O
                         net (fo=126, routed)         0.983     2.325    u_btn_next/clk_IBUF_BUFG
    SLICE_X107Y132       FDCE                                         r  u_btn_next/cnt_reg[2]/C
                         clock pessimism             -0.515     1.811    
    SLICE_X107Y132       FDCE (Hold_fdce_C_D)         0.092     1.903    u_btn_next/cnt_reg[2]
  -------------------------------------------------------------------
                         required time                         -1.903    
                         arrival time                           2.105    
  -------------------------------------------------------------------
                         slack                                  0.202    

Slack (MET) :             0.206ns  (arrival time - required time)
  Source:                 u_btn_mode/cnt_reg[0]/C
                            (rising edge-triggered cell FDCE clocked by sys_clk_pin  {rise@0.000ns fall@4.000ns period=8.000ns})
  Destination:            u_btn_mode/cnt_reg[3]/D
                            (rising edge-triggered cell FDCE clocked by sys_clk_pin  {rise@0.000ns fall@4.000ns period=8.000ns})
  Path Group:             sys_clk_pin
  Path Type:              Hold (Min at Fast Process Corner)
  Requirement:            0.000ns  (sys_clk_pin rise@0.000ns - sys_clk_pin rise@0.000ns)
  Data Path Delay:        0.341ns  (logic 0.186ns (54.513%)  route 0.155ns (45.487%))
  Logic Levels:           1  (LUT6=1)
  Clock Path Skew:        0.015ns (DCD - SCD - CPR)
    Destination Clock Delay (DCD):    2.328ns
    Source Clock Delay      (SCD):    1.800ns
    Clock Pessimism Removal (CPR):    0.514ns

    Location             Delay type                Incr(ns)  Path(ns)    Netlist Resource(s)
  -------------------------------------------------------------------    -------------------
                         (clock sys_clk_pin rise edge)
                                                      0.000     0.000 r  
    H16                                               0.000     0.000 r  clk (IN)
                         net (fo=0)                   0.000     0.000    clk
    H16                  IBUF (Prop_ibuf_I_O)         0.219     0.219 r  clk_IBUF_inst/O
                         net (fo=1, routed)           0.842     1.060    clk_IBUF
    BUFGCTRL_X0Y16       BUFG (Prop_bufg_I_O)         0.026     1.086 r  clk_IBUF_BUFG_inst/O
                         net (fo=126, routed)         0.713     1.800    u_btn_mode/clk_IBUF_BUFG
    SLICE_X107Y136       FDCE                                         r  u_btn_mode/cnt_reg[0]/C
  -------------------------------------------------------------------    -------------------
    SLICE_X107Y136       FDCE (Prop_fdce_C_Q)         0.141     1.941 r  u_btn_mode/cnt_reg[0]/Q
                         net (fo=5, routed)           0.155     2.096    u_btn_mode/cnt[0]
    SLICE_X108Y136       LUT6 (Prop_lut6_I4_O)        0.045     2.141 r  u_btn_mode/cnt[3]_i_1/O
                         net (fo=1, routed)           0.000     2.141    u_btn_mode/cnt[3]_i_1_n_0
    SLICE_X108Y136       FDCE                                         r  u_btn_mode/cnt_reg[3]/D
  -------------------------------------------------------------------    -------------------

                         (clock sys_clk_pin rise edge)
                                                      0.000     0.000 r  
    H16                                               0.000     0.000 r  clk (IN)
                         net (fo=0)                   0.000     0.000    clk
    H16                  IBUF (Prop_ibuf_I_O)         0.406     0.406 r  clk_IBUF_inst/O
                         net (fo=1, routed)           0.907     1.313    clk_IBUF
    BUFGCTRL_X0Y16       BUFG (Prop_bufg_I_O)         0.029     1.342 r  clk_IBUF_BUFG_inst/O
                         net (fo=126, routed)         0.986     2.328    u_btn_mode/clk_IBUF_BUFG
    SLICE_X108Y136       FDCE                                         r  u_btn_mode/cnt_reg[3]/C
                         clock pessimism             -0.514     1.815    
    SLICE_X108Y136       FDCE (Hold_fdce_C_D)         0.120     1.935    u_btn_mode/cnt_reg[3]
  -------------------------------------------------------------------
                         required time                         -1.935    
                         arrival time                           2.141    
  -------------------------------------------------------------------
                         slack                                  0.206    

Slack (MET) :             0.212ns  (arrival time - required time)
  Source:                 u_btn_mode/btn_stable_d_reg/C
                            (rising edge-triggered cell FDCE clocked by sys_clk_pin  {rise@0.000ns fall@4.000ns period=8.000ns})
  Destination:            en_reg/D
                            (rising edge-triggered cell FDCE clocked by sys_clk_pin  {rise@0.000ns fall@4.000ns period=8.000ns})
  Path Group:             sys_clk_pin
  Path Type:              Hold (Min at Fast Process Corner)
  Requirement:            0.000ns  (sys_clk_pin rise@0.000ns - sys_clk_pin rise@0.000ns)
  Data Path Delay:        0.316ns  (logic 0.186ns (58.827%)  route 0.130ns (41.173%))
  Logic Levels:           1  (LUT3=1)
  Clock Path Skew:        0.013ns (DCD - SCD - CPR)
    Destination Clock Delay (DCD):    2.324ns
    Source Clock Delay      (SCD):    1.797ns
    Clock Pessimism Removal (CPR):    0.515ns

    Location             Delay type                Incr(ns)  Path(ns)    Netlist Resource(s)
  -------------------------------------------------------------------    -------------------
                         (clock sys_clk_pin rise edge)
                                                      0.000     0.000 r  
    H16                                               0.000     0.000 r  clk (IN)
                         net (fo=0)                   0.000     0.000    clk
    H16                  IBUF (Prop_ibuf_I_O)         0.219     0.219 r  clk_IBUF_inst/O
                         net (fo=1, routed)           0.842     1.060    clk_IBUF
    BUFGCTRL_X0Y16       BUFG (Prop_bufg_I_O)         0.026     1.086 r  clk_IBUF_BUFG_inst/O
                         net (fo=126, routed)         0.710     1.797    u_btn_mode/clk_IBUF_BUFG
    SLICE_X107Y131       FDCE                                         r  u_btn_mode/btn_stable_d_reg/C
  -------------------------------------------------------------------    -------------------
    SLICE_X107Y131       FDCE (Prop_fdce_C_Q)         0.141     1.938 f  u_btn_mode/btn_stable_d_reg/Q
                         net (fo=6, routed)           0.130     2.068    u_btn_mode/btn_stable_d
    SLICE_X106Y131       LUT3 (Prop_lut3_I1_O)        0.045     2.113 r  u_btn_mode/en_i_1/O
                         net (fo=1, routed)           0.000     2.113    en0
    SLICE_X106Y131       FDCE                                         r  en_reg/D
  -------------------------------------------------------------------    -------------------

                         (clock sys_clk_pin rise edge)
                                                      0.000     0.000 r  
    H16                                               0.000     0.000 r  clk (IN)
                         net (fo=0)                   0.000     0.000    clk
    H16                  IBUF (Prop_ibuf_I_O)         0.406     0.406 r  clk_IBUF_inst/O
                         net (fo=1, routed)           0.907     1.313    clk_IBUF
    BUFGCTRL_X0Y16       BUFG (Prop_bufg_I_O)         0.029     1.342 r  clk_IBUF_BUFG_inst/O
                         net (fo=126, routed)         0.982     2.324    clk_IBUF_BUFG
    SLICE_X106Y131       FDCE                                         r  en_reg/C
                         clock pessimism             -0.515     1.810    
    SLICE_X106Y131       FDCE (Hold_fdce_C_D)         0.091     1.901    en_reg
  -------------------------------------------------------------------
                         required time                         -1.901    
                         arrival time                           2.113    
  -------------------------------------------------------------------
                         slack                                  0.212    

Slack (MET) :             0.212ns  (arrival time - required time)
  Source:                 u_btn_mode/btn_stable_d_reg/C
                            (rising edge-triggered cell FDCE clocked by sys_clk_pin  {rise@0.000ns fall@4.000ns period=8.000ns})
  Destination:            result_valid_reg/D
                            (rising edge-triggered cell FDCE clocked by sys_clk_pin  {rise@0.000ns fall@4.000ns period=8.000ns})
  Path Group:             sys_clk_pin
  Path Type:              Hold (Min at Fast Process Corner)
  Requirement:            0.000ns  (sys_clk_pin rise@0.000ns - sys_clk_pin rise@0.000ns)
  Data Path Delay:        0.317ns  (logic 0.186ns (58.642%)  route 0.131ns (41.358%))
  Logic Levels:           1  (LUT6=1)
  Clock Path Skew:        0.013ns (DCD - SCD - CPR)
    Destination Clock Delay (DCD):    2.324ns
    Source Clock Delay      (SCD):    1.797ns
    Clock Pessimism Removal (CPR):    0.515ns

    Location             Delay type                Incr(ns)  Path(ns)    Netlist Resource(s)
  -------------------------------------------------------------------    -------------------
                         (clock sys_clk_pin rise edge)
                                                      0.000     0.000 r  
    H16                                               0.000     0.000 r  clk (IN)
                         net (fo=0)                   0.000     0.000    clk
    H16                  IBUF (Prop_ibuf_I_O)         0.219     0.219 r  clk_IBUF_inst/O
                         net (fo=1, routed)           0.842     1.060    clk_IBUF
    BUFGCTRL_X0Y16       BUFG (Prop_bufg_I_O)         0.026     1.086 r  clk_IBUF_BUFG_inst/O
                         net (fo=126, routed)         0.710     1.797    u_btn_mode/clk_IBUF_BUFG
    SLICE_X107Y131       FDCE                                         r  u_btn_mode/btn_stable_d_reg/C
  -------------------------------------------------------------------    -------------------
    SLICE_X107Y131       FDCE (Prop_fdce_C_Q)         0.141     1.938 r  u_btn_mode/btn_stable_d_reg/Q
                         net (fo=6, routed)           0.131     2.069    u_btn_mode/btn_stable_d
    SLICE_X106Y131       LUT6 (Prop_lut6_I1_O)        0.045     2.114 r  u_btn_mode/result_valid_i_1/O
                         net (fo=1, routed)           0.000     2.114    u_btn_mode_n_5
    SLICE_X106Y131       FDCE                                         r  result_valid_reg/D
  -------------------------------------------------------------------    -------------------

                         (clock sys_clk_pin rise edge)
                                                      0.000     0.000 r  
    H16                                               0.000     0.000 r  clk (IN)
                         net (fo=0)                   0.000     0.000    clk
    H16                  IBUF (Prop_ibuf_I_O)         0.406     0.406 r  clk_IBUF_inst/O
                         net (fo=1, routed)           0.907     1.313    clk_IBUF
    BUFGCTRL_X0Y16       BUFG (Prop_bufg_I_O)         0.029     1.342 r  clk_IBUF_BUFG_inst/O
                         net (fo=126, routed)         0.982     2.324    clk_IBUF_BUFG
    SLICE_X106Y131       FDCE                                         r  result_valid_reg/C
                         clock pessimism             -0.515     1.810    
    SLICE_X106Y131       FDCE (Hold_fdce_C_D)         0.092     1.902    result_valid_reg
  -------------------------------------------------------------------
                         required time                         -1.902    
                         arrival time                           2.114    
  -------------------------------------------------------------------
                         slack                                  0.212    

Slack (MET) :             0.216ns  (arrival time - required time)
  Source:                 u_btn_next/btn_stable_reg/C
                            (rising edge-triggered cell FDCE clocked by sys_clk_pin  {rise@0.000ns fall@4.000ns period=8.000ns})
  Destination:            out_page_reg[1]/D
                            (rising edge-triggered cell FDCE clocked by sys_clk_pin  {rise@0.000ns fall@4.000ns period=8.000ns})
  Path Group:             sys_clk_pin
  Path Type:              Hold (Min at Fast Process Corner)
  Requirement:            0.000ns  (sys_clk_pin rise@0.000ns - sys_clk_pin rise@0.000ns)
  Data Path Delay:        0.321ns  (logic 0.186ns (57.874%)  route 0.135ns (42.126%))
  Logic Levels:           1  (LUT6=1)
  Clock Path Skew:        0.013ns (DCD - SCD - CPR)
    Destination Clock Delay (DCD):    2.326ns
    Source Clock Delay      (SCD):    1.799ns
    Clock Pessimism Removal (CPR):    0.515ns

    Location             Delay type                Incr(ns)  Path(ns)    Netlist Resource(s)
  -------------------------------------------------------------------    -------------------
                         (clock sys_clk_pin rise edge)
                                                      0.000     0.000 r  
    H16                                               0.000     0.000 r  clk (IN)
                         net (fo=0)                   0.000     0.000    clk
    H16                  IBUF (Prop_ibuf_I_O)         0.219     0.219 r  clk_IBUF_inst/O
                         net (fo=1, routed)           0.842     1.060    clk_IBUF
    BUFGCTRL_X0Y16       BUFG (Prop_bufg_I_O)         0.026     1.086 r  clk_IBUF_BUFG_inst/O
                         net (fo=126, routed)         0.712     1.799    u_btn_next/clk_IBUF_BUFG
    SLICE_X106Y133       FDCE                                         r  u_btn_next/btn_stable_reg/C
  -------------------------------------------------------------------    -------------------
    SLICE_X106Y133       FDCE (Prop_fdce_C_Q)         0.141     1.940 r  u_btn_next/btn_stable_reg/Q
                         net (fo=13, routed)          0.135     2.075    u_btn_next/btn_stable_reg_n_0
    SLICE_X107Y133       LUT6 (Prop_lut6_I2_O)        0.045     2.120 r  u_btn_next/out_page[1]_i_1/O
                         net (fo=1, routed)           0.000     2.120    u_btn_next_n_3
    SLICE_X107Y133       FDCE                                         r  out_page_reg[1]/D
  -------------------------------------------------------------------    -------------------

                         (clock sys_clk_pin rise edge)
                                                      0.000     0.000 r  
    H16                                               0.000     0.000 r  clk (IN)
                         net (fo=0)                   0.000     0.000    clk
    H16                  IBUF (Prop_ibuf_I_O)         0.406     0.406 r  clk_IBUF_inst/O
                         net (fo=1, routed)           0.907     1.313    clk_IBUF
    BUFGCTRL_X0Y16       BUFG (Prop_bufg_I_O)         0.029     1.342 r  clk_IBUF_BUFG_inst/O
                         net (fo=126, routed)         0.984     2.326    clk_IBUF_BUFG
    SLICE_X107Y133       FDCE                                         r  out_page_reg[1]/C
                         clock pessimism             -0.515     1.812    
    SLICE_X107Y133       FDCE (Hold_fdce_C_D)         0.092     1.904    out_page_reg[1]
  -------------------------------------------------------------------
                         required time                         -1.904    
                         arrival time                           2.120    
  -------------------------------------------------------------------
                         slack                                  0.216    

Slack (MET) :             0.225ns  (arrival time - required time)
  Source:                 u_btn_mode/cnt_reg[3]/C
                            (rising edge-triggered cell FDCE clocked by sys_clk_pin  {rise@0.000ns fall@4.000ns period=8.000ns})
  Destination:            u_btn_mode/cnt_reg[1]/D
                            (rising edge-triggered cell FDCE clocked by sys_clk_pin  {rise@0.000ns fall@4.000ns period=8.000ns})
  Path Group:             sys_clk_pin
  Path Type:              Hold (Min at Fast Process Corner)
  Requirement:            0.000ns  (sys_clk_pin rise@0.000ns - sys_clk_pin rise@0.000ns)
  Data Path Delay:        0.332ns  (logic 0.209ns (62.885%)  route 0.123ns (37.115%))
  Logic Levels:           1  (LUT6=1)
  Clock Path Skew:        0.015ns (DCD - SCD - CPR)
    Destination Clock Delay (DCD):    2.328ns
    Source Clock Delay      (SCD):    1.800ns
    Clock Pessimism Removal (CPR):    0.514ns

    Location             Delay type                Incr(ns)  Path(ns)    Netlist Resource(s)
  -------------------------------------------------------------------    -------------------
                         (clock sys_clk_pin rise edge)
                                                      0.000     0.000 r  
    H16                                               0.000     0.000 r  clk (IN)
                         net (fo=0)                   0.000     0.000    clk
    H16                  IBUF (Prop_ibuf_I_O)         0.219     0.219 r  clk_IBUF_inst/O
                         net (fo=1, routed)           0.842     1.060    clk_IBUF
    BUFGCTRL_X0Y16       BUFG (Prop_bufg_I_O)         0.026     1.086 r  clk_IBUF_BUFG_inst/O
                         net (fo=126, routed)         0.713     1.800    u_btn_mode/clk_IBUF_BUFG
    SLICE_X108Y136       FDCE                                         r  u_btn_mode/cnt_reg[3]/C
  -------------------------------------------------------------------    -------------------
    SLICE_X108Y136       FDCE (Prop_fdce_C_Q)         0.164     1.964 f  u_btn_mode/cnt_reg[3]/Q
                         net (fo=4, routed)           0.123     2.087    u_btn_mode/cnt[3]
    SLICE_X107Y136       LUT6 (Prop_lut6_I1_O)        0.045     2.132 r  u_btn_mode/cnt[1]_i_1/O
                         net (fo=1, routed)           0.000     2.132    u_btn_mode/cnt[1]_i_1_n_0
    SLICE_X107Y136       FDCE                                         r  u_btn_mode/cnt_reg[1]/D
  -------------------------------------------------------------------    -------------------

                         (clock sys_clk_pin rise edge)
                                                      0.000     0.000 r  
    H16                                               0.000     0.000 r  clk (IN)
                         net (fo=0)                   0.000     0.000    clk
    H16                  IBUF (Prop_ibuf_I_O)         0.406     0.406 r  clk_IBUF_inst/O
                         net (fo=1, routed)           0.907     1.313    clk_IBUF
    BUFGCTRL_X0Y16       BUFG (Prop_bufg_I_O)         0.029     1.342 r  clk_IBUF_BUFG_inst/O
                         net (fo=126, routed)         0.986     2.328    u_btn_mode/clk_IBUF_BUFG
    SLICE_X107Y136       FDCE                                         r  u_btn_mode/cnt_reg[1]/C
                         clock pessimism             -0.514     1.815    
    SLICE_X107Y136       FDCE (Hold_fdce_C_D)         0.092     1.907    u_btn_mode/cnt_reg[1]
  -------------------------------------------------------------------
                         required time                         -1.907    
                         arrival time                           2.132    
  -------------------------------------------------------------------
                         slack                                  0.225    

Slack (MET) :             0.226ns  (arrival time - required time)
  Source:                 u_btn_next/cnt_reg[0]/C
                            (rising edge-triggered cell FDCE clocked by sys_clk_pin  {rise@0.000ns fall@4.000ns period=8.000ns})
  Destination:            u_btn_next/cnt_reg[3]/D
                            (rising edge-triggered cell FDCE clocked by sys_clk_pin  {rise@0.000ns fall@4.000ns period=8.000ns})
  Path Group:             sys_clk_pin
  Path Type:              Hold (Min at Fast Process Corner)
  Requirement:            0.000ns  (sys_clk_pin rise@0.000ns - sys_clk_pin rise@0.000ns)
  Data Path Delay:        0.331ns  (logic 0.186ns (56.181%)  route 0.145ns (43.819%))
  Logic Levels:           1  (LUT6=1)
  Clock Path Skew:        0.013ns (DCD - SCD - CPR)
    Destination Clock Delay (DCD):    2.325ns
    Source Clock Delay      (SCD):    1.799ns
    Clock Pessimism Removal (CPR):    0.514ns

    Location             Delay type                Incr(ns)  Path(ns)    Netlist Resource(s)
  -------------------------------------------------------------------    -------------------
                         (clock sys_clk_pin rise edge)
                                                      0.000     0.000 r  
    H16                                               0.000     0.000 r  clk (IN)
                         net (fo=0)                   0.000     0.000    clk
    H16                  IBUF (Prop_ibuf_I_O)         0.219     0.219 r  clk_IBUF_inst/O
                         net (fo=1, routed)           0.842     1.060    clk_IBUF
    BUFGCTRL_X0Y16       BUFG (Prop_bufg_I_O)         0.026     1.086 r  clk_IBUF_BUFG_inst/O
                         net (fo=126, routed)         0.712     1.799    u_btn_next/clk_IBUF_BUFG
    SLICE_X106Y133       FDCE                                         r  u_btn_next/cnt_reg[0]/C
  -------------------------------------------------------------------    -------------------
    SLICE_X106Y133       FDCE (Prop_fdce_C_Q)         0.141     1.940 r  u_btn_next/cnt_reg[0]/Q
                         net (fo=5, routed)           0.145     2.085    u_btn_next/cnt[0]
    SLICE_X107Y132       LUT6 (Prop_lut6_I4_O)        0.045     2.130 r  u_btn_next/cnt[3]_i_1__0/O
                         net (fo=1, routed)           0.000     2.130    u_btn_next/cnt[3]_i_1__0_n_0
    SLICE_X107Y132       FDCE                                         r  u_btn_next/cnt_reg[3]/D
  -------------------------------------------------------------------    -------------------

                         (clock sys_clk_pin rise edge)
                                                      0.000     0.000 r  
    H16                                               0.000     0.000 r  clk (IN)
                         net (fo=0)                   0.000     0.000    clk
    H16                  IBUF (Prop_ibuf_I_O)         0.406     0.406 r  clk_IBUF_inst/O
                         net (fo=1, routed)           0.907     1.313    clk_IBUF
    BUFGCTRL_X0Y16       BUFG (Prop_bufg_I_O)         0.029     1.342 r  clk_IBUF_BUFG_inst/O
                         net (fo=126, routed)         0.983     2.325    u_btn_next/clk_IBUF_BUFG
    SLICE_X107Y132       FDCE                                         r  u_btn_next/cnt_reg[3]/C
                         clock pessimism             -0.514     1.812    
    SLICE_X107Y132       FDCE (Hold_fdce_C_D)         0.092     1.904    u_btn_next/cnt_reg[3]
  -------------------------------------------------------------------
                         required time                         -1.904    
                         arrival time                           2.130    
  -------------------------------------------------------------------
                         slack                                  0.226    

Slack (MET) :             0.231ns  (arrival time - required time)
  Source:                 y_reg[15]_i_5/C
                            (rising edge-triggered cell FDCE clocked by sys_clk_pin  {rise@0.000ns fall@4.000ns period=8.000ns})
  Destination:            u_alu/u_algorithm/u_mul/u_rc/y_reg[14]/D
                            (rising edge-triggered cell FDCE clocked by sys_clk_pin  {rise@0.000ns fall@4.000ns period=8.000ns})
  Path Group:             sys_clk_pin
  Path Type:              Hold (Min at Fast Process Corner)
  Requirement:            0.000ns  (sys_clk_pin rise@0.000ns - sys_clk_pin rise@0.000ns)
  Data Path Delay:        0.378ns  (logic 0.256ns (67.639%)  route 0.122ns (32.361%))
  Logic Levels:           2  (CARRY4=1 LUT3=1)
  Clock Path Skew:        0.013ns (DCD - SCD - CPR)
    Destination Clock Delay (DCD):    2.300ns
    Source Clock Delay      (SCD):    1.772ns
    Clock Pessimism Removal (CPR):    0.516ns

    Location             Delay type                Incr(ns)  Path(ns)    Netlist Resource(s)
  -------------------------------------------------------------------    -------------------
                         (clock sys_clk_pin rise edge)
                                                      0.000     0.000 r  
    H16                                               0.000     0.000 r  clk (IN)
                         net (fo=0)                   0.000     0.000    clk
    H16                  IBUF (Prop_ibuf_I_O)         0.219     0.219 r  clk_IBUF_inst/O
                         net (fo=1, routed)           0.842     1.060    clk_IBUF
    BUFGCTRL_X0Y16       BUFG (Prop_bufg_I_O)         0.026     1.086 r  clk_IBUF_BUFG_inst/O
                         net (fo=126, routed)         0.685     1.772    clk_IBUF_BUFG
    SLICE_X97Y135        FDCE                                         r  y_reg[15]_i_5/C
  -------------------------------------------------------------------    -------------------
    SLICE_X97Y135        FDCE (Prop_fdce_C_Q)         0.141     1.913 f  y_reg[15]_i_5/Q
                         net (fo=34, routed)          0.122     2.035    u_alu/u_algorithm/u_mul/u_core/y_reg[15]
    SLICE_X96Y135        LUT3 (Prop_lut3_I1_O)        0.045     2.080 r  u_alu/u_algorithm/u_mul/u_core/y[15]_i_4__0/O
                         net (fo=1, routed)           0.000     2.080    u_alu/u_algorithm/u_mul/u_core/y[15]_i_4__0_n_0
    SLICE_X96Y135        CARRY4 (Prop_carry4_S[0]_O[0])
                                                      0.070     2.150 r  u_alu/u_algorithm/u_mul/u_core/y_reg[15]_i_1/O[0]
                         net (fo=1, routed)           0.000     2.150    u_alu/u_algorithm/u_mul/u_rc/y_reg[15]_1[14]
    SLICE_X96Y135        FDCE                                         r  u_alu/u_algorithm/u_mul/u_rc/y_reg[14]/D
  -------------------------------------------------------------------    -------------------

                         (clock sys_clk_pin rise edge)
                                                      0.000     0.000 r  
    H16                                               0.000     0.000 r  clk (IN)
                         net (fo=0)                   0.000     0.000    clk
    H16                  IBUF (Prop_ibuf_I_O)         0.406     0.406 r  clk_IBUF_inst/O
                         net (fo=1, routed)           0.907     1.313    clk_IBUF
    BUFGCTRL_X0Y16       BUFG (Prop_bufg_I_O)         0.029     1.342 r  clk_IBUF_BUFG_inst/O
                         net (fo=126, routed)         0.958     2.300    u_alu/u_algorithm/u_mul/u_rc/clk_IBUF_BUFG
    SLICE_X96Y135        FDCE                                         r  u_alu/u_algorithm/u_mul/u_rc/y_reg[14]/C
                         clock pessimism             -0.516     1.785    
    SLICE_X96Y135        FDCE (Hold_fdce_C_D)         0.134     1.919    u_alu/u_algorithm/u_mul/u_rc/y_reg[14]
  -------------------------------------------------------------------
                         required time                         -1.919    
                         arrival time                           2.150    
  -------------------------------------------------------------------
                         slack                                  0.231    





Pulse Width Checks
--------------------------------------------------------------------------------------
Clock Name:         sys_clk_pin
Waveform(ns):       { 0.000 4.000 }
Period(ns):         8.000
Sources:            { clk }

Check Type        Corner  Lib Pin      Reference Pin  Required(ns)  Actual(ns)  Slack(ns)  Location        Pin
Min Period        n/a     BUFG/I       n/a            2.155         8.000       5.845      BUFGCTRL_X0Y16  clk_IBUF_BUFG_inst/I
Min Period        n/a     DSP48E1/CLK  n/a            2.154         8.000       5.846      DSP48_X3Y52     u_alu/u_algorithm/u_mul/u_core/p0/CLK
Min Period        n/a     FDCE/C       n/a            1.000         8.000       7.000      SLICE_X107Y12   A_in_reg[0]/C
Min Period        n/a     FDCE/C       n/a            1.000         8.000       7.000      SLICE_X107Y13   A_in_reg[1]/C
Min Period        n/a     FDCE/C       n/a            1.000         8.000       7.000      SLICE_X107Y12   A_in_reg[2]/C
Min Period        n/a     FDCE/C       n/a            1.000         8.000       7.000      SLICE_X106Y12   A_in_reg[3]/C
Min Period        n/a     FDCE/C       n/a            1.000         8.000       7.000      SLICE_X106Y12   A_in_reg[4]/C
Min Period        n/a     FDCE/C       n/a            1.000         8.000       7.000      SLICE_X107Y12   A_in_reg[5]/C
Min Period        n/a     FDCE/C       n/a            1.000         8.000       7.000      SLICE_X107Y12   A_in_reg[6]/C
Min Period        n/a     FDCE/C       n/a            1.000         8.000       7.000      SLICE_X105Y14   A_in_reg[7]/C
Low Pulse Width   Slow    FDCE/C       n/a            0.500         4.000       3.500      SLICE_X107Y12   A_in_reg[0]/C
Low Pulse Width   Fast    FDCE/C       n/a            0.500         4.000       3.500      SLICE_X107Y12   A_in_reg[0]/C
Low Pulse Width   Slow    FDCE/C       n/a            0.500         4.000       3.500      SLICE_X107Y13   A_in_reg[1]/C
Low Pulse Width   Fast    FDCE/C       n/a            0.500         4.000       3.500      SLICE_X107Y13   A_in_reg[1]/C
Low Pulse Width   Slow    FDCE/C       n/a            0.500         4.000       3.500      SLICE_X107Y12   A_in_reg[2]/C
Low Pulse Width   Fast    FDCE/C       n/a            0.500         4.000       3.500      SLICE_X107Y12   A_in_reg[2]/C
Low Pulse Width   Slow    FDCE/C       n/a            0.500         4.000       3.500      SLICE_X106Y12   A_in_reg[3]/C
Low Pulse Width   Fast    FDCE/C       n/a            0.500         4.000       3.500      SLICE_X106Y12   A_in_reg[3]/C
Low Pulse Width   Slow    FDCE/C       n/a            0.500         4.000       3.500      SLICE_X106Y12   A_in_reg[4]/C
Low Pulse Width   Fast    FDCE/C       n/a            0.500         4.000       3.500      SLICE_X106Y12   A_in_reg[4]/C
High Pulse Width  Slow    FDCE/C       n/a            0.500         4.000       3.500      SLICE_X107Y12   A_in_reg[0]/C
High Pulse Width  Fast    FDCE/C       n/a            0.500         4.000       3.500      SLICE_X107Y12   A_in_reg[0]/C
High Pulse Width  Slow    FDCE/C       n/a            0.500         4.000       3.500      SLICE_X107Y13   A_in_reg[1]/C
High Pulse Width  Fast    FDCE/C       n/a            0.500         4.000       3.500      SLICE_X107Y13   A_in_reg[1]/C
High Pulse Width  Slow    FDCE/C       n/a            0.500         4.000       3.500      SLICE_X107Y12   A_in_reg[2]/C
High Pulse Width  Fast    FDCE/C       n/a            0.500         4.000       3.500      SLICE_X107Y12   A_in_reg[2]/C
High Pulse Width  Slow    FDCE/C       n/a            0.500         4.000       3.500      SLICE_X106Y12   A_in_reg[3]/C
High Pulse Width  Fast    FDCE/C       n/a            0.500         4.000       3.500      SLICE_X106Y12   A_in_reg[3]/C
High Pulse Width  Slow    FDCE/C       n/a            0.500         4.000       3.500      SLICE_X106Y12   A_in_reg[4]/C
High Pulse Width  Fast    FDCE/C       n/a            0.500         4.000       3.500      SLICE_X106Y12   A_in_reg[4]/C



--------------------------------------------------------------------------------------
Path Group:  (none)
From Clock:  sys_clk_pin
  To Clock:  

Max Delay             4 Endpoints
Min Delay             4 Endpoints
--------------------------------------------------------------------------------------


Max Delay Paths
--------------------------------------------------------------------------------------
Slack:                    inf
  Source:                 B_in_reg[1]/C
                            (rising edge-triggered cell FDCE clocked by sys_clk_pin  {rise@0.000ns fall@4.000ns period=8.000ns})
  Destination:            led[1]
                            (output port)
  Path Group:             (none)
  Path Type:              Max at Slow Process Corner
  Data Path Delay:        21.539ns  (logic 5.659ns (26.274%)  route 15.880ns (73.726%))
  Logic Levels:           9  (CARRY4=3 LUT4=1 LUT5=1 LUT6=3 OBUF=1)
  Clock Uncertainty:      0.025ns  ((TSJ^2 + TIJ^2)^1/2 + DJ) / 2 + PE
    Total System Jitter     (TSJ):    0.050ns
    Total Input Jitter      (TIJ):    0.000ns
    Discrete Jitter          (DJ):    0.000ns
    Phase Error              (PE):    0.000ns

    Location             Delay type                Incr(ns)  Path(ns)    Netlist Resource(s)
  -------------------------------------------------------------------    -------------------
                         (clock sys_clk_pin rise edge)
                                                      0.000     0.000 r  
    H16                                               0.000     0.000 r  clk (IN)
                         net (fo=0)                   0.000     0.000    clk
    H16                  IBUF (Prop_ibuf_I_O)         1.451     1.451 r  clk_IBUF_inst/O
                         net (fo=1, routed)           2.522     3.973    clk_IBUF
    BUFGCTRL_X0Y16       BUFG (Prop_bufg_I_O)         0.101     4.074 r  clk_IBUF_BUFG_inst/O
                         net (fo=126, routed)         1.881     5.955    clk_IBUF_BUFG
    SLICE_X106Y6         FDCE                                         r  B_in_reg[1]/C
  -------------------------------------------------------------------    -------------------
    SLICE_X106Y6         FDCE (Prop_fdce_C_Q)         0.456     6.411 r  B_in_reg[1]/Q
                         net (fo=47, routed)          9.317    15.727    u_alu/u_algorithm/u_sub/Q[1]
    SLICE_X99Y134        LUT4 (Prop_lut4_I2_O)        0.124    15.851 r  u_alu/u_algorithm/u_sub/s_ext_carry_i_6/O
                         net (fo=1, routed)           0.000    15.851    u_alu/u_algorithm/u_sub/s_ext_carry_i_6_n_0
    SLICE_X99Y134        CARRY4 (Prop_carry4_S[1]_CO[3])
                                                      0.550    16.401 r  u_alu/u_algorithm/u_sub/s_ext_carry/CO[3]
                         net (fo=1, routed)           0.000    16.401    u_alu/u_algorithm/u_sub/s_ext_carry_n_0
    SLICE_X99Y135        CARRY4 (Prop_carry4_CI_CO[3])
                                                      0.114    16.515 r  u_alu/u_algorithm/u_sub/s_ext_carry__0/CO[3]
                         net (fo=1, routed)           0.000    16.515    u_alu/u_algorithm/u_sub/s_ext_carry__0_n_0
    SLICE_X99Y136        CARRY4 (Prop_carry4_CI_CO[1])
                                                      0.157    16.672 r  u_alu/u_algorithm/u_sub/s_ext_carry__1/CO[1]
                         net (fo=3, routed)           0.845    17.518    u_alu/u_algorithm/u_sub/s_ext_carry__1_n_2
    SLICE_X98Y137        LUT6 (Prop_lut6_I0_O)        0.329    17.847 r  u_alu/u_algorithm/u_sub/y_hold[15]_i_3/O
                         net (fo=1, routed)           0.987    18.834    u_alu/u_algorithm/u_sub/y_hold[15]_i_3_n_0
    SLICE_X104Y136       LUT6 (Prop_lut6_I4_O)        0.124    18.958 f  u_alu/u_algorithm/u_sub/y_hold[15]_i_2/O
                         net (fo=3, routed)           1.049    20.007    u_alu/u_algorithm/u_sub/D[11]
    SLICE_X106Y135       LUT6 (Prop_lut6_I4_O)        0.124    20.131 r  u_alu/u_algorithm/u_sub/led_OBUF[1]_inst_i_3/O
                         net (fo=1, routed)           0.161    20.293    u_alu/u_algorithm/u_sub/led_OBUF[1]_inst_i_3_n_0
    SLICE_X106Y135       LUT5 (Prop_lut5_I1_O)        0.124    20.417 r  u_alu/u_algorithm/u_sub/led_OBUF[1]_inst_i_1/O
                         net (fo=1, routed)           3.520    23.937    led_OBUF[1]
    P14                  OBUF (Prop_obuf_I_O)         3.557    27.494 r  led_OBUF[1]_inst/O
                         net (fo=0)                   0.000    27.494    led[1]
    P14                                                               r  led[1] (OUT)
  -------------------------------------------------------------------    -------------------

Slack:                    inf
  Source:                 B_in_reg[1]/C
                            (rising edge-triggered cell FDCE clocked by sys_clk_pin  {rise@0.000ns fall@4.000ns period=8.000ns})
  Destination:            led[0]
                            (output port)
  Path Group:             (none)
  Path Type:              Max at Slow Process Corner
  Data Path Delay:        20.829ns  (logic 5.508ns (26.443%)  route 15.321ns (73.557%))
  Logic Levels:           8  (CARRY4=3 LUT4=1 LUT6=3 OBUF=1)
  Clock Uncertainty:      0.025ns  ((TSJ^2 + TIJ^2)^1/2 + DJ) / 2 + PE
    Total System Jitter     (TSJ):    0.050ns
    Total Input Jitter      (TIJ):    0.000ns
    Discrete Jitter          (DJ):    0.000ns
    Phase Error              (PE):    0.000ns

    Location             Delay type                Incr(ns)  Path(ns)    Netlist Resource(s)
  -------------------------------------------------------------------    -------------------
                         (clock sys_clk_pin rise edge)
                                                      0.000     0.000 r  
    H16                                               0.000     0.000 r  clk (IN)
                         net (fo=0)                   0.000     0.000    clk
    H16                  IBUF (Prop_ibuf_I_O)         1.451     1.451 r  clk_IBUF_inst/O
                         net (fo=1, routed)           2.522     3.973    clk_IBUF
    BUFGCTRL_X0Y16       BUFG (Prop_bufg_I_O)         0.101     4.074 r  clk_IBUF_BUFG_inst/O
                         net (fo=126, routed)         1.881     5.955    clk_IBUF_BUFG
    SLICE_X106Y6         FDCE                                         r  B_in_reg[1]/C
  -------------------------------------------------------------------    -------------------
    SLICE_X106Y6         FDCE (Prop_fdce_C_Q)         0.456     6.411 r  B_in_reg[1]/Q
                         net (fo=47, routed)          9.317    15.727    u_alu/u_algorithm/u_sub/Q[1]
    SLICE_X99Y134        LUT4 (Prop_lut4_I2_O)        0.124    15.851 r  u_alu/u_algorithm/u_sub/s_ext_carry_i_6/O
                         net (fo=1, routed)           0.000    15.851    u_alu/u_algorithm/u_sub/s_ext_carry_i_6_n_0
    SLICE_X99Y134        CARRY4 (Prop_carry4_S[1]_CO[3])
                                                      0.550    16.401 r  u_alu/u_algorithm/u_sub/s_ext_carry/CO[3]
                         net (fo=1, routed)           0.000    16.401    u_alu/u_algorithm/u_sub/s_ext_carry_n_0
    SLICE_X99Y135        CARRY4 (Prop_carry4_CI_CO[3])
                                                      0.114    16.515 r  u_alu/u_algorithm/u_sub/s_ext_carry__0/CO[3]
                         net (fo=1, routed)           0.000    16.515    u_alu/u_algorithm/u_sub/s_ext_carry__0_n_0
    SLICE_X99Y136        CARRY4 (Prop_carry4_CI_CO[1])
                                                      0.157    16.672 f  u_alu/u_algorithm/u_sub/s_ext_carry__1/CO[1]
                         net (fo=3, routed)           0.845    17.518    u_alu/u_algorithm/u_sub/s_ext_carry__1_n_2
    SLICE_X98Y137        LUT6 (Prop_lut6_I0_O)        0.329    17.847 f  u_alu/u_algorithm/u_sub/y_hold[15]_i_3/O
                         net (fo=1, routed)           0.987    18.834    u_alu/u_algorithm/u_sub/y_hold[15]_i_3_n_0
    SLICE_X104Y136       LUT6 (Prop_lut6_I4_O)        0.124    18.958 r  u_alu/u_algorithm/u_sub/y_hold[15]_i_2/O
                         net (fo=3, routed)           0.801    19.759    u_alu/u_algorithm/u_sub/D[11]
    SLICE_X107Y134       LUT6 (Prop_lut6_I1_O)        0.124    19.883 r  u_alu/u_algorithm/u_sub/led_OBUF[0]_inst_i_1/O
                         net (fo=1, routed)           3.371    23.254    led_OBUF[0]
    R14                  OBUF (Prop_obuf_I_O)         3.530    26.784 r  led_OBUF[0]_inst/O
                         net (fo=0)                   0.000    26.784    led[0]
    R14                                                               r  led[0] (OUT)
  -------------------------------------------------------------------    -------------------

Slack:                    inf
  Source:                 op_reg_reg[3]/C
                            (rising edge-triggered cell FDCE clocked by sys_clk_pin  {rise@0.000ns fall@4.000ns period=8.000ns})
  Destination:            led[2]
                            (output port)
  Path Group:             (none)
  Path Type:              Max at Slow Process Corner
  Data Path Delay:        10.626ns  (logic 4.768ns (44.876%)  route 5.857ns (55.124%))
  Logic Levels:           4  (LUT5=1 LUT6=2 OBUF=1)
  Clock Uncertainty:      0.025ns  ((TSJ^2 + TIJ^2)^1/2 + DJ) / 2 + PE
    Total System Jitter     (TSJ):    0.050ns
    Total Input Jitter      (TIJ):    0.000ns
    Discrete Jitter          (DJ):    0.000ns
    Phase Error              (PE):    0.000ns

    Location             Delay type                Incr(ns)  Path(ns)    Netlist Resource(s)
  -------------------------------------------------------------------    -------------------
                         (clock sys_clk_pin rise edge)
                                                      0.000     0.000 r  
    H16                                               0.000     0.000 r  clk (IN)
                         net (fo=0)                   0.000     0.000    clk
    H16                  IBUF (Prop_ibuf_I_O)         1.451     1.451 r  clk_IBUF_inst/O
                         net (fo=1, routed)           2.522     3.973    clk_IBUF
    BUFGCTRL_X0Y16       BUFG (Prop_bufg_I_O)         0.101     4.074 r  clk_IBUF_BUFG_inst/O
                         net (fo=126, routed)         2.047     6.121    clk_IBUF_BUFG
    SLICE_X107Y133       FDCE                                         r  op_reg_reg[3]/C
  -------------------------------------------------------------------    -------------------
    SLICE_X107Y133       FDCE (Prop_fdce_C_Q)         0.419     6.540 f  op_reg_reg[3]/Q
                         net (fo=25, routed)          1.374     7.913    u_alu/u_algorithm/u_div/y_hold_reg[0]_2
    SLICE_X105Y136       LUT5 (Prop_lut5_I1_O)        0.327     8.240 r  u_alu/u_algorithm/u_div/led_OBUF[2]_inst_i_4/O
                         net (fo=1, routed)           0.936     9.177    u_alu/u_algorithm/u_div/led_OBUF[2]_inst_i_4_n_0
    SLICE_X106Y134       LUT6 (Prop_lut6_I5_O)        0.326     9.503 r  u_alu/u_algorithm/u_div/led_OBUF[2]_inst_i_2/O
                         net (fo=1, routed)           0.851    10.353    u_alu/u_algorithm/u_div/led_OBUF[2]_inst_i_2_n_0
    SLICE_X107Y134       LUT6 (Prop_lut6_I0_O)        0.124    10.477 r  u_alu/u_algorithm/u_div/led_OBUF[2]_inst_i_1/O
                         net (fo=1, routed)           2.697    13.174    led_OBUF[2]
    N16                  OBUF (Prop_obuf_I_O)         3.572    16.746 r  led_OBUF[2]_inst/O
                         net (fo=0)                   0.000    16.746    led[2]
    N16                                                               r  led[2] (OUT)
  -------------------------------------------------------------------    -------------------

Slack:                    inf
  Source:                 FSM_onehot_state_reg[3]/C
                            (rising edge-triggered cell FDCE clocked by sys_clk_pin  {rise@0.000ns fall@4.000ns period=8.000ns})
  Destination:            led[3]
                            (output port)
  Path Group:             (none)
  Path Type:              Max at Slow Process Corner
  Data Path Delay:        8.889ns  (logic 4.347ns (48.900%)  route 4.542ns (51.100%))
  Logic Levels:           3  (LUT6=2 OBUF=1)
  Clock Uncertainty:      0.025ns  ((TSJ^2 + TIJ^2)^1/2 + DJ) / 2 + PE
    Total System Jitter     (TSJ):    0.050ns
    Total Input Jitter      (TIJ):    0.000ns
    Discrete Jitter          (DJ):    0.000ns
    Phase Error              (PE):    0.000ns

    Location             Delay type                Incr(ns)  Path(ns)    Netlist Resource(s)
  -------------------------------------------------------------------    -------------------
                         (clock sys_clk_pin rise edge)
                                                      0.000     0.000 r  
    H16                                               0.000     0.000 r  clk (IN)
                         net (fo=0)                   0.000     0.000    clk
    H16                  IBUF (Prop_ibuf_I_O)         1.451     1.451 r  clk_IBUF_inst/O
                         net (fo=1, routed)           2.522     3.973    clk_IBUF
    BUFGCTRL_X0Y16       BUFG (Prop_bufg_I_O)         0.101     4.074 r  clk_IBUF_BUFG_inst/O
                         net (fo=126, routed)         1.964     6.038    clk_IBUF_BUFG
    SLICE_X102Y129       FDCE                                         r  FSM_onehot_state_reg[3]/C
  -------------------------------------------------------------------    -------------------
    SLICE_X102Y129       FDCE (Prop_fdce_C_Q)         0.518     6.556 r  FSM_onehot_state_reg[3]/Q
                         net (fo=8, routed)           1.292     7.848    FSM_onehot_state_reg_n_0_[3]
    SLICE_X107Y135       LUT6 (Prop_lut6_I4_O)        0.124     7.972 r  led_OBUF[3]_inst_i_2/O
                         net (fo=1, routed)           0.363     8.335    led_OBUF[3]_inst_i_2_n_0
    SLICE_X107Y135       LUT6 (Prop_lut6_I0_O)        0.124     8.459 r  led_OBUF[3]_inst_i_1/O
                         net (fo=1, routed)           2.887    11.346    led_OBUF[3]
    M14                  OBUF (Prop_obuf_I_O)         3.581    14.927 r  led_OBUF[3]_inst/O
                         net (fo=0)                   0.000    14.927    led[3]
    M14                                                               r  led[3] (OUT)
  -------------------------------------------------------------------    -------------------





Min Delay Paths
--------------------------------------------------------------------------------------
Slack:                    inf
  Source:                 y_hold_reg[7]/C
                            (rising edge-triggered cell FDCE clocked by sys_clk_pin  {rise@0.000ns fall@4.000ns period=8.000ns})
  Destination:            led[3]
                            (output port)
  Path Group:             (none)
  Path Type:              Min at Fast Process Corner
  Data Path Delay:        2.433ns  (logic 1.507ns (61.953%)  route 0.926ns (38.047%))
  Logic Levels:           2  (LUT6=1 OBUF=1)
  Clock Uncertainty:      0.025ns  ((TSJ^2 + TIJ^2)^1/2 + DJ) / 2 + PE
    Total System Jitter     (TSJ):    0.050ns
    Total Input Jitter      (TIJ):    0.000ns
    Discrete Jitter          (DJ):    0.000ns
    Phase Error              (PE):    0.000ns

    Location             Delay type                Incr(ns)  Path(ns)    Netlist Resource(s)
  -------------------------------------------------------------------    -------------------
                         (clock sys_clk_pin rise edge)
                                                      0.000     0.000 r  
    H16                                               0.000     0.000 r  clk (IN)
                         net (fo=0)                   0.000     0.000    clk
    H16                  IBUF (Prop_ibuf_I_O)         0.219     0.219 r  clk_IBUF_inst/O
                         net (fo=1, routed)           0.842     1.060    clk_IBUF
    BUFGCTRL_X0Y16       BUFG (Prop_bufg_I_O)         0.026     1.086 r  clk_IBUF_BUFG_inst/O
                         net (fo=126, routed)         0.713     1.800    clk_IBUF_BUFG
    SLICE_X107Y135       FDCE                                         r  y_hold_reg[7]/C
  -------------------------------------------------------------------    -------------------
    SLICE_X107Y135       FDCE (Prop_fdce_C_Q)         0.128     1.928 r  y_hold_reg[7]/Q
                         net (fo=1, routed)           0.086     2.013    data3[3]
    SLICE_X107Y135       LUT6 (Prop_lut6_I1_O)        0.098     2.111 r  led_OBUF[3]_inst_i_1/O
                         net (fo=1, routed)           0.840     2.951    led_OBUF[3]
    M14                  OBUF (Prop_obuf_I_O)         1.281     4.233 r  led_OBUF[3]_inst/O
                         net (fo=0)                   0.000     4.233    led[3]
    M14                                                               r  led[3] (OUT)
  -------------------------------------------------------------------    -------------------

Slack:                    inf
  Source:                 out_page_reg[2]/C
                            (rising edge-triggered cell FDCE clocked by sys_clk_pin  {rise@0.000ns fall@4.000ns period=8.000ns})
  Destination:            led[2]
                            (output port)
  Path Group:             (none)
  Path Type:              Min at Fast Process Corner
  Data Path Delay:        2.485ns  (logic 1.459ns (58.713%)  route 1.026ns (41.287%))
  Logic Levels:           2  (LUT6=1 OBUF=1)
  Clock Uncertainty:      0.025ns  ((TSJ^2 + TIJ^2)^1/2 + DJ) / 2 + PE
    Total System Jitter     (TSJ):    0.050ns
    Total Input Jitter      (TIJ):    0.000ns
    Discrete Jitter          (DJ):    0.000ns
    Phase Error              (PE):    0.000ns

    Location             Delay type                Incr(ns)  Path(ns)    Netlist Resource(s)
  -------------------------------------------------------------------    -------------------
                         (clock sys_clk_pin rise edge)
                                                      0.000     0.000 r  
    H16                                               0.000     0.000 r  clk (IN)
                         net (fo=0)                   0.000     0.000    clk
    H16                  IBUF (Prop_ibuf_I_O)         0.219     0.219 r  clk_IBUF_inst/O
                         net (fo=1, routed)           0.842     1.060    clk_IBUF
    BUFGCTRL_X0Y16       BUFG (Prop_bufg_I_O)         0.026     1.086 r  clk_IBUF_BUFG_inst/O
                         net (fo=126, routed)         0.712     1.799    clk_IBUF_BUFG
    SLICE_X107Y133       FDCE                                         r  out_page_reg[2]/C
  -------------------------------------------------------------------    -------------------
    SLICE_X107Y133       FDCE (Prop_fdce_C_Q)         0.141     1.940 r  out_page_reg[2]/Q
                         net (fo=8, routed)           0.263     2.203    u_alu/u_algorithm/u_div/out_page[2]
    SLICE_X107Y134       LUT6 (Prop_lut6_I1_O)        0.045     2.248 r  u_alu/u_algorithm/u_div/led_OBUF[2]_inst_i_1/O
                         net (fo=1, routed)           0.763     3.010    led_OBUF[2]
    N16                  OBUF (Prop_obuf_I_O)         1.273     4.283 r  led_OBUF[2]_inst/O
                         net (fo=0)                   0.000     4.283    led[2]
    N16                                                               r  led[2] (OUT)
  -------------------------------------------------------------------    -------------------

Slack:                    inf
  Source:                 y_hold_reg[0]/C
                            (rising edge-triggered cell FDCE clocked by sys_clk_pin  {rise@0.000ns fall@4.000ns period=8.000ns})
  Destination:            led[0]
                            (output port)
  Path Group:             (none)
  Path Type:              Min at Fast Process Corner
  Data Path Delay:        2.634ns  (logic 1.417ns (53.792%)  route 1.217ns (46.208%))
  Logic Levels:           2  (LUT6=1 OBUF=1)
  Clock Uncertainty:      0.025ns  ((TSJ^2 + TIJ^2)^1/2 + DJ) / 2 + PE
    Total System Jitter     (TSJ):    0.050ns
    Total Input Jitter      (TIJ):    0.000ns
    Discrete Jitter          (DJ):    0.000ns
    Phase Error              (PE):    0.000ns

    Location             Delay type                Incr(ns)  Path(ns)    Netlist Resource(s)
  -------------------------------------------------------------------    -------------------
                         (clock sys_clk_pin rise edge)
                                                      0.000     0.000 r  
    H16                                               0.000     0.000 r  clk (IN)
                         net (fo=0)                   0.000     0.000    clk
    H16                  IBUF (Prop_ibuf_I_O)         0.219     0.219 r  clk_IBUF_inst/O
                         net (fo=1, routed)           0.842     1.060    clk_IBUF
    BUFGCTRL_X0Y16       BUFG (Prop_bufg_I_O)         0.026     1.086 r  clk_IBUF_BUFG_inst/O
                         net (fo=126, routed)         0.713     1.800    clk_IBUF_BUFG
    SLICE_X107Y134       FDCE                                         r  y_hold_reg[0]/C
  -------------------------------------------------------------------    -------------------
    SLICE_X107Y134       FDCE (Prop_fdce_C_Q)         0.141     1.941 r  y_hold_reg[0]/Q
                         net (fo=1, routed)           0.158     2.099    u_alu/u_algorithm/u_sub/led_OBUF[1]_inst_i_1_2[0]
    SLICE_X107Y134       LUT6 (Prop_lut6_I4_O)        0.045     2.144 r  u_alu/u_algorithm/u_sub/led_OBUF[0]_inst_i_1/O
                         net (fo=1, routed)           1.059     3.203    led_OBUF[0]
    R14                  OBUF (Prop_obuf_I_O)         1.231     4.433 r  led_OBUF[0]_inst/O
                         net (fo=0)                   0.000     4.433    led[0]
    R14                                                               r  led[0] (OUT)
  -------------------------------------------------------------------    -------------------

Slack:                    inf
  Source:                 out_page_reg[2]/C
                            (rising edge-triggered cell FDCE clocked by sys_clk_pin  {rise@0.000ns fall@4.000ns period=8.000ns})
  Destination:            led[1]
                            (output port)
  Path Group:             (none)
  Path Type:              Min at Fast Process Corner
  Data Path Delay:        2.903ns  (logic 1.489ns (51.286%)  route 1.414ns (48.714%))
  Logic Levels:           3  (LUT5=1 LUT6=1 OBUF=1)
  Clock Uncertainty:      0.025ns  ((TSJ^2 + TIJ^2)^1/2 + DJ) / 2 + PE
    Total System Jitter     (TSJ):    0.050ns
    Total Input Jitter      (TIJ):    0.000ns
    Discrete Jitter          (DJ):    0.000ns
    Phase Error              (PE):    0.000ns

    Location             Delay type                Incr(ns)  Path(ns)    Netlist Resource(s)
  -------------------------------------------------------------------    -------------------
                         (clock sys_clk_pin rise edge)
                                                      0.000     0.000 r  
    H16                                               0.000     0.000 r  clk (IN)
                         net (fo=0)                   0.000     0.000    clk
    H16                  IBUF (Prop_ibuf_I_O)         0.219     0.219 r  clk_IBUF_inst/O
                         net (fo=1, routed)           0.842     1.060    clk_IBUF
    BUFGCTRL_X0Y16       BUFG (Prop_bufg_I_O)         0.026     1.086 r  clk_IBUF_BUFG_inst/O
                         net (fo=126, routed)         0.712     1.799    clk_IBUF_BUFG
    SLICE_X107Y133       FDCE                                         r  out_page_reg[2]/C
  -------------------------------------------------------------------    -------------------
    SLICE_X107Y133       FDCE (Prop_fdce_C_Q)         0.141     1.940 f  out_page_reg[2]/Q
                         net (fo=8, routed)           0.153     2.092    u_alu/u_algorithm/u_sub/out_page[2]
    SLICE_X106Y135       LUT6 (Prop_lut6_I5_O)        0.045     2.137 f  u_alu/u_algorithm/u_sub/led_OBUF[1]_inst_i_6/O
                         net (fo=1, routed)           0.137     2.275    u_alu/u_algorithm/u_sub/led_OBUF[1]_inst_i_6_n_0
    SLICE_X106Y135       LUT5 (Prop_lut5_I4_O)        0.045     2.320 r  u_alu/u_algorithm/u_sub/led_OBUF[1]_inst_i_1/O
                         net (fo=1, routed)           1.124     3.444    led_OBUF[1]
    P14                  OBUF (Prop_obuf_I_O)         1.258     4.702 r  led_OBUF[1]_inst/O
                         net (fo=0)                   0.000     4.702    led[1]
    P14                                                               r  led[1] (OUT)
  -------------------------------------------------------------------    -------------------





--------------------------------------------------------------------------------------
Path Group:  (none)
From Clock:  
  To Clock:  sys_clk_pin

Max Delay           142 Endpoints
Min Delay           142 Endpoints
--------------------------------------------------------------------------------------


Max Delay Paths
--------------------------------------------------------------------------------------
Slack:                    inf
  Source:                 btn_rst_raw
                            (input port)
  Destination:            B_in_reg[0]_replica_7/CLR
                            (recovery check against rising-edge clock sys_clk_pin  {rise@0.000ns fall@4.000ns period=8.000ns})
  Path Group:             (none)
  Path Type:              Recovery (Max at Slow Process Corner)
  Data Path Delay:        11.622ns  (logic 1.463ns (12.592%)  route 10.158ns (87.408%))
  Logic Levels:           1  (IBUF=1)
  Clock Path Skew:        5.392ns (DCD - SCD + CPR)
    Destination Clock Delay (DCD):    5.392ns
    Source Clock Delay      (SCD):    0.000ns
    Clock Pessimism Removal (CPR):    0.000ns
  Clock Uncertainty:      0.025ns  ((TSJ^2 + TIJ^2)^1/2 + DJ) / 2 + PE
    Total System Jitter     (TSJ):    0.050ns
    Total Input Jitter      (TIJ):    0.000ns
    Discrete Jitter          (DJ):    0.000ns
    Phase Error              (PE):    0.000ns

    Location             Delay type                Incr(ns)  Path(ns)    Netlist Resource(s)
  -------------------------------------------------------------------    -------------------
    D19                                               0.000     0.000 f  btn_rst_raw (IN)
                         net (fo=0)                   0.000     0.000    btn_rst_raw
    D19                  IBUF (Prop_ibuf_I_O)         1.463     1.463 f  btn_rst_raw_IBUF_inst/O
                         net (fo=125, routed)        10.158    11.622    btn_rst_raw_IBUF
    SLICE_X105Y2         FDCE                                         f  B_in_reg[0]_replica_7/CLR
  -------------------------------------------------------------------    -------------------

                         (clock sys_clk_pin rise edge)
                                                      0.000     0.000 r  
    H16                                               0.000     0.000 r  clk (IN)
                         net (fo=0)                   0.000     0.000    clk
    H16                  IBUF (Prop_ibuf_I_O)         1.380     1.380 r  clk_IBUF_inst/O
                         net (fo=1, routed)           2.293     3.673    clk_IBUF
    BUFGCTRL_X0Y16       BUFG (Prop_bufg_I_O)         0.091     3.764 r  clk_IBUF_BUFG_inst/O
                         net (fo=126, routed)         1.627     5.392    clk_IBUF_BUFG
    SLICE_X105Y2         FDCE                                         r  B_in_reg[0]_replica_7/C

Slack:                    inf
  Source:                 btn_rst_raw
                            (input port)
  Destination:            B_in_reg[4]_replica_10/CLR
                            (recovery check against rising-edge clock sys_clk_pin  {rise@0.000ns fall@4.000ns period=8.000ns})
  Path Group:             (none)
  Path Type:              Recovery (Max at Slow Process Corner)
  Data Path Delay:        11.622ns  (logic 1.463ns (12.592%)  route 10.158ns (87.408%))
  Logic Levels:           1  (IBUF=1)
  Clock Path Skew:        5.392ns (DCD - SCD + CPR)
    Destination Clock Delay (DCD):    5.392ns
    Source Clock Delay      (SCD):    0.000ns
    Clock Pessimism Removal (CPR):    0.000ns
  Clock Uncertainty:      0.025ns  ((TSJ^2 + TIJ^2)^1/2 + DJ) / 2 + PE
    Total System Jitter     (TSJ):    0.050ns
    Total Input Jitter      (TIJ):    0.000ns
    Discrete Jitter          (DJ):    0.000ns
    Phase Error              (PE):    0.000ns

    Location             Delay type                Incr(ns)  Path(ns)    Netlist Resource(s)
  -------------------------------------------------------------------    -------------------
    D19                                               0.000     0.000 f  btn_rst_raw (IN)
                         net (fo=0)                   0.000     0.000    btn_rst_raw
    D19                  IBUF (Prop_ibuf_I_O)         1.463     1.463 f  btn_rst_raw_IBUF_inst/O
                         net (fo=125, routed)        10.158    11.622    btn_rst_raw_IBUF
    SLICE_X105Y2         FDCE                                         f  B_in_reg[4]_replica_10/CLR
  -------------------------------------------------------------------    -------------------

                         (clock sys_clk_pin rise edge)
                                                      0.000     0.000 r  
    H16                                               0.000     0.000 r  clk (IN)
                         net (fo=0)                   0.000     0.000    clk
    H16                  IBUF (Prop_ibuf_I_O)         1.380     1.380 r  clk_IBUF_inst/O
                         net (fo=1, routed)           2.293     3.673    clk_IBUF
    BUFGCTRL_X0Y16       BUFG (Prop_bufg_I_O)         0.091     3.764 r  clk_IBUF_BUFG_inst/O
                         net (fo=126, routed)         1.627     5.392    clk_IBUF_BUFG
    SLICE_X105Y2         FDCE                                         r  B_in_reg[4]_replica_10/C

Slack:                    inf
  Source:                 btn_rst_raw
                            (input port)
  Destination:            B_in_reg[4]_replica_9/CLR
                            (recovery check against rising-edge clock sys_clk_pin  {rise@0.000ns fall@4.000ns period=8.000ns})
  Path Group:             (none)
  Path Type:              Recovery (Max at Slow Process Corner)
  Data Path Delay:        11.351ns  (logic 1.463ns (12.893%)  route 9.887ns (87.107%))
  Logic Levels:           1  (IBUF=1)
  Clock Path Skew:        5.465ns (DCD - SCD + CPR)
    Destination Clock Delay (DCD):    5.465ns
    Source Clock Delay      (SCD):    0.000ns
    Clock Pessimism Removal (CPR):    0.000ns
  Clock Uncertainty:      0.025ns  ((TSJ^2 + TIJ^2)^1/2 + DJ) / 2 + PE
    Total System Jitter     (TSJ):    0.050ns
    Total Input Jitter      (TIJ):    0.000ns
    Discrete Jitter          (DJ):    0.000ns
    Phase Error              (PE):    0.000ns

    Location             Delay type                Incr(ns)  Path(ns)    Netlist Resource(s)
  -------------------------------------------------------------------    -------------------
    D19                                               0.000     0.000 f  btn_rst_raw (IN)
                         net (fo=0)                   0.000     0.000    btn_rst_raw
    D19                  IBUF (Prop_ibuf_I_O)         1.463     1.463 f  btn_rst_raw_IBUF_inst/O
                         net (fo=125, routed)         9.887    11.351    btn_rst_raw_IBUF
    SLICE_X106Y3         FDCE                                         f  B_in_reg[4]_replica_9/CLR
  -------------------------------------------------------------------    -------------------

                         (clock sys_clk_pin rise edge)
                                                      0.000     0.000 r  
    H16                                               0.000     0.000 r  clk (IN)
                         net (fo=0)                   0.000     0.000    clk
    H16                  IBUF (Prop_ibuf_I_O)         1.380     1.380 r  clk_IBUF_inst/O
                         net (fo=1, routed)           2.293     3.673    clk_IBUF
    BUFGCTRL_X0Y16       BUFG (Prop_bufg_I_O)         0.091     3.764 r  clk_IBUF_BUFG_inst/O
                         net (fo=126, routed)         1.700     5.465    clk_IBUF_BUFG
    SLICE_X106Y3         FDCE                                         r  B_in_reg[4]_replica_9/C

Slack:                    inf
  Source:                 btn_rst_raw
                            (input port)
  Destination:            B_in_reg[7]_rep__6/CLR
                            (recovery check against rising-edge clock sys_clk_pin  {rise@0.000ns fall@4.000ns period=8.000ns})
  Path Group:             (none)
  Path Type:              Recovery (Max at Slow Process Corner)
  Data Path Delay:        11.346ns  (logic 1.463ns (12.898%)  route 9.883ns (87.102%))
  Logic Levels:           1  (IBUF=1)
  Clock Path Skew:        5.465ns (DCD - SCD + CPR)
    Destination Clock Delay (DCD):    5.465ns
    Source Clock Delay      (SCD):    0.000ns
    Clock Pessimism Removal (CPR):    0.000ns
  Clock Uncertainty:      0.025ns  ((TSJ^2 + TIJ^2)^1/2 + DJ) / 2 + PE
    Total System Jitter     (TSJ):    0.050ns
    Total Input Jitter      (TIJ):    0.000ns
    Discrete Jitter          (DJ):    0.000ns
    Phase Error              (PE):    0.000ns

    Location             Delay type                Incr(ns)  Path(ns)    Netlist Resource(s)
  -------------------------------------------------------------------    -------------------
    D19                                               0.000     0.000 f  btn_rst_raw (IN)
                         net (fo=0)                   0.000     0.000    btn_rst_raw
    D19                  IBUF (Prop_ibuf_I_O)         1.463     1.463 f  btn_rst_raw_IBUF_inst/O
                         net (fo=125, routed)         9.883    11.346    btn_rst_raw_IBUF
    SLICE_X107Y3         FDCE                                         f  B_in_reg[7]_rep__6/CLR
  -------------------------------------------------------------------    -------------------

                         (clock sys_clk_pin rise edge)
                                                      0.000     0.000 r  
    H16                                               0.000     0.000 r  clk (IN)
                         net (fo=0)                   0.000     0.000    clk
    H16                  IBUF (Prop_ibuf_I_O)         1.380     1.380 r  clk_IBUF_inst/O
                         net (fo=1, routed)           2.293     3.673    clk_IBUF
    BUFGCTRL_X0Y16       BUFG (Prop_bufg_I_O)         0.091     3.764 r  clk_IBUF_BUFG_inst/O
                         net (fo=126, routed)         1.700     5.465    clk_IBUF_BUFG
    SLICE_X107Y3         FDCE                                         r  B_in_reg[7]_rep__6/C

Slack:                    inf
  Source:                 btn_rst_raw
                            (input port)
  Destination:            B_in_reg[5]/CLR
                            (recovery check against rising-edge clock sys_clk_pin  {rise@0.000ns fall@4.000ns period=8.000ns})
  Path Group:             (none)
  Path Type:              Recovery (Max at Slow Process Corner)
  Data Path Delay:        11.207ns  (logic 1.463ns (13.058%)  route 9.743ns (86.942%))
  Logic Levels:           1  (IBUF=1)
  Clock Path Skew:        5.464ns (DCD - SCD + CPR)
    Destination Clock Delay (DCD):    5.464ns
    Source Clock Delay      (SCD):    0.000ns
    Clock Pessimism Removal (CPR):    0.000ns
  Clock Uncertainty:      0.025ns  ((TSJ^2 + TIJ^2)^1/2 + DJ) / 2 + PE
    Total System Jitter     (TSJ):    0.050ns
    Total Input Jitter      (TIJ):    0.000ns
    Discrete Jitter          (DJ):    0.000ns
    Phase Error              (PE):    0.000ns

    Location             Delay type                Incr(ns)  Path(ns)    Netlist Resource(s)
  -------------------------------------------------------------------    -------------------
    D19                                               0.000     0.000 f  btn_rst_raw (IN)
                         net (fo=0)                   0.000     0.000    btn_rst_raw
    D19                  IBUF (Prop_ibuf_I_O)         1.463     1.463 f  btn_rst_raw_IBUF_inst/O
                         net (fo=125, routed)         9.743    11.207    btn_rst_raw_IBUF
    SLICE_X106Y7         FDCE                                         f  B_in_reg[5]/CLR
  -------------------------------------------------------------------    -------------------

                         (clock sys_clk_pin rise edge)
                                                      0.000     0.000 r  
    H16                                               0.000     0.000 r  clk (IN)
                         net (fo=0)                   0.000     0.000    clk
    H16                  IBUF (Prop_ibuf_I_O)         1.380     1.380 r  clk_IBUF_inst/O
                         net (fo=1, routed)           2.293     3.673    clk_IBUF
    BUFGCTRL_X0Y16       BUFG (Prop_bufg_I_O)         0.091     3.764 r  clk_IBUF_BUFG_inst/O
                         net (fo=126, routed)         1.699     5.464    clk_IBUF_BUFG
    SLICE_X106Y7         FDCE                                         r  B_in_reg[5]/C

Slack:                    inf
  Source:                 btn_rst_raw
                            (input port)
  Destination:            B_in_reg[6]/CLR
                            (recovery check against rising-edge clock sys_clk_pin  {rise@0.000ns fall@4.000ns period=8.000ns})
  Path Group:             (none)
  Path Type:              Recovery (Max at Slow Process Corner)
  Data Path Delay:        11.207ns  (logic 1.463ns (13.058%)  route 9.743ns (86.942%))
  Logic Levels:           1  (IBUF=1)
  Clock Path Skew:        5.464ns (DCD - SCD + CPR)
    Destination Clock Delay (DCD):    5.464ns
    Source Clock Delay      (SCD):    0.000ns
    Clock Pessimism Removal (CPR):    0.000ns
  Clock Uncertainty:      0.025ns  ((TSJ^2 + TIJ^2)^1/2 + DJ) / 2 + PE
    Total System Jitter     (TSJ):    0.050ns
    Total Input Jitter      (TIJ):    0.000ns
    Discrete Jitter          (DJ):    0.000ns
    Phase Error              (PE):    0.000ns

    Location             Delay type                Incr(ns)  Path(ns)    Netlist Resource(s)
  -------------------------------------------------------------------    -------------------
    D19                                               0.000     0.000 f  btn_rst_raw (IN)
                         net (fo=0)                   0.000     0.000    btn_rst_raw
    D19                  IBUF (Prop_ibuf_I_O)         1.463     1.463 f  btn_rst_raw_IBUF_inst/O
                         net (fo=125, routed)         9.743    11.207    btn_rst_raw_IBUF
    SLICE_X106Y7         FDCE                                         f  B_in_reg[6]/CLR
  -------------------------------------------------------------------    -------------------

                         (clock sys_clk_pin rise edge)
                                                      0.000     0.000 r  
    H16                                               0.000     0.000 r  clk (IN)
                         net (fo=0)                   0.000     0.000    clk
    H16                  IBUF (Prop_ibuf_I_O)         1.380     1.380 r  clk_IBUF_inst/O
                         net (fo=1, routed)           2.293     3.673    clk_IBUF
    BUFGCTRL_X0Y16       BUFG (Prop_bufg_I_O)         0.091     3.764 r  clk_IBUF_BUFG_inst/O
                         net (fo=126, routed)         1.699     5.464    clk_IBUF_BUFG
    SLICE_X106Y7         FDCE                                         r  B_in_reg[6]/C

Slack:                    inf
  Source:                 btn_rst_raw
                            (input port)
  Destination:            B_in_reg[0]/CLR
                            (recovery check against rising-edge clock sys_clk_pin  {rise@0.000ns fall@4.000ns period=8.000ns})
  Path Group:             (none)
  Path Type:              Recovery (Max at Slow Process Corner)
  Data Path Delay:        11.068ns  (logic 1.463ns (13.221%)  route 9.605ns (86.779%))
  Logic Levels:           1  (IBUF=1)
  Clock Path Skew:        5.465ns (DCD - SCD + CPR)
    Destination Clock Delay (DCD):    5.465ns
    Source Clock Delay      (SCD):    0.000ns
    Clock Pessimism Removal (CPR):    0.000ns
  Clock Uncertainty:      0.025ns  ((TSJ^2 + TIJ^2)^1/2 + DJ) / 2 + PE
    Total System Jitter     (TSJ):    0.050ns
    Total Input Jitter      (TIJ):    0.000ns
    Discrete Jitter          (DJ):    0.000ns
    Phase Error              (PE):    0.000ns

    Location             Delay type                Incr(ns)  Path(ns)    Netlist Resource(s)
  -------------------------------------------------------------------    -------------------
    D19                                               0.000     0.000 f  btn_rst_raw (IN)
                         net (fo=0)                   0.000     0.000    btn_rst_raw
    D19                  IBUF (Prop_ibuf_I_O)         1.463     1.463 f  btn_rst_raw_IBUF_inst/O
                         net (fo=125, routed)         9.605    11.068    btn_rst_raw_IBUF
    SLICE_X106Y6         FDCE                                         f  B_in_reg[0]/CLR
  -------------------------------------------------------------------    -------------------

                         (clock sys_clk_pin rise edge)
                                                      0.000     0.000 r  
    H16                                               0.000     0.000 r  clk (IN)
                         net (fo=0)                   0.000     0.000    clk
    H16                  IBUF (Prop_ibuf_I_O)         1.380     1.380 r  clk_IBUF_inst/O
                         net (fo=1, routed)           2.293     3.673    clk_IBUF
    BUFGCTRL_X0Y16       BUFG (Prop_bufg_I_O)         0.091     3.764 r  clk_IBUF_BUFG_inst/O
                         net (fo=126, routed)         1.700     5.465    clk_IBUF_BUFG
    SLICE_X106Y6         FDCE                                         r  B_in_reg[0]/C

Slack:                    inf
  Source:                 btn_rst_raw
                            (input port)
  Destination:            B_in_reg[1]/CLR
                            (recovery check against rising-edge clock sys_clk_pin  {rise@0.000ns fall@4.000ns period=8.000ns})
  Path Group:             (none)
  Path Type:              Recovery (Max at Slow Process Corner)
  Data Path Delay:        11.068ns  (logic 1.463ns (13.221%)  route 9.605ns (86.779%))
  Logic Levels:           1  (IBUF=1)
  Clock Path Skew:        5.465ns (DCD - SCD + CPR)
    Destination Clock Delay (DCD):    5.465ns
    Source Clock Delay      (SCD):    0.000ns
    Clock Pessimism Removal (CPR):    0.000ns
  Clock Uncertainty:      0.025ns  ((TSJ^2 + TIJ^2)^1/2 + DJ) / 2 + PE
    Total System Jitter     (TSJ):    0.050ns
    Total Input Jitter      (TIJ):    0.000ns
    Discrete Jitter          (DJ):    0.000ns
    Phase Error              (PE):    0.000ns

    Location             Delay type                Incr(ns)  Path(ns)    Netlist Resource(s)
  -------------------------------------------------------------------    -------------------
    D19                                               0.000     0.000 f  btn_rst_raw (IN)
                         net (fo=0)                   0.000     0.000    btn_rst_raw
    D19                  IBUF (Prop_ibuf_I_O)         1.463     1.463 f  btn_rst_raw_IBUF_inst/O
                         net (fo=125, routed)         9.605    11.068    btn_rst_raw_IBUF
    SLICE_X106Y6         FDCE                                         f  B_in_reg[1]/CLR
  -------------------------------------------------------------------    -------------------

                         (clock sys_clk_pin rise edge)
                                                      0.000     0.000 r  
    H16                                               0.000     0.000 r  clk (IN)
                         net (fo=0)                   0.000     0.000    clk
    H16                  IBUF (Prop_ibuf_I_O)         1.380     1.380 r  clk_IBUF_inst/O
                         net (fo=1, routed)           2.293     3.673    clk_IBUF
    BUFGCTRL_X0Y16       BUFG (Prop_bufg_I_O)         0.091     3.764 r  clk_IBUF_BUFG_inst/O
                         net (fo=126, routed)         1.700     5.465    clk_IBUF_BUFG
    SLICE_X106Y6         FDCE                                         r  B_in_reg[1]/C

Slack:                    inf
  Source:                 btn_rst_raw
                            (input port)
  Destination:            B_in_reg[2]/CLR
                            (recovery check against rising-edge clock sys_clk_pin  {rise@0.000ns fall@4.000ns period=8.000ns})
  Path Group:             (none)
  Path Type:              Recovery (Max at Slow Process Corner)
  Data Path Delay:        11.068ns  (logic 1.463ns (13.221%)  route 9.605ns (86.779%))
  Logic Levels:           1  (IBUF=1)
  Clock Path Skew:        5.465ns (DCD - SCD + CPR)
    Destination Clock Delay (DCD):    5.465ns
    Source Clock Delay      (SCD):    0.000ns
    Clock Pessimism Removal (CPR):    0.000ns
  Clock Uncertainty:      0.025ns  ((TSJ^2 + TIJ^2)^1/2 + DJ) / 2 + PE
    Total System Jitter     (TSJ):    0.050ns
    Total Input Jitter      (TIJ):    0.000ns
    Discrete Jitter          (DJ):    0.000ns
    Phase Error              (PE):    0.000ns

    Location             Delay type                Incr(ns)  Path(ns)    Netlist Resource(s)
  -------------------------------------------------------------------    -------------------
    D19                                               0.000     0.000 f  btn_rst_raw (IN)
                         net (fo=0)                   0.000     0.000    btn_rst_raw
    D19                  IBUF (Prop_ibuf_I_O)         1.463     1.463 f  btn_rst_raw_IBUF_inst/O
                         net (fo=125, routed)         9.605    11.068    btn_rst_raw_IBUF
    SLICE_X106Y6         FDCE                                         f  B_in_reg[2]/CLR
  -------------------------------------------------------------------    -------------------

                         (clock sys_clk_pin rise edge)
                                                      0.000     0.000 r  
    H16                                               0.000     0.000 r  clk (IN)
                         net (fo=0)                   0.000     0.000    clk
    H16                  IBUF (Prop_ibuf_I_O)         1.380     1.380 r  clk_IBUF_inst/O
                         net (fo=1, routed)           2.293     3.673    clk_IBUF
    BUFGCTRL_X0Y16       BUFG (Prop_bufg_I_O)         0.091     3.764 r  clk_IBUF_BUFG_inst/O
                         net (fo=126, routed)         1.700     5.465    clk_IBUF_BUFG
    SLICE_X106Y6         FDCE                                         r  B_in_reg[2]/C

Slack:                    inf
  Source:                 btn_rst_raw
                            (input port)
  Destination:            B_in_reg[4]_replica_8/CLR
                            (recovery check against rising-edge clock sys_clk_pin  {rise@0.000ns fall@4.000ns period=8.000ns})
  Path Group:             (none)
  Path Type:              Recovery (Max at Slow Process Corner)
  Data Path Delay:        11.064ns  (logic 1.463ns (13.227%)  route 9.601ns (86.773%))
  Logic Levels:           1  (IBUF=1)
  Clock Path Skew:        5.465ns (DCD - SCD + CPR)
    Destination Clock Delay (DCD):    5.465ns
    Source Clock Delay      (SCD):    0.000ns
    Clock Pessimism Removal (CPR):    0.000ns
  Clock Uncertainty:      0.025ns  ((TSJ^2 + TIJ^2)^1/2 + DJ) / 2 + PE
    Total System Jitter     (TSJ):    0.050ns
    Total Input Jitter      (TIJ):    0.000ns
    Discrete Jitter          (DJ):    0.000ns
    Phase Error              (PE):    0.000ns

    Location             Delay type                Incr(ns)  Path(ns)    Netlist Resource(s)
  -------------------------------------------------------------------    -------------------
    D19                                               0.000     0.000 f  btn_rst_raw (IN)
                         net (fo=0)                   0.000     0.000    btn_rst_raw
    D19                  IBUF (Prop_ibuf_I_O)         1.463     1.463 f  btn_rst_raw_IBUF_inst/O
                         net (fo=125, routed)         9.601    11.064    btn_rst_raw_IBUF
    SLICE_X107Y6         FDCE                                         f  B_in_reg[4]_replica_8/CLR
  -------------------------------------------------------------------    -------------------

                         (clock sys_clk_pin rise edge)
                                                      0.000     0.000 r  
    H16                                               0.000     0.000 r  clk (IN)
                         net (fo=0)                   0.000     0.000    clk
    H16                  IBUF (Prop_ibuf_I_O)         1.380     1.380 r  clk_IBUF_inst/O
                         net (fo=1, routed)           2.293     3.673    clk_IBUF
    BUFGCTRL_X0Y16       BUFG (Prop_bufg_I_O)         0.091     3.764 r  clk_IBUF_BUFG_inst/O
                         net (fo=126, routed)         1.700     5.465    clk_IBUF_BUFG
    SLICE_X107Y6         FDCE                                         r  B_in_reg[4]_replica_8/C





Min Delay Paths
--------------------------------------------------------------------------------------
Slack:                    inf
  Source:                 btn_mode_raw
                            (input port)
  Destination:            u_btn_mode/btn_sync1_reg/D
                            (rising edge-triggered cell FDCE clocked by sys_clk_pin  {rise@0.000ns fall@4.000ns period=8.000ns})
  Path Group:             (none)
  Path Type:              Hold (Min at Fast Process Corner)
  Data Path Delay:        0.637ns  (logic 0.232ns (36.426%)  route 0.405ns (63.574%))
  Logic Levels:           1  (IBUF=1)
  Clock Path Skew:        2.331ns (DCD - SCD - CPR)
    Destination Clock Delay (DCD):    2.331ns
    Source Clock Delay      (SCD):    0.000ns
    Clock Pessimism Removal (CPR):    -0.000ns

    Location             Delay type                Incr(ns)  Path(ns)    Netlist Resource(s)
  -------------------------------------------------------------------    -------------------
    D20                                               0.000     0.000 r  btn_mode_raw (IN)
                         net (fo=0)                   0.000     0.000    btn_mode_raw
    D20                  IBUF (Prop_ibuf_I_O)         0.232     0.232 r  btn_mode_raw_IBUF_inst/O
                         net (fo=1, routed)           0.405     0.637    u_btn_mode/btn_mode_raw_IBUF
    SLICE_X108Y139       FDCE                                         r  u_btn_mode/btn_sync1_reg/D
  -------------------------------------------------------------------    -------------------

                         (clock sys_clk_pin rise edge)
                                                      0.000     0.000 r  
    H16                                               0.000     0.000 r  clk (IN)
                         net (fo=0)                   0.000     0.000    clk
    H16                  IBUF (Prop_ibuf_I_O)         0.406     0.406 r  clk_IBUF_inst/O
                         net (fo=1, routed)           0.907     1.313    clk_IBUF
    BUFGCTRL_X0Y16       BUFG (Prop_bufg_I_O)         0.029     1.342 r  clk_IBUF_BUFG_inst/O
                         net (fo=126, routed)         0.989     2.331    u_btn_mode/clk_IBUF_BUFG
    SLICE_X108Y139       FDCE                                         r  u_btn_mode/btn_sync1_reg/C

Slack:                    inf
  Source:                 btn_rst_raw
                            (input port)
  Destination:            u_btn_mode/btn_sync1_reg/CLR
                            (removal check against rising-edge clock sys_clk_pin  {rise@0.000ns fall@4.000ns period=8.000ns})
  Path Group:             (none)
  Path Type:              Removal (Min at Fast Process Corner)
  Data Path Delay:        0.676ns  (logic 0.231ns (34.221%)  route 0.445ns (65.779%))
  Logic Levels:           1  (IBUF=1)
  Clock Path Skew:        2.331ns (DCD - SCD - CPR)
    Destination Clock Delay (DCD):    2.331ns
    Source Clock Delay      (SCD):    0.000ns
    Clock Pessimism Removal (CPR):    -0.000ns

    Location             Delay type                Incr(ns)  Path(ns)    Netlist Resource(s)
  -------------------------------------------------------------------    -------------------
    D19                                               0.000     0.000 f  btn_rst_raw (IN)
                         net (fo=0)                   0.000     0.000    btn_rst_raw
    D19                  IBUF (Prop_ibuf_I_O)         0.231     0.231 f  btn_rst_raw_IBUF_inst/O
                         net (fo=125, routed)         0.445     0.676    u_btn_mode/btn_rst_raw_IBUF
    SLICE_X108Y139       FDCE                                         f  u_btn_mode/btn_sync1_reg/CLR
  -------------------------------------------------------------------    -------------------

                         (clock sys_clk_pin rise edge)
                                                      0.000     0.000 r  
    H16                                               0.000     0.000 r  clk (IN)
                         net (fo=0)                   0.000     0.000    clk
    H16                  IBUF (Prop_ibuf_I_O)         0.406     0.406 r  clk_IBUF_inst/O
                         net (fo=1, routed)           0.907     1.313    clk_IBUF
    BUFGCTRL_X0Y16       BUFG (Prop_bufg_I_O)         0.029     1.342 r  clk_IBUF_BUFG_inst/O
                         net (fo=126, routed)         0.989     2.331    u_btn_mode/clk_IBUF_BUFG
    SLICE_X108Y139       FDCE                                         r  u_btn_mode/btn_sync1_reg/C

Slack:                    inf
  Source:                 btn_rst_raw
                            (input port)
  Destination:            u_btn_mode/btn_sync2_reg/CLR
                            (removal check against rising-edge clock sys_clk_pin  {rise@0.000ns fall@4.000ns period=8.000ns})
  Path Group:             (none)
  Path Type:              Removal (Min at Fast Process Corner)
  Data Path Delay:        0.676ns  (logic 0.231ns (34.221%)  route 0.445ns (65.779%))
  Logic Levels:           1  (IBUF=1)
  Clock Path Skew:        2.331ns (DCD - SCD - CPR)
    Destination Clock Delay (DCD):    2.331ns
    Source Clock Delay      (SCD):    0.000ns
    Clock Pessimism Removal (CPR):    -0.000ns

    Location             Delay type                Incr(ns)  Path(ns)    Netlist Resource(s)
  -------------------------------------------------------------------    -------------------
    D19                                               0.000     0.000 f  btn_rst_raw (IN)
                         net (fo=0)                   0.000     0.000    btn_rst_raw
    D19                  IBUF (Prop_ibuf_I_O)         0.231     0.231 f  btn_rst_raw_IBUF_inst/O
                         net (fo=125, routed)         0.445     0.676    u_btn_mode/btn_rst_raw_IBUF
    SLICE_X108Y139       FDCE                                         f  u_btn_mode/btn_sync2_reg/CLR
  -------------------------------------------------------------------    -------------------

                         (clock sys_clk_pin rise edge)
                                                      0.000     0.000 r  
    H16                                               0.000     0.000 r  clk (IN)
                         net (fo=0)                   0.000     0.000    clk
    H16                  IBUF (Prop_ibuf_I_O)         0.406     0.406 r  clk_IBUF_inst/O
                         net (fo=1, routed)           0.907     1.313    clk_IBUF
    BUFGCTRL_X0Y16       BUFG (Prop_bufg_I_O)         0.029     1.342 r  clk_IBUF_BUFG_inst/O
                         net (fo=126, routed)         0.989     2.331    u_btn_mode/clk_IBUF_BUFG
    SLICE_X108Y139       FDCE                                         r  u_btn_mode/btn_sync2_reg/C

Slack:                    inf
  Source:                 btn_next_raw
                            (input port)
  Destination:            u_btn_next/btn_sync1_reg/D
                            (rising edge-triggered cell FDCE clocked by sys_clk_pin  {rise@0.000ns fall@4.000ns period=8.000ns})
  Path Group:             (none)
  Path Type:              Hold (Min at Fast Process Corner)
  Data Path Delay:        0.687ns  (logic 0.281ns (40.826%)  route 0.407ns (59.174%))
  Logic Levels:           1  (IBUF=1)
  Clock Path Skew:        2.324ns (DCD - SCD - CPR)
    Destination Clock Delay (DCD):    2.324ns
    Source Clock Delay      (SCD):    0.000ns
    Clock Pessimism Removal (CPR):    -0.000ns

    Location             Delay type                Incr(ns)  Path(ns)    Netlist Resource(s)
  -------------------------------------------------------------------    -------------------
    L20                                               0.000     0.000 r  btn_next_raw (IN)
                         net (fo=0)                   0.000     0.000    btn_next_raw
    L20                  IBUF (Prop_ibuf_I_O)         0.281     0.281 r  btn_next_raw_IBUF_inst/O
                         net (fo=1, routed)           0.407     0.687    u_btn_next/btn_next_raw_IBUF
    SLICE_X107Y131       FDCE                                         r  u_btn_next/btn_sync1_reg/D
  -------------------------------------------------------------------    -------------------

                         (clock sys_clk_pin rise edge)
                                                      0.000     0.000 r  
    H16                                               0.000     0.000 r  clk (IN)
                         net (fo=0)                   0.000     0.000    clk
    H16                  IBUF (Prop_ibuf_I_O)         0.406     0.406 r  clk_IBUF_inst/O
                         net (fo=1, routed)           0.907     1.313    clk_IBUF
    BUFGCTRL_X0Y16       BUFG (Prop_bufg_I_O)         0.029     1.342 r  clk_IBUF_BUFG_inst/O
                         net (fo=126, routed)         0.982     2.324    u_btn_next/clk_IBUF_BUFG
    SLICE_X107Y131       FDCE                                         r  u_btn_next/btn_sync1_reg/C

Slack:                    inf
  Source:                 btn_rst_raw
                            (input port)
  Destination:            u_btn_mode/cnt_reg[3]/CLR
                            (removal check against rising-edge clock sys_clk_pin  {rise@0.000ns fall@4.000ns period=8.000ns})
  Path Group:             (none)
  Path Type:              Removal (Min at Fast Process Corner)
  Data Path Delay:        0.797ns  (logic 0.231ns (29.048%)  route 0.565ns (70.952%))
  Logic Levels:           1  (IBUF=1)
  Clock Path Skew:        2.328ns (DCD - SCD - CPR)
    Destination Clock Delay (DCD):    2.328ns
    Source Clock Delay      (SCD):    0.000ns
    Clock Pessimism Removal (CPR):    -0.000ns

    Location             Delay type                Incr(ns)  Path(ns)    Netlist Resource(s)
  -------------------------------------------------------------------    -------------------
    D19                                               0.000     0.000 f  btn_rst_raw (IN)
                         net (fo=0)                   0.000     0.000    btn_rst_raw
    D19                  IBUF (Prop_ibuf_I_O)         0.231     0.231 f  btn_rst_raw_IBUF_inst/O
                         net (fo=125, routed)         0.565     0.797    u_btn_mode/btn_rst_raw_IBUF
    SLICE_X108Y136       FDCE                                         f  u_btn_mode/cnt_reg[3]/CLR
  -------------------------------------------------------------------    -------------------

                         (clock sys_clk_pin rise edge)
                                                      0.000     0.000 r  
    H16                                               0.000     0.000 r  clk (IN)
                         net (fo=0)                   0.000     0.000    clk
    H16                  IBUF (Prop_ibuf_I_O)         0.406     0.406 r  clk_IBUF_inst/O
                         net (fo=1, routed)           0.907     1.313    clk_IBUF
    BUFGCTRL_X0Y16       BUFG (Prop_bufg_I_O)         0.029     1.342 r  clk_IBUF_BUFG_inst/O
                         net (fo=126, routed)         0.986     2.328    u_btn_mode/clk_IBUF_BUFG
    SLICE_X108Y136       FDCE                                         r  u_btn_mode/cnt_reg[3]/C

Slack:                    inf
  Source:                 btn_rst_raw
                            (input port)
  Destination:            y_hold_reg[3]/CLR
                            (removal check against rising-edge clock sys_clk_pin  {rise@0.000ns fall@4.000ns period=8.000ns})
  Path Group:             (none)
  Path Type:              Removal (Min at Fast Process Corner)
  Data Path Delay:        0.850ns  (logic 0.231ns (27.208%)  route 0.619ns (72.792%))
  Logic Levels:           1  (IBUF=1)
  Clock Path Skew:        2.328ns (DCD - SCD - CPR)
    Destination Clock Delay (DCD):    2.328ns
    Source Clock Delay      (SCD):    0.000ns
    Clock Pessimism Removal (CPR):    -0.000ns

    Location             Delay type                Incr(ns)  Path(ns)    Netlist Resource(s)
  -------------------------------------------------------------------    -------------------
    D19                                               0.000     0.000 f  btn_rst_raw (IN)
                         net (fo=0)                   0.000     0.000    btn_rst_raw
    D19                  IBUF (Prop_ibuf_I_O)         0.231     0.231 f  btn_rst_raw_IBUF_inst/O
                         net (fo=125, routed)         0.619     0.850    btn_rst_raw_IBUF
    SLICE_X108Y135       FDCE                                         f  y_hold_reg[3]/CLR
  -------------------------------------------------------------------    -------------------

                         (clock sys_clk_pin rise edge)
                                                      0.000     0.000 r  
    H16                                               0.000     0.000 r  clk (IN)
                         net (fo=0)                   0.000     0.000    clk
    H16                  IBUF (Prop_ibuf_I_O)         0.406     0.406 r  clk_IBUF_inst/O
                         net (fo=1, routed)           0.907     1.313    clk_IBUF
    BUFGCTRL_X0Y16       BUFG (Prop_bufg_I_O)         0.029     1.342 r  clk_IBUF_BUFG_inst/O
                         net (fo=126, routed)         0.986     2.328    clk_IBUF_BUFG
    SLICE_X108Y135       FDCE                                         r  y_hold_reg[3]/C

Slack:                    inf
  Source:                 sw[0]
                            (input port)
  Destination:            op_reg_reg[0]/D
                            (rising edge-triggered cell FDCE clocked by sys_clk_pin  {rise@0.000ns fall@4.000ns period=8.000ns})
  Path Group:             (none)
  Path Type:              Hold (Min at Fast Process Corner)
  Data Path Delay:        0.882ns  (logic 0.309ns (35.099%)  route 0.572ns (64.901%))
  Logic Levels:           1  (IBUF=1)
  Clock Path Skew:        2.300ns (DCD - SCD - CPR)
    Destination Clock Delay (DCD):    2.300ns
    Source Clock Delay      (SCD):    0.000ns
    Clock Pessimism Removal (CPR):    -0.000ns

    Location             Delay type                Incr(ns)  Path(ns)    Netlist Resource(s)
  -------------------------------------------------------------------    -------------------
    M20                                               0.000     0.000 r  sw[0] (IN)
                         net (fo=0)                   0.000     0.000    sw[0]
    M20                  IBUF (Prop_ibuf_I_O)         0.309     0.309 r  sw_IBUF[0]_inst/O
                         net (fo=12, routed)          0.572     0.882    sw_IBUF[0]
    SLICE_X105Y133       FDCE                                         r  op_reg_reg[0]/D
  -------------------------------------------------------------------    -------------------

                         (clock sys_clk_pin rise edge)
                                                      0.000     0.000 r  
    H16                                               0.000     0.000 r  clk (IN)
                         net (fo=0)                   0.000     0.000    clk
    H16                  IBUF (Prop_ibuf_I_O)         0.406     0.406 r  clk_IBUF_inst/O
                         net (fo=1, routed)           0.907     1.313    clk_IBUF
    BUFGCTRL_X0Y16       BUFG (Prop_bufg_I_O)         0.029     1.342 r  clk_IBUF_BUFG_inst/O
                         net (fo=126, routed)         0.958     2.300    clk_IBUF_BUFG
    SLICE_X105Y133       FDCE                                         r  op_reg_reg[0]/C

Slack:                    inf
  Source:                 btn_rst_raw
                            (input port)
  Destination:            u_alu/u_algorithm/u_div/y_reg[0]/CLR
                            (removal check against rising-edge clock sys_clk_pin  {rise@0.000ns fall@4.000ns period=8.000ns})
  Path Group:             (none)
  Path Type:              Removal (Min at Fast Process Corner)
  Data Path Delay:        0.898ns  (logic 0.231ns (25.763%)  route 0.667ns (74.237%))
  Logic Levels:           1  (IBUF=1)
  Clock Path Skew:        2.305ns (DCD - SCD - CPR)
    Destination Clock Delay (DCD):    2.305ns
    Source Clock Delay      (SCD):    0.000ns
    Clock Pessimism Removal (CPR):    -0.000ns

    Location             Delay type                Incr(ns)  Path(ns)    Netlist Resource(s)
  -------------------------------------------------------------------    -------------------
    D19                                               0.000     0.000 f  btn_rst_raw (IN)
                         net (fo=0)                   0.000     0.000    btn_rst_raw
    D19                  IBUF (Prop_ibuf_I_O)         0.231     0.231 f  btn_rst_raw_IBUF_inst/O
                         net (fo=125, routed)         0.667     0.898    u_alu/u_algorithm/u_div/btn_rst_raw_IBUF
    SLICE_X103Y141       FDCE                                         f  u_alu/u_algorithm/u_div/y_reg[0]/CLR
  -------------------------------------------------------------------    -------------------

                         (clock sys_clk_pin rise edge)
                                                      0.000     0.000 r  
    H16                                               0.000     0.000 r  clk (IN)
                         net (fo=0)                   0.000     0.000    clk
    H16                  IBUF (Prop_ibuf_I_O)         0.406     0.406 r  clk_IBUF_inst/O
                         net (fo=1, routed)           0.907     1.313    clk_IBUF
    BUFGCTRL_X0Y16       BUFG (Prop_bufg_I_O)         0.029     1.342 r  clk_IBUF_BUFG_inst/O
                         net (fo=126, routed)         0.963     2.305    u_alu/u_algorithm/u_div/clk_IBUF_BUFG
    SLICE_X103Y141       FDCE                                         r  u_alu/u_algorithm/u_div/y_reg[0]/C

Slack:                    inf
  Source:                 sw[1]
                            (input port)
  Destination:            op_reg_reg[1]/D
                            (rising edge-triggered cell FDCE clocked by sys_clk_pin  {rise@0.000ns fall@4.000ns period=8.000ns})
  Path Group:             (none)
  Path Type:              Hold (Min at Fast Process Corner)
  Data Path Delay:        0.909ns  (logic 0.300ns (32.983%)  route 0.609ns (67.017%))
  Logic Levels:           1  (IBUF=1)
  Clock Path Skew:        2.300ns (DCD - SCD - CPR)
    Destination Clock Delay (DCD):    2.300ns
    Source Clock Delay      (SCD):    0.000ns
    Clock Pessimism Removal (CPR):    -0.000ns

    Location             Delay type                Incr(ns)  Path(ns)    Netlist Resource(s)
  -------------------------------------------------------------------    -------------------
    M19                                               0.000     0.000 r  sw[1] (IN)
                         net (fo=0)                   0.000     0.000    sw[1]
    M19                  IBUF (Prop_ibuf_I_O)         0.300     0.300 r  sw_IBUF[1]_inst/O
                         net (fo=3, routed)           0.609     0.909    sw_IBUF[1]
    SLICE_X105Y133       FDCE                                         r  op_reg_reg[1]/D
  -------------------------------------------------------------------    -------------------

                         (clock sys_clk_pin rise edge)
                                                      0.000     0.000 r  
    H16                                               0.000     0.000 r  clk (IN)
                         net (fo=0)                   0.000     0.000    clk
    H16                  IBUF (Prop_ibuf_I_O)         0.406     0.406 r  clk_IBUF_inst/O
                         net (fo=1, routed)           0.907     1.313    clk_IBUF
    BUFGCTRL_X0Y16       BUFG (Prop_bufg_I_O)         0.029     1.342 r  clk_IBUF_BUFG_inst/O
                         net (fo=126, routed)         0.958     2.300    clk_IBUF_BUFG
    SLICE_X105Y133       FDCE                                         r  op_reg_reg[1]/C

Slack:                    inf
  Source:                 btn_rst_raw
                            (input port)
  Destination:            y_hold_reg[10]/CLR
                            (removal check against rising-edge clock sys_clk_pin  {rise@0.000ns fall@4.000ns period=8.000ns})
  Path Group:             (none)
  Path Type:              Removal (Min at Fast Process Corner)
  Data Path Delay:        0.921ns  (logic 0.231ns (25.124%)  route 0.690ns (74.876%))
  Logic Levels:           1  (IBUF=1)
  Clock Path Skew:        2.328ns (DCD - SCD - CPR)
    Destination Clock Delay (DCD):    2.328ns
    Source Clock Delay      (SCD):    0.000ns
    Clock Pessimism Removal (CPR):    -0.000ns

    Location             Delay type                Incr(ns)  Path(ns)    Netlist Resource(s)
  -------------------------------------------------------------------    -------------------
    D19                                               0.000     0.000 f  btn_rst_raw (IN)
                         net (fo=0)                   0.000     0.000    btn_rst_raw
    D19                  IBUF (Prop_ibuf_I_O)         0.231     0.231 f  btn_rst_raw_IBUF_inst/O
                         net (fo=125, routed)         0.690     0.921    btn_rst_raw_IBUF
    SLICE_X107Y135       FDCE                                         f  y_hold_reg[10]/CLR
  -------------------------------------------------------------------    -------------------

                         (clock sys_clk_pin rise edge)
                                                      0.000     0.000 r  
    H16                                               0.000     0.000 r  clk (IN)
                         net (fo=0)                   0.000     0.000    clk
    H16                  IBUF (Prop_ibuf_I_O)         0.406     0.406 r  clk_IBUF_inst/O
                         net (fo=1, routed)           0.907     1.313    clk_IBUF
    BUFGCTRL_X0Y16       BUFG (Prop_bufg_I_O)         0.029     1.342 r  clk_IBUF_BUFG_inst/O
                         net (fo=126, routed)         0.986     2.328    clk_IBUF_BUFG
    SLICE_X107Y135       FDCE                                         r  y_hold_reg[10]/C





